YearMonthKey,MonthStart,ProductKey,LocationKey,UnitsOnHand,ReorderPoint,SafetyStock,InventoryValue
202401,2024-01-01,1,1,83,30,12,17120.41
202401,2024-01-01,2,1,65,30,10,27856.4
202401,2024-01-01,3,1,25,25,12,9207.25
202401,2024-01-01,4,1,51,25,15,18716.49
202401,2024-01-01,5,1,29,20,10,15447.72
202401,2024-01-01,6,1,51,20,10,11588.73
202401,2024-01-01,7,1,31,30,12,6195.04
202401,2024-01-01,8,1,76,35,10,23535.68
202401,2024-01-01,9,1,49,35,15,5280.24
202401,2024-01-01,10,1,54,30,18,24426.9
202401,2024-01-01,11,1,47,25,18,24927.86
202401,2024-01-01,12,1,35,30,18,2452.8
202401,2024-01-01,13,1,59,20,10,8262.95
202401,2024-01-01,14,1,84,25,18,7333.2
202401,2024-01-01,15,1,42,35,18,17619.42
202401,2024-01-01,16,1,36,35,12,9566.64
202401,2024-01-01,17,1,52,30,12,3135.6
202401,2024-01-01,18,1,56,30,15,22926.96
202401,2024-01-01,19,1,50,30,18,12153.0
202401,2024-01-01,20,1,78,25,15,49466.82
202401,2024-01-01,21,1,50,20,15,20103.5
202401,2024-01-01,22,1,74,25,18,6119.06
202401,2024-01-01,23,1,48,20,15,30081.12
202401,2024-01-01,24,1,42,35,12,10658.76
202401,2024-01-01,25,1,50,25,10,24251.5
202401,2024-01-01,26,1,70,20,15,13808.9
202401,2024-01-01,27,1,46,35,18,16073.32
202401,2024-01-01,28,1,51,25,12,29101.62
202401,2024-01-01,29,1,70,30,15,4482.8
202401,2024-01-01,30,1,47,25,12,22426.99
202401,2024-01-01,31,1,93,35,18,8664.81
202401,2024-01-01,32,1,55,35,15,10662.3
202401,2024-01-01,33,1,67,35,10,39223.14
202401,2024-01-01,34,1,62,20,18,24587.34
202401,2024-01-01,35,1,42,35,12,11132.1
202401,2024-01-01,36,1,49,25,15,6721.82
202401,2024-01-01,37,1,44,20,10,12197.68
202401,2024-01-01,38,1,48,30,18,8312.16
202401,2024-01-01,39,1,68,35,15,18885.64
202401,2024-01-01,40,1,42,20,10,14568.54
202401,2024-01-01,41,1,65,35,12,10073.7
202401,2024-01-01,42,1,77,30,15,6183.1
202401,2024-01-01,43,1,82,35,15,23338.84
202401,2024-01-01,44,1,54,20,18,3364.74
202401,2024-01-01,45,1,59,20,12,7697.73
202401,2024-01-01,46,1,57,30,15,6972.81
202401,2024-01-01,47,1,61,20,18,32416.62
202401,2024-01-01,48,1,80,35,15,30899.2
202401,2024-01-01,49,1,83,20,12,50106.27
202401,2024-01-01,50,1,53,20,18,13570.65
202401,2024-01-01,51,1,75,30,15,6840.75
202401,2024-01-01,52,1,68,30,12,40141.08
202401,2024-01-01,53,1,40,25,18,17664.8
202401,2024-01-01,54,1,75,20,10,7476.75
202401,2024-01-01,55,1,98,20,12,34868.4
202401,2024-01-01,56,1,93,30,18,31683.24
202401,2024-01-01,57,1,48,35,12,21909.6
202401,2024-01-01,58,1,49,25,15,18293.66
202401,2024-01-01,59,1,89,30,12,9204.38
202401,2024-01-01,60,1,54,35,15,18925.92
202401,2024-01-01,61,1,57,30,18,26854.98
202401,2024-01-01,62,1,98,30,18,14493.22
202401,2024-01-01,63,1,72,20,15,23083.2
202401,2024-01-01,64,1,76,30,10,24996.4
202401,2024-01-01,65,1,80,35,15,25464.0
202401,2024-01-01,66,1,89,20,18,51758.84
202401,2024-01-01,67,1,58,30,12,7240.14
202401,2024-01-01,68,1,52,20,18,22242.48
202401,2024-01-01,69,1,97,25,18,38522.58
202401,2024-01-01,70,1,88,25,12,40317.2
202401,2024-01-01,71,1,80,20,10,29614.4
202401,2024-01-01,72,1,46,25,10,16859.92
202401,2024-01-01,73,1,71,35,15,19176.39
202401,2024-01-01,74,1,52,35,12,21793.2
202401,2024-01-01,75,1,66,35,12,11594.88
202401,2024-01-01,76,1,56,35,18,24503.92
202401,2024-01-01,77,1,75,20,12,7517.25
202401,2024-01-01,78,1,52,25,15,18978.44
202401,2024-01-01,79,1,71,35,18,14999.46
202401,2024-01-01,80,1,87,30,12,39594.57
202401,2024-01-01,81,1,82,35,15,18229.42
202401,2024-01-01,82,1,74,30,15,35054.54
202401,2024-01-01,83,1,82,35,12,33555.22
202401,2024-01-01,84,1,66,25,15,28726.5
202401,2024-01-01,85,1,82,30,12,15512.76
202401,2024-01-01,86,1,100,30,15,57195.0
202401,2024-01-01,87,1,84,25,18,38841.6
202401,2024-01-01,88,1,96,30,18,14883.84
202401,2024-01-01,89,1,80,30,15,11662.4
202401,2024-01-01,90,1,95,30,10,34126.85
202401,2024-01-01,91,1,92,35,18,41789.16
202401,2024-01-01,92,1,65,30,12,26452.4
202401,2024-01-01,93,1,71,30,10,23297.94
202401,2024-01-01,94,1,69,30,10,24606.09
202401,2024-01-01,95,1,78,30,18,13782.6
202401,2024-01-01,96,1,48,30,18,8857.44
202401,2024-01-01,97,1,53,25,12,20566.65
202401,2024-01-01,98,1,82,30,15,26320.36
202401,2024-01-01,99,1,51,25,10,21087.48
202401,2024-01-01,100,1,72,25,12,26520.48
202401,2024-01-01,1,2,36,20,12,7425.72
202401,2024-01-01,2,2,58,25,10,24856.48
202401,2024-01-01,3,2,27,20,18,9943.83
202401,2024-01-01,4,2,51,30,18,18716.49
202401,2024-01-01,5,2,15,20,12,7990.2
202401,2024-01-01,6,2,82,20,12,18632.86
202401,2024-01-01,7,2,29,35,18,5795.36
202401,2024-01-01,8,2,62,35,12,19200.16
202401,2024-01-01,9,2,50,30,15,5388.0
202401,2024-01-01,10,2,50,30,10,22617.5
202401,2024-01-01,11,2,48,20,12,25458.24
202401,2024-01-01,12,2,66,20,12,4625.28
202401,2024-01-01,13,2,58,35,12,8122.9
202401,2024-01-01,14,2,36,20,18,3142.8
202401,2024-01-01,15,2,71,35,12,29785.21
202401,2024-01-01,16,2,52,30,10,13818.48
202401,2024-01-01,17,2,64,20,15,3859.2
202401,2024-01-01,18,2,27,20,15,11054.07
202401,2024-01-01,19,2,89,30,18,21632.34
202401,2024-01-01,20,2,28,35,12,17757.32
202401,2024-01-01,21,2,32,35,15,12866.24
202401,2024-01-01,22,2,36,25,10,2976.84
202401,2024-01-01,23,2,68,30,12,42614.92
202401,2024-01-01,24,2,51,35,15,12942.78
202401,2024-01-01,25,2,86,25,10,41712.58
202401,2024-01-01,26,2,63,30,15,12428.01
202401,2024-01-01,27,2,45,25,12,15723.9
202401,2024-01-01,28,2,66,35,18,37660.92
202401,2024-01-01,29,2,55,30,10,3522.2
202401,2024-01-01,30,2,33,35,10,15746.61
202401,2024-01-01,31,2,25,25,12,2329.25
202401,2024-01-01,32,2,42,35,15,8142.12
202401,2024-01-01,33,2,62,25,10,36296.04
202401,2024-01-01,34,2,36,30,18,14276.52
202401,2024-01-01,35,2,49,25,18,12987.45
202401,2024-01-01,36,2,49,30,15,6721.82
202401,2024-01-01,37,2,0,30,10,0.0
202401,2024-01-01,38,2,74,30,15,12814.58
202401,2024-01-01,39,2,34,25,10,9442.82
202401,2024-01-01,40,2,72,20,18,24974.64
202401,2024-01-01,41,2,80,30,12,12398.4
202401,2024-01-01,42,2,76,35,15,6102.8
202401,2024-01-01,43,2,82,20,15,23338.84
202401,2024-01-01,44,2,68,30,12,4237.08
202401,2024-01-01,45,2,70,25,12,9132.9
202401,2024-01-01,46,2,63,35,12,7706.79
202401,2024-01-01,47,2,70,35,15,37199.4
202401,2024-01-01,48,2,48,35,18,18539.52
202401,2024-01-01,49,2,76,25,12,45880.44
202401,2024-01-01,50,2,55,20,18,14082.75
202401,2024-01-01,51,2,65,30,10,5928.65
202401,2024-01-01,52,2,67,20,10,39550.77
202401,2024-01-01,53,2,90,25,12,39745.8
202401,2024-01-01,54,2,85,25,15,8473.65
202401,2024-01-01,55,2,66,35,10,23482.8
202401,2024-01-01,56,2,52,25,18,17715.36
202401,2024-01-01,57,2,85,20,18,38798.25
202401,2024-01-01,58,2,72,20,18,26880.48
202401,2024-01-01,59,2,80,25,18,8273.6
202401,2024-01-01,60,2,79,35,10,27687.92
202401,2024-01-01,61,2,71,35,15,33450.94
202401,2024-01-01,62,2,83,20,18,12274.87
202401,2024-01-01,63,2,91,30,10,29174.6
202401,2024-01-01,64,2,46,25,10,15129.4
202401,2024-01-01,65,2,88,20,18,28010.4
202401,2024-01-01,66,2,74,30,10,43035.44
202401,2024-01-01,67,2,64,20,10,7989.12
202401,2024-01-01,68,2,40,35,10,17109.6
202401,2024-01-01,69,2,63,30,18,25019.82
202401,2024-01-01,70,2,96,25,12,43982.4
202401,2024-01-01,71,2,75,35,15,27763.5
202401,2024-01-01,72,2,111,35,18,40683.72
202401,2024-01-01,73,2,121,35,18,32680.89
202401,2024-01-01,74,2,79,20,12,33108.9
202401,2024-01-01,75,2,84,30,10,14757.12
202401,2024-01-01,76,2,86,25,18,37631.02
202401,2024-01-01,77,2,109,25,12,10925.07
202401,2024-01-01,78,2,88,20,10,32117.36
202401,2024-01-01,79,2,33,30,18,6971.58
202401,2024-01-01,80,2,85,35,18,38684.35
202401,2024-01-01,81,2,117,25,12,26010.27
202401,2024-01-01,82,2,25,35,15,11842.75
202401,2024-01-01,83,2,66,25,15,27007.86
202401,2024-01-01,84,2,101,25,10,43960.25
202401,2024-01-01,85,2,98,20,18,18539.64
202401,2024-01-01,86,2,84,20,12,48043.8
202401,2024-01-01,87,2,96,25,10,44390.4
202401,2024-01-01,88,2,76,20,10,11783.04
202401,2024-01-01,89,2,90,35,10,13120.2
202401,2024-01-01,90,2,72,25,10,25864.56
202401,2024-01-01,91,2,64,35,18,29070.72
202401,2024-01-01,92,2,99,25,12,40289.04
202401,2024-01-01,93,2,76,20,12,24938.64
202401,2024-01-01,94,2,49,30,12,17473.89
202401,2024-01-01,95,2,72,30,15,12722.4
202401,2024-01-01,96,2,72,25,15,13286.16
202401,2024-01-01,97,2,84,25,12,32596.2
202401,2024-01-01,98,2,64,35,15,20542.72
202401,2024-01-01,99,2,105,30,10,43415.4
202401,2024-01-01,100,2,75,25,18,27625.5
202401,2024-01-01,1,3,43,35,10,8869.61
202401,2024-01-01,2,3,59,30,18,25285.04
202401,2024-01-01,3,3,44,30,18,16204.76
202401,2024-01-01,4,3,60,35,12,22019.4
202401,2024-01-01,5,3,40,30,18,21307.2
202401,2024-01-01,6,3,72,25,18,16360.56
202401,2024-01-01,7,3,42,25,12,8393.28
202401,2024-01-01,8,3,49,30,12,15174.32
202401,2024-01-01,9,3,48,35,10,5172.48
202401,2024-01-01,10,3,61,35,18,27593.35
202401,2024-01-01,11,3,58,25,18,30762.04
202401,2024-01-01,12,3,51,25,15,3574.08
202401,2024-01-01,13,3,47,25,15,6582.35
202401,2024-01-01,14,3,36,20,18,3142.8
202401,2024-01-01,15,3,22,30,10,9229.22
202401,2024-01-01,16,3,82,25,10,21790.68
202401,2024-01-01,17,3,36,30,18,2170.8
202401,2024-01-01,18,3,17,20,10,6959.97
202401,2024-01-01,19,3,82,25,12,19930.92
202401,2024-01-01,20,3,40,35,12,25367.6
202401,2024-01-01,21,3,56,30,15,22515.92
202401,2024-01-01,22,3,59,20,12,4878.71
202401,2024-01-01,23,3,48,25,10,30081.12
202401,2024-01-01,24,3,24,35,12,6090.72
202401,2024-01-01,25,3,57,25,18,27646.71
202401,2024-01-01,26,3,43,25,15,8482.61
202401,2024-01-01,27,3,21,30,18,7337.82
202401,2024-01-01,28,3,43,35,15,24536.66
202401,2024-01-01,29,3,42,30,15,2689.68
202401,2024-01-01,30,3,95,30,18,45331.15
202401,2024-01-01,31,3,34,35,10,3167.78
202401,2024-01-01,32,3,45,35,15,8723.7
202401,2024-01-01,33,3,38,25,15,22245.96
202401,2024-01-01,34,3,55,30,18,21811.35
202401,2024-01-01,35,3,35,20,12,9276.75
202401,2024-01-01,36,3,61,25,10,8367.98
202401,2024-01-01,37,3,41,30,18,11366.02
202401,2024-01-01,38,3,57,30,12,9870.69
202401,2024-01-01,39,3,62,25,15,17219.26
202401,2024-01-01,40,3,41,25,18,14221.67
202401,2024-01-01,41,3,76,25,18,11778.48
202401,2024-01-01,42,3,56,30,15,4496.8
202401,2024-01-01,43,3,60,35,18,17077.2
202401,2024-01-01,44,3,69,35,12,4299.39
202401,2024-01-01,45,3,89,30,12,11611.83
202401,2024-01-01,46,3,55,25,18,6728.15
202401,2024-01-01,47,3,95,25,10,50484.9
202401,2024-01-01,48,3,88,20,10,33989.12
202401,2024-01-01,49,3,78,20,10,47087.82
202401,2024-01-01,50,3,77,35,12,19715.85
202401,2024-01-01,51,3,88,25,10,8026.48
202401,2024-01-01,52,3,41,25,10,24202.71
202401,2024-01-01,53,3,77,25,18,34004.74
202401,2024-01-01,54,3,43,30,10,4286.67
202401,2024-01-01,55,3,67,35,18,23838.6
202401,2024-01-01,56,3,77,20,10,26232.36
202401,2024-01-01,57,3,88,35,10,40167.6
202401,2024-01-01,58,3,93,20,15,34720.62
202401,2024-01-01,59,3,83,30,10,8583.86
202401,2024-01-01,60,3,73,35,12,25585.04
202401,2024-01-01,61,3,64,20,10,30152.96
202401,2024-01-01,62,3,80,25,12,11831.2
202401,2024-01-01,63,3,57,25,15,18274.2
202401,2024-01-01,64,3,86,30,15,28285.4
202401,2024-01-01,65,3,69,35,10,21962.7
202401,2024-01-01,66,3,57,30,18,33148.92
202401,2024-01-01,67,3,72,35,12,8987.76
202401,2024-01-01,68,3,57,25,15,24381.18
202401,2024-01-01,69,3,80,20,10,31771.2
202401,2024-01-01,70,3,79,20,18,36193.85
202401,2024-01-01,71,3,93,35,18,34426.74
202401,2024-01-01,72,3,64,35,10,23457.28
202401,2024-01-01,73,3,69,20,12,18636.21
202401,2024-01-01,74,3,61,20,18,25565.1
202401,2024-01-01,75,3,50,35,15,8784.0
202401,2024-01-01,76,3,75,20,10,32817.75
202401,2024-01-01,77,3,59,25,12,5913.57
202401,2024-01-01,78,3,82,35,15,29927.54
202401,2024-01-01,79,3,94,20,10,19858.44
202401,2024-01-01,80,3,82,30,10,37319.02
202401,2024-01-01,81,3,89,25,15,19785.59
202401,2024-01-01,82,3,68,20,12,32212.28
202401,2024-01-01,83,3,68,25,18,27826.28
202401,2024-01-01,84,3,79,20,15,34384.75
202401,2024-01-01,85,3,93,25,12,17593.74
202401,2024-01-01,86,3,58,35,15,33173.1
202401,2024-01-01,87,3,58,35,12,26819.2
202401,2024-01-01,88,3,99,20,15,15348.96
202401,2024-01-01,89,3,69,20,10,10058.82
202401,2024-01-01,90,3,64,35,12,22990.72
202401,2024-01-01,91,3,44,20,15,19986.12
202401,2024-01-01,92,3,70,35,15,28487.2
202401,2024-01-01,93,3,87,20,15,28548.18
202401,2024-01-01,94,3,61,35,18,21753.21
202401,2024-01-01,95,3,82,25,15,14489.4
202401,2024-01-01,96,3,57,35,18,10518.21
202401,2024-01-01,97,3,67,25,18,25999.35
202401,2024-01-01,98,3,97,20,15,31135.06
202401,2024-01-01,99,3,109,25,10,45069.32
202401,2024-01-01,100,3,72,20,15,26520.48
202401,2024-01-01,1,4,44,25,18,9075.88
202401,2024-01-01,2,4,55,25,18,23570.8
202401,2024-01-01,3,4,58,30,15,21360.82
202401,2024-01-01,4,4,75,20,10,27524.25
202401,2024-01-01,5,4,27,20,15,14382.36
202401,2024-01-01,6,4,11,35,15,2499.53
202401,2024-01-01,7,4,46,30,10,9192.64
202401,2024-01-01,8,4,30,25,10,9290.4
202401,2024-01-01,9,4,39,25,18,4202.64
202401,2024-01-01,10,4,61,35,18,27593.35
202401,2024-01-01,11,4,33,20,10,17502.54
202401,2024-01-01,12,4,61,20,15,4274.88
202401,2024-01-01,13,4,27,20,15,3781.35
202401,2024-01-01,14,4,65,35,10,5674.5
202401,2024-01-01,15,4,56,30,18,23492.56
202401,2024-01-01,16,4,31,35,10,8237.94
202401,2024-01-01,17,4,78,25,12,4703.4
202401,2024-01-01,18,4,57,35,12,23336.37
202401,2024-01-01,19,4,27,25,15,6562.62
202401,2024-01-01,20,4,35,30,15,22196.65
202401,2024-01-01,21,4,73,35,12,29351.11
202401,2024-01-01,22,4,40,20,12,3307.6
202401,2024-01-01,23,4,76,35,15,47628.44
202401,2024-01-01,24,4,30,35,15,7613.4
202401,2024-01-01,25,4,18,35,10,8730.54
202401,2024-01-01,26,4,54,30,15,10652.58
202401,2024-01-01,27,4,53,25,18,18519.26
202401,2024-01-01,28,4,52,25,18,29672.24
202401,2024-01-01,29,4,58,20,12,3714.32
202401,2024-01-01,30,4,65,30,10,31016.05
202401,2024-01-01,31,4,40,35,15,3726.8
202401,2024-01-01,32,4,59,35,15,11437.74
202401,2024-01-01,33,4,54,35,15,31612.68
202401,2024-01-01,34,4,43,35,12,17052.51
202401,2024-01-01,35,4,56,30,15,14842.8
202401,2024-01-01,36,4,63,25,18,8642.34
202401,2024-01-01,37,4,51,30,12,14138.22
202401,2024-01-01,38,4,24,35,15,4156.08
202401,2024-01-01,39,4,57,30,18,15830.61
202401,2024-01-01,40,4,64,25,15,22199.68
202401,2024-01-01,41,4,83,35,15,12863.34
202401,2024-01-01,42,4,87,35,15,6986.1
202401,2024-01-01,43,4,73,20,12,20777.26
202401,2024-01-01,44,4,99,25,10,6168.69
202401,2024-01-01,45,4,76,35,12,9915.72
202401,2024-01-01,46,4,83,35,15,10153.39
202401,2024-01-01,47,4,92,20,18,48890.64
202401,2024-01-01,48,4,60,35,12,23174.4
202401,2024-01-01,49,4,78,30,12,47087.82
202401,2024-01-01,50,4,79,30,12,20227.95
202401,2024-01-01,51,4,88,35,18,8026.48
202401,2024-01-01,52,4,100,20,18,59031.0
202401,2024-01-01,53,4,44,35,18,19431.28
202401,2024-01-01,54,4,25,35,10,2492.25
202401,2024-01-01,55,4,85,30,10,30243.0
202401,2024-01-01,56,4,64,20,12,21803.52
202401,2024-01-01,57,4,51,30,12,23278.95
202401,2024-01-01,58,4,53,20,18,19787.02
202401,2024-01-01,59,4,60,30,18,6205.2
202401,2024-01-01,60,4,30,20,10,10514.4
202401,2024-01-01,61,4,85,20,15,40046.9
202401,2024-01-01,62,4,63,25,12,9317.07
202401,2024-01-01,63,4,62,35,15,19877.2
202401,2024-01-01,64,4,82,35,18,26969.8
202401,2024-01-01,65,4,88,25,15,28010.4
202401,2024-01-01,66,4,33,20,18,19191.48
202401,2024-01-01,67,4,81,20,15,10111.23
202401,2024-01-01,68,4,89,35,10,38068.86
202401,2024-01-01,69,4,82,20,12,32565.48
202401,2024-01-01,70,4,82,30,15,37568.3
202401,2024-01-01,71,4,52,30,18,19249.36
202401,2024-01-01,72,4,80,25,18,29321.6
202401,2024-01-01,73,4,46,30,18,12424.14
202401,2024-01-01,74,4,112,20,18,46939.2
202401,2024-01-01,75,4,79,35,15,13878.72
202401,2024-01-01,76,4,112,20,15,49007.84
202401,2024-01-01,77,4,58,20,10,5813.34
202401,2024-01-01,78,4,80,20,15,29197.6
202401,2024-01-01,79,4,41,20,12,8661.66
202401,2024-01-01,80,4,78,25,12,35498.58
202401,2024-01-01,81,4,80,25,15,17784.8
202401,2024-01-01,82,4,77,35,18,36475.67
202401,2024-01-01,83,4,78,25,18,31918.38
202401,2024-01-01,84,4,64,25,12,27856.0
202401,2024-01-01,85,4,54,35,18,10215.72
202401,2024-01-01,86,4,77,20,12,44040.15
202401,2024-01-01,87,4,53,35,18,24507.2
202401,2024-01-01,88,4,82,35,10,12713.28
202401,2024-01-01,89,4,55,25,12,8017.9
202401,2024-01-01,90,4,79,30,10,28379.17
202401,2024-01-01,91,4,84,20,12,38155.32
202401,2024-01-01,92,4,74,30,15,30115.04
202401,2024-01-01,93,4,53,25,18,17391.42
202401,2024-01-01,94,4,72,20,15,25675.92
202401,2024-01-01,95,4,85,35,15,15019.5
202401,2024-01-01,96,4,59,35,18,10887.27
202401,2024-01-01,97,4,91,20,15,35312.55
202401,2024-01-01,98,4,66,30,18,21184.68
202401,2024-01-01,99,4,82,25,15,33905.36
202401,2024-01-01,100,4,84,20,12,30940.56
202401,2024-01-01,1,5,46,30,10,9488.42
202401,2024-01-01,2,5,52,25,15,22285.12
202401,2024-01-01,3,5,56,20,12,20624.24
202401,2024-01-01,4,5,61,30,12,22386.39
202401,2024-01-01,5,5,20,35,18,10653.6
202401,2024-01-01,6,5,89,25,18,20223.47
202401,2024-01-01,7,5,49,35,12,9792.16
202401,2024-01-01,8,5,55,35,12,17032.4
202401,2024-01-01,9,5,73,25,18,7866.48
202401,2024-01-01,10,5,30,30,12,13570.5
202401,2024-01-01,11,5,62,25,15,32883.56
202401,2024-01-01,12,5,62,35,10,4344.96
202401,2024-01-01,13,5,47,30,10,6582.35
202401,2024-01-01,14,5,49,35,12,4277.7
202401,2024-01-01,15,5,62,25,18,26009.62
202401,2024-01-01,16,5,46,35,18,12224.04
202401,2024-01-01,17,5,45,35,18,2713.5
202401,2024-01-01,18,5,47,35,18,19242.27
202401,2024-01-01,19,5,65,25,10,15798.9
202401,2024-01-01,20,5,46,20,12,29172.74
202401,2024-01-01,21,5,59,30,10,23722.13
202401,2024-01-01,22,5,54,30,12,4465.26
202401,2024-01-01,23,5,48,30,12,30081.12
202401,2024-01-01,24,5,42,35,18,10658.76
202401,2024-01-01,25,5,82,20,10,39772.46
202401,2024-01-01,26,5,65,30,15,12822.55
202401,2024-01-01,27,5,53,20,18,18519.26
202401,2024-01-01,28,5,25,25,18,14265.5
202401,2024-01-01,29,5,49,20,12,3137.96
202401,2024-01-01,30,5,62,30,10,29584.54
202401,2024-01-01,31,5,27,35,15,2515.59
202401,2024-01-01,32,5,36,30,10,6978.96
202401,2024-01-01,33,5,76,35,10,44491.92
202401,2024-01-01,34,5,82,25,12,32518.74
202401,2024-01-01,35,5,56,30,18,14842.8
202401,2024-01-01,36,5,33,25,12,4526.94
202401,2024-01-01,37,5,22,25,12,6098.84
202401,2024-01-01,38,5,56,20,15,9697.52
202401,2024-01-01,39,5,15,30,12,4165.95
202401,2024-01-01,40,5,59,30,15,20465.33
202401,2024-01-01,41,5,75,30,15,11623.5
202401,2024-01-01,42,5,36,20,12,2890.8
202401,2024-01-01,43,5,49,35,10,13946.38
202401,2024-01-01,44,5,78,30,12,4860.18
202401,2024-01-01,45,5,95,25,12,12394.65
202401,2024-01-01,46,5,87,25,15,10642.71
202401,2024-01-01,47,5,58,25,18,30822.36
202401,2024-01-01,48,5,80,35,12,30899.2
202401,2024-01-01,49,5,50,30,18,30184.5
202401,2024-01-01,50,5,106,35,18,27141.3
202401,2024-01-01,51,5,63,20,10,5746.23
202401,2024-01-01,52,5,72,35,15,42502.32
202401,2024-01-01,53,5,75,30,18,33121.5
202401,2024-01-01,54,5,72,35,15,7177.68
202401,2024-01-01,55,5,53,20,10,18857.4
202401,2024-01-01,56,5,82,35,15,27935.76
202401,2024-01-01,57,5,94,20,18,42906.3
202401,2024-01-01,58,5,60,25,18,22400.4
202401,2024-01-01,59,5,64,25,18,6618.88
202401,2024-01-01,60,5,72,30,15,25234.56
202401,2024-01-01,61,5,74,30,15,34864.36
202401,2024-01-01,62,5,39,25,18,5767.71
202401,2024-01-01,63,5,54,30,10,17312.4
202401,2024-01-01,64,5,54,20,10,17760.6
202401,2024-01-01,65,5,69,35,10,21962.7
202401,2024-01-01,66,5,77,20,12,44780.12
202401,2024-01-01,67,5,53,35,18,6615.99
202401,2024-01-01,68,5,91,20,18,38924.34
202401,2024-01-01,69,5,86,25,12,34154.04
202401,2024-01-01,70,5,88,30,12,40317.2
202401,2024-01-01,71,5,92,30,10,34056.56
202401,2024-01-01,72,5,85,30,15,31154.2
202401,2024-01-01,73,5,54,20,15,14584.86
202401,2024-01-01,74,5,57,25,10,23888.7
202401,2024-01-01,75,5,46,35,15,8081.28
202401,2024-01-01,76,5,68,25,18,29754.76
202401,2024-01-01,77,5,69,20,10,6915.87
202401,2024-01-01,78,5,88,20,12,32117.36
202401,2024-01-01,79,5,88,35,10,18590.88
202401,2024-01-01,80,5,59,25,12,26851.49
202401,2024-01-01,81,5,94,35,10,20897.14
202401,2024-01-01,82,5,75,20,15,35528.25
202401,2024-01-01,83,5,100,20,18,40921.0
202401,2024-01-01,84,5,85,25,18,36996.25
202401,2024-01-01,85,5,66,20,12,12485.88
202401,2024-01-01,86,5,65,35,10,37176.75
202401,2024-01-01,87,5,70,20,10,32368.0
202401,2024-01-01,88,5,81,30,15,12558.24
202401,2024-01-01,89,5,66,30,12,9621.48
202401,2024-01-01,90,5,30,35,12,10776.9
202401,2024-01-01,91,5,72,25,10,32704.56
202401,2024-01-01,92,5,105,20,12,42730.8
202401,2024-01-01,93,5,65,35,15,21329.1
202401,2024-01-01,94,5,53,25,12,18900.33
202401,2024-01-01,95,5,47,35,18,8304.9
202401,2024-01-01,96,5,59,25,10,10887.27
202401,2024-01-01,97,5,75,20,12,29103.75
202401,2024-01-01,98,5,69,20,18,22147.62
202401,2024-01-01,99,5,76,30,18,31424.48
202401,2024-01-01,100,5,55,30,12,20258.7
202401,2024-01-01,1,6,58,25,15,11963.66
202401,2024-01-01,2,6,64,20,12,27427.84
202401,2024-01-01,3,6,60,30,10,22097.4
202401,2024-01-01,4,6,25,30,12,9174.75
202401,2024-01-01,5,6,43,25,18,22905.24
202401,2024-01-01,6,6,90,30,10,20450.7
202401,2024-01-01,7,6,43,25,18,8593.12
202401,2024-01-01,8,6,33,35,10,10219.44
202401,2024-01-01,9,6,29,25,18,3125.04
202401,2024-01-01,10,6,31,20,10,14022.85
202401,2024-01-01,11,6,50,30,15,26519.0
202401,2024-01-01,12,6,53,25,18,3714.24
202401,2024-01-01,13,6,58,35,15,8122.9
202401,2024-01-01,14,6,57,25,18,4976.1
202401,2024-01-01,15,6,41,20,10,17199.91
202401,2024-01-01,16,6,25,20,10,6643.5
202401,2024-01-01,17,6,40,30,12,2412.0
202401,2024-01-01,18,6,48,20,10,19651.68
202401,2024-01-01,19,6,18,35,15,4375.08
202401,2024-01-01,20,6,49,35,18,31075.31
202401,2024-01-01,21,6,61,35,10,24526.27
202401,2024-01-01,22,6,79,25,15,6532.51
202401,2024-01-01,23,6,68,20,15,42614.92
202401,2024-01-01,24,6,58,20,12,14719.24
202401,2024-01-01,25,6,25,25,15,12125.75
202401,2024-01-01,26,6,80,35,10,15781.6
202401,2024-01-01,27,6,67,30,18,23411.14
202401,2024-01-01,28,6,66,25,10,37660.92
202401,2024-01-01,29,6,38,25,10,2433.52
202401,2024-01-01,30,6,95,35,10,45331.15
202401,2024-01-01,31,6,23,35,10,2142.91
202401,2024-01-01,32,6,36,30,12,6978.96
202401,2024-01-01,33,6,62,20,10,36296.04
202401,2024-01-01,34,6,53,25,10,21018.21
202401,2024-01-01,35,6,44,25,18,11662.2
202401,2024-01-01,36,6,50,30,15,6859.0
202401,2024-01-01,37,6,38,25,15,10534.36
202401,2024-01-01,38,6,72,25,15,12468.24
202401,2024-01-01,39,6,62,20,10,17219.26
202401,2024-01-01,40,6,39,30,18,13527.93
202401,2024-01-01,41,6,68,30,10,10538.64
202401,2024-01-01,42,6,68,30,10,5460.4
202401,2024-01-01,43,6,87,35,18,24761.94
202401,2024-01-01,44,6,87,30,10,5420.97
202401,2024-01-01,45,6,78,35,12,10176.66
202401,2024-01-01,46,6,100,30,12,12233.0
202401,2024-01-01,47,6,111,30,10,58987.62
202401,2024-01-01,48,6,93,20,12,35920.32
202401,2024-01-01,49,6,79,20,10,47691.51
202401,2024-01-01,50,6,84,20,12,21508.2
202401,2024-01-01,51,6,73,20,18,6658.33
202401,2024-01-01,52,6,50,30,18,29515.5
202401,2024-01-01,53,6,92,25,12,40629.04
202401,2024-01-01,54,6,77,20,18,7676.13
202401,2024-01-01,55,6,50,25,15,17790.0
202401,2024-01-01,56,6,62,25,18,21122.16
202401,2024-01-01,57,6,78,30,15,35603.1
202401,2024-01-01,58,6,42,20,15,15680.28
202401,2024-01-01,59,6,62,20,10,6412.04
202401,2024-01-01,60,6,69,25,12,24183.12
202401,2024-01-01,61,6,78,20,18,36748.92
202401,2024-01-01,62,6,72,20,18,10648.08
202401,2024-01-01,63,6,63,30,15,20197.8
202401,2024-01-01,64,6,80,30,10,26312.0
202401,2024-01-01,65,6,63,35,10,20052.9
202401,2024-01-01,66,6,59,30,12,34312.04
202401,2024-01-01,67,6,77,30,15,9611.91
202401,2024-01-01,68,6,64,25,18,27375.36
202401,2024-01-01,69,6,105,30,18,41699.7
202401,2024-01-01,70,6,72,25,12,32986.8
202401,2024-01-01,71,6,70,25,10,25912.6
202401,2024-01-01,72,6,81,35,10,29688.12
202401,2024-01-01,73,6,75,25,15,20256.75
202401,2024-01-01,74,6,90,20,15,37719.0
202401,2024-01-01,75,6,62,20,18,10892.16
202401,2024-01-01,76,6,66,30,10,28879.62
202401,2024-01-01,77,6,88,25,12,8820.24
202401,2024-01-01,78,6,58,35,18,21168.26
202401,2024-01-01,79,6,90,20,12,19013.4
202401,2024-01-01,80,6,73,30,10,33223.03
202401,2024-01-01,81,6,84,20,12,18674.04
202401,2024-01-01,82,6,50,35,15,23685.5
202401,2024-01-01,83,6,70,35,10,28644.7
202401,2024-01-01,84,6,63,20,12,27420.75
202401,2024-01-01,85,6,46,35,10,8702.28
202401,2024-01-01,86,6,86,20,18,49187.7
202401,2024-01-01,87,6,82,25,12,37916.8
202401,2024-01-01,88,6,72,30,15,11162.88
202401,2024-01-01,89,6,76,30,18,11079.28
202401,2024-01-01,90,6,66,30,15,23709.18
202401,2024-01-01,91,6,88,35,15,39972.24
202401,2024-01-01,92,6,98,25,10,39882.08
202401,2024-01-01,93,6,93,25,12,30517.02
202401,2024-01-01,94,6,85,20,12,30311.85
202401,2024-01-01,95,6,97,20,12,17139.9
202401,2024-01-01,96,6,54,35,18,9964.62
202401,2024-01-01,97,6,87,30,18,33760.35
202401,2024-01-01,98,6,98,20,15,31456.04
202401,2024-01-01,99,6,72,25,18,29770.56
202401,2024-01-01,100,6,91,30,18,33518.94
202402,2024-02-01,1,1,76,30,10,15676.52
202402,2024-02-01,2,1,43,20,12,18428.08
202402,2024-02-01,3,1,46,30,10,16941.34
202402,2024-02-01,4,1,45,25,15,16514.55
202402,2024-02-01,5,1,74,25,10,39418.32
202402,2024-02-01,6,1,58,25,15,13179.34
202402,2024-02-01,7,1,39,35,10,7793.76
202402,2024-02-01,8,1,51,30,15,15793.68
202402,2024-02-01,9,1,74,25,10,7974.24
202402,2024-02-01,10,1,37,35,18,16736.95
202402,2024-02-01,11,1,37,25,10,19624.06
202402,2024-02-01,12,1,70,35,10,4905.6
202402,2024-02-01,13,1,91,25,10,12744.55
202402,2024-02-01,14,1,75,20,10,6547.5
202402,2024-02-01,15,1,37,25,12,15521.87
202402,2024-02-01,16,1,30,25,18,7972.2
202402,2024-02-01,17,1,51,30,10,3075.3
202402,2024-02-01,18,1,31,30,10,12691.71
202402,2024-02-01,19,1,43,20,10,10451.58
202402,2024-02-01,20,1,59,25,18,37417.21
202402,2024-02-01,21,1,23,25,10,9247.61
202402,2024-02-01,22,1,48,30,10,3969.12
202402,2024-02-01,23,1,57,20,18,35721.33
202402,2024-02-01,24,1,45,20,12,11420.1
202402,2024-02-01,25,1,77,35,18,37347.31
202402,2024-02-01,26,1,53,35,10,10455.31
202402,2024-02-01,27,1,68,35,18,23760.56
202402,2024-02-01,28,1,51,25,15,29101.62
202402,2024-02-01,29,1,47,25,12,3009.88
202402,2024-02-01,30,1,54,30,15,25767.18
202402,2024-02-01,31,1,73,35,12,6801.41
202402,2024-02-01,32,1,68,20,12,13182.48
202402,2024-02-01,33,1,66,30,18,38637.72
202402,2024-02-01,34,1,55,35,18,21811.35
202402,2024-02-01,35,1,45,20,10,11927.25
202402,2024-02-01,36,1,53,30,18,7270.54
202402,2024-02-01,37,1,46,25,18,12752.12
202402,2024-02-01,38,1,59,25,12,10217.03
202402,2024-02-01,39,1,65,20,18,18052.45
202402,2024-02-01,40,1,26,30,18,9018.62
202402,2024-02-01,41,1,78,35,15,12088.44
202402,2024-02-01,42,1,92,30,18,7387.6
202402,2024-02-01,43,1,70,30,12,19923.4
202402,2024-02-01,44,1,67,20,15,4174.77
202402,2024-02-01,45,1,56,25,10,7306.32
202402,2024-02-01,46,1,33,30,10,4036.89
202402,2024-02-01,47,1,55,35,15,29228.1
202402,2024-02-01,48,1,76,25,12,29354.24
202402,2024-02-01,49,1,59,20,12,35617.71
202402,2024-02-01,50,1,95,25,15,24324.75
202402,2024-02-01,51,1,77,20,12,7023.17
202402,2024-02-01,52,1,40,35,15,23612.4
202402,2024-02-01,53,1,112,25,12,49461.44
202402,2024-02-01,54,1,90,25,15,8972.1
202402,2024-02-01,55,1,43,30,10,15299.4
202402,2024-02-01,56,1,81,30,12,27595.08
202402,2024-02-01,57,1,134,25,18,61164.3
202402,2024-02-01,58,1,80,30,12,29867.2
202402,2024-02-01,59,1,85,35,10,8790.7
202402,2024-02-01,60,1,26,20,10,9112.48
202402,2024-02-01,61,1,90,25,12,42402.6
202402,2024-02-01,62,1,117,20,18,17303.13
202402,2024-02-01,63,1,68,20,15,21800.8
202402,2024-02-01,64,1,79,25,12,25983.1
202402,2024-02-01,65,1,85,30,12,27055.5
202402,2024-02-01,66,1,75,30,10,43617.0
202402,2024-02-01,67,1,38,20,12,4743.54
202402,2024-02-01,68,1,76,25,10,32508.24
202402,2024-02-01,69,1,64,30,10,25416.96
202402,2024-02-01,70,1,67,30,18,30696.05
202402,2024-02-01,71,1,68,20,15,25172.24
202402,2024-02-01,72,1,112,30,15,41050.24
202402,2024-02-01,73,1,54,25,12,14584.86
202402,2024-02-01,74,1,76,35,18,31851.6
202402,2024-02-01,75,1,55,30,12,9662.4
202402,2024-02-01,76,1,76,30,12,33255.32
202402,2024-02-01,77,1,74,25,18,7417.02
202402,2024-02-01,78,1,58,30,15,21168.26
202402,2024-02-01,79,1,59,25,12,12464.34
202402,2024-02-01,80,1,97,20,18,44145.67
202402,2024-02-01,81,1,78,20,12,17340.18
202402,2024-02-01,82,1,85,30,12,40265.35
202402,2024-02-01,83,1,47,20,18,19232.87
202402,2024-02-01,84,1,101,25,15,43960.25
202402,2024-02-01,85,1,72,20,12,13620.96
202402,2024-02-01,86,1,72,30,15,41180.4
202402,2024-02-01,87,1,66,25,10,30518.4
202402,2024-02-01,88,1,86,30,18,13333.44
202402,2024-02-01,89,1,83,20,15,12099.74
202402,2024-02-01,90,1,77,25,12,27660.71
202402,2024-02-01,91,1,98,20,15,44514.54
202402,2024-02-01,92,1,67,30,10,27266.32
202402,2024-02-01,93,1,41,20,10,13453.74
202402,2024-02-01,94,1,99,35,18,35304.39
202402,2024-02-01,95,1,58,35,12,10248.6
202402,2024-02-01,96,1,46,35,18,8488.38
202402,2024-02-01,97,1,46,35,15,17850.3
202402,2024-02-01,98,1,90,35,10,28888.2
202402,2024-02-01,99,1,100,35,12,41348.0
202402,2024-02-01,100,1,74,25,18,27257.16
202402,2024-02-01,1,2,43,20,10,8869.61
202402,2024-02-01,2,2,85,30,10,36427.6
202402,2024-02-01,3,2,58,30,15,21360.82
202402,2024-02-01,4,2,59,20,10,21652.41
202402,2024-02-01,5,2,51,30,12,27166.68
202402,2024-02-01,6,2,49,35,12,11134.27
202402,2024-02-01,7,2,78,20,10,15587.52
202402,2024-02-01,8,2,42,30,18,13006.56
202402,2024-02-01,9,2,41,20,18,4418.16
202402,2024-02-01,10,2,78,25,18,35283.3
202402,2024-02-01,11,2,35,25,10,18563.3
202402,2024-02-01,12,2,64,20,15,4485.12
202402,2024-02-01,13,2,63,25,12,8823.15
202402,2024-02-01,14,2,46,35,15,4015.8
202402,2024-02-01,15,2,72,30,15,30204.72
202402,2024-02-01,16,2,64,25,10,17007.36
202402,2024-02-01,17,2,63,20,18,3798.9
202402,2024-02-01,18,2,57,35,12,23336.37
202402,2024-02-01,19,2,48,20,15,11666.88
202402,2024-02-01,20,2,44,20,18,27904.36
202402,2024-02-01,21,2,69,20,15,27742.83
202402,2024-02-01,22,2,50,35,12,4134.5
202402,2024-02-01,23,2,41,20,10,25694.29
202402,2024-02-01,24,2,42,25,12,10658.76
202402,2024-02-01,25,2,46,30,10,22311.38
202402,2024-02-01,26,2,32,35,10,6312.64
202402,2024-02-01,27,2,51,30,18,17820.42
202402,2024-02-01,28,2,49,35,18,27960.38
202402,2024-02-01,29,2,36,30,10,2305.44
202402,2024-02-01,30,2,53,35,12,25290.01
202402,2024-02-01,31,2,43,30,18,4006.31
202402,2024-02-01,32,2,48,30,12,9305.28
202402,2024-02-01,33,2,91,35,10,53273.22
202402,2024-02-01,34,2,81,30,18,32122.17
202402,2024-02-01,35,2,51,35,15,13517.55
202402,2024-02-01,36,2,22,25,15,3017.96
202402,2024-02-01,37,2,61,20,12,16910.42
202402,2024-02-01,38,2,55,20,10,9524.35
202402,2024-02-01,39,2,37,30,18,10276.01
202402,2024-02-01,40,2,30,25,10,10406.1
202402,2024-02-01,41,2,55,35,18,8523.9
202402,2024-02-01,42,2,88,35,12,7066.4
202402,2024-02-01,43,2,57,35,15,16223.34
202402,2024-02-01,44,2,81,20,18,5047.11
202402,2024-02-01,45,2,94,20,12,12264.18
202402,2024-02-01,46,2,103,20,18,12599.99
202402,2024-02-01,47,2,75,25,12,39856.5
202402,2024-02-01,48,2,51,25,12,19698.24
202402,2024-02-01,49,2,87,25,10,52521.03
202402,2024-02-01,50,2,64,35,10,16387.2
202402,2024-02-01,51,2,60,35,12,5472.6
202402,2024-02-01,52,2,50,25,15,29515.5
202402,2024-02-01,53,2,52,30,10,22964.24
202402,2024-02-01,54,2,72,20,18,7177.68
202402,2024-02-01,55,2,76,35,15,27040.8
202402,2024-02-01,56,2,54,30,18,18396.72
202402,2024-02-01,57,2,47,20,18,21453.15
202402,2024-02-01,58,2,53,20,18,19787.02
202402,2024-02-01,59,2,61,25,12,6308.62
202402,2024-02-01,60,2,63,20,10,22080.24
202402,2024-02-01,61,2,45,20,15,21201.3
202402,2024-02-01,62,2,82,30,18,12126.98
202402,2024-02-01,63,2,95,30,18,30457.0
202402,2024-02-01,64,2,46,35,18,15129.4
202402,2024-02-01,65,2,78,20,12,24827.4
202402,2024-02-01,66,2,63,30,18,36638.28
202402,2024-02-01,67,2,43,25,18,5367.69
202402,2024-02-01,68,2,85,20,18,36357.9
202402,2024-02-01,69,2,71,30,12,28196.94
202402,2024-02-01,70,2,78,20,18,35735.7
202402,2024-02-01,71,2,77,30,15,28503.86
202402,2024-02-01,72,2,89,20,15,32620.28
202402,2024-02-01,73,2,81,30,15,21877.29
202402,2024-02-01,74,2,85,30,18,35623.5
202402,2024-02-01,75,2,63,20,12,11067.84
202402,2024-02-01,76,2,77,25,15,33692.89
202402,2024-02-01,77,2,109,35,15,10925.07
202402,2024-02-01,78,2,75,30,18,27372.75
202402,2024-02-01,79,2,61,20,12,12886.86
202402,2024-02-01,80,2,91,35,12,41415.01
202402,2024-02-01,81,2,83,35,18,18451.73
202402,2024-02-01,82,2,88,30,10,41686.48
202402,2024-02-01,83,2,45,25,10,18414.45
202402,2024-02-01,84,2,57,30,18,24809.25
202402,2024-02-01,85,2,61,25,10,11539.98
202402,2024-02-01,86,2,61,25,12,34888.95
202402,2024-02-01,87,2,87,25,10,40228.8
202402,2024-02-01,88,2,67,25,10,10387.68
202402,2024-02-01,89,2,49,35,10,7143.22
202402,2024-02-01,90,2,73,30,12,26223.79
202402,2024-02-01,91,2,82,30,15,37246.86
202402,2024-02-01,92,2,74,35,18,30115.04
202402,2024-02-01,93,2,101,20,10,33142.14
202402,2024-02-01,94,2,68,25,15,24249.48
202402,2024-02-01,95,2,73,35,18,12899.1
202402,2024-02-01,96,2,60,25,18,11071.8
202402,2024-02-01,97,2,43,30,15,16686.15
202402,2024-02-01,98,2,89,25,15,28567.22
202402,2024-02-01,99,2,61,20,15,25222.28
202402,2024-02-01,100,2,124,20,18,45674.16
202402,2024-02-01,1,3,59,20,12,12169.93
202402,2024-02-01,2,3,52,25,12,22285.12
202402,2024-02-01,3,3,65,25,12,23938.85
202402,2024-02-01,4,3,36,30,18,13211.64
202402,2024-02-01,5,3,96,20,10,51137.28
202402,2024-02-01,6,3,85,35,12,19314.55
202402,2024-02-01,7,3,24,25,10,4796.16
202402,2024-02-01,8,3,81,25,15,25084.08
202402,2024-02-01,9,3,62,30,15,6681.12
202402,2024-02-01,10,3,79,35,18,35735.65
202402,2024-02-01,11,3,68,30,18,36065.84
202402,2024-02-01,12,3,58,30,12,4064.64
202402,2024-02-01,13,3,57,35,15,7982.85
202402,2024-02-01,14,3,71,35,10,6198.3
202402,2024-02-01,15,3,46,20,15,19297.46
202402,2024-02-01,16,3,41,30,15,10895.34
202402,2024-02-01,17,3,74,20,18,4462.2
202402,2024-02-01,18,3,53,20,15,21698.73
202402,2024-02-01,19,3,73,30,15,17743.38
202402,2024-02-01,20,3,41,30,15,26001.79
202402,2024-02-01,21,3,60,30,12,24124.2
202402,2024-02-01,22,3,97,25,12,8020.93
202402,2024-02-01,23,3,53,20,18,33214.57
202402,2024-02-01,24,3,29,30,12,7359.62
202402,2024-02-01,25,3,60,20,18,29101.8
202402,2024-02-01,26,3,70,30,15,13808.9
202402,2024-02-01,27,3,36,35,18,12579.12
202402,2024-02-01,28,3,79,35,10,45078.98
202402,2024-02-01,29,3,75,25,15,4803.0
202402,2024-02-01,30,3,58,25,18,27675.86
202402,2024-02-01,31,3,45,30,15,4192.65
202402,2024-02-01,32,3,50,25,12,9693.0
202402,2024-02-01,33,3,34,30,10,19904.28
202402,2024-02-01,34,3,50,35,12,19828.5
202402,2024-02-01,35,3,39,30,12,10336.95
202402,2024-02-01,36,3,63,30,10,8642.34
202402,2024-02-01,37,3,65,25,15,18019.3
202402,2024-02-01,38,3,34,25,15,5887.78
202402,2024-02-01,39,3,74,35,15,20552.02
202402,2024-02-01,40,3,76,30,15,26362.12
202402,2024-02-01,41,3,28,30,18,4339.44
202402,2024-02-01,42,3,71,20,18,5701.3
202402,2024-02-01,43,3,72,20,10,20492.64
202402,2024-02-01,44,3,51,35,12,3177.81
202402,2024-02-01,45,3,95,20,18,12394.65
202402,2024-02-01,46,3,79,30,18,9664.07
202402,2024-02-01,47,3,56,20,12,29759.52
202402,2024-02-01,48,3,71,25,12,27423.04
202402,2024-02-01,49,3,110,30,18,66405.9
202402,2024-02-01,50,3,92,35,12,23556.6
202402,2024-02-01,51,3,26,30,12,2371.46
202402,2024-02-01,52,3,68,20,18,40141.08
202402,2024-02-01,53,3,92,30,12,40629.04
202402,2024-02-01,54,3,53,30,10,5283.57
202402,2024-02-01,55,3,71,20,18,25261.8
202402,2024-02-01,56,3,77,30,12,26232.36
202402,2024-02-01,57,3,60,25,12,27387.0
202402,2024-02-01,58,3,70,35,10,26133.8
202402,2024-02-01,59,3,73,25,18,7549.66
202402,2024-02-01,60,3,64,35,18,22430.72
202402,2024-02-01,61,3,48,35,18,22614.72
202402,2024-02-01,62,3,28,35,10,4140.92
202402,2024-02-01,63,3,40,20,12,12824.0
202402,2024-02-01,64,3,83,30,10,27298.7
202402,2024-02-01,65,3,85,30,12,27055.5
202402,2024-02-01,66,3,58,20,10,33730.48
202402,2024-02-01,67,3,57,25,12,7115.31
202402,2024-02-01,68,3,93,30,15,39779.82
202402,2024-02-01,69,3,73,25,10,28991.22
202402,2024-02-01,70,3,87,35,15,39859.05
202402,2024-02-01,71,3,93,25,10,34426.74
202402,2024-02-01,72,3,75,20,15,27489.0
202402,2024-02-01,73,3,81,30,18,21877.29
202402,2024-02-01,74,3,52,30,18,21793.2
202402,2024-02-01,75,3,28,25,15,4919.04
202402,2024-02-01,76,3,52,35,15,22753.64
202402,2024-02-01,77,3,72,25,12,7216.56
202402,2024-02-01,78,3,89,35,10,32482.33
202402,2024-02-01,79,3,45,25,12,9506.7
202402,2024-02-01,80,3,64,25,12,29127.04
202402,2024-02-01,81,3,57,20,12,12671.67
202402,2024-02-01,82,3,61,20,15,28896.31
202402,2024-02-01,83,3,71,20,18,29053.91
202402,2024-02-01,84,3,71,30,10,30902.75
202402,2024-02-01,85,3,91,20,10,17215.38
202402,2024-02-01,86,3,87,20,10,49759.65
202402,2024-02-01,87,3,75,20,18,34680.0
202402,2024-02-01,88,3,59,35,18,9147.36
202402,2024-02-01,89,3,105,20,15,15306.9
202402,2024-02-01,90,3,81,35,12,29097.63
202402,2024-02-01,91,3,91,25,10,41334.93
202402,2024-02-01,92,3,84,30,18,34184.64
202402,2024-02-01,93,3,81,20,15,26579.34
202402,2024-02-01,94,3,82,25,18,29242.02
202402,2024-02-01,95,3,70,20,10,12369.0
202402,2024-02-01,96,3,69,30,10,12732.57
202402,2024-02-01,97,3,65,20,18,25223.25
202402,2024-02-01,98,3,38,25,12,12197.24
202402,2024-02-01,99,3,79,30,12,32664.92
202402,2024-02-01,100,3,62,30,18,22837.08
202402,2024-02-01,1,4,50,30,12,10313.5
202402,2024-02-01,2,4,74,20,18,31713.44
202402,2024-02-01,3,4,51,25,18,18782.79
202402,2024-02-01,4,4,34,30,12,12477.66
202402,2024-02-01,5,4,84,20,10,44745.12
202402,2024-02-01,6,4,32,20,10,7271.36
202402,2024-02-01,7,4,57,35,12,11390.88
202402,2024-02-01,8,4,31,20,10,9600.08
202402,2024-02-01,9,4,51,20,15,5495.76
202402,2024-02-01,10,4,54,25,18,24426.9
202402,2024-02-01,11,4,77,30,15,40839.26
202402,2024-02-01,12,4,51,35,10,3574.08
202402,2024-02-01,13,4,92,20,12,12884.6
202402,2024-02-01,14,4,45,20,15,3928.5
202402,2024-02-01,15,4,58,30,15,24331.58
202402,2024-02-01,16,4,87,35,10,23119.38
202402,2024-02-01,17,4,94,20,10,5668.2
202402,2024-02-01,18,4,63,20,12,25792.83
202402,2024-02-01,19,4,34,25,15,8264.04
202402,2024-02-01,20,4,74,30,18,46930.06
202402,2024-02-01,21,4,78,30,10,31361.46
202402,2024-02-01,22,4,57,30,15,4713.33
202402,2024-02-01,23,4,64,25,10,40108.16
202402,2024-02-01,24,4,49,35,18,12435.22
202402,2024-02-01,25,4,86,35,15,41712.58
202402,2024-02-01,26,4,72,35,18,14203.44
202402,2024-02-01,27,4,43,35,12,15025.06
202402,2024-02-01,28,4,43,20,12,24536.66
202402,2024-02-01,29,4,50,20,12,3202.0
202402,2024-02-01,30,4,52,20,18,24812.84
202402,2024-02-01,31,4,31,35,18,2888.27
202402,2024-02-01,32,4,60,25,18,11631.6
202402,2024-02-01,33,4,35,30,10,20489.7
202402,2024-02-01,34,4,73,25,18,28949.61
202402,2024-02-01,35,4,32,35,10,8481.6
202402,2024-02-01,36,4,75,35,18,10288.5
202402,2024-02-01,37,4,28,20,10,7762.16
202402,2024-02-01,38,4,87,30,15,15065.79
202402,2024-02-01,39,4,69,20,12,19163.37
202402,2024-02-01,40,4,57,30,10,19771.59
202402,2024-02-01,41,4,90,35,12,13948.2
202402,2024-02-01,42,4,83,35,15,6664.9
202402,2024-02-01,43,4,58,35,12,16507.96
202402,2024-02-01,44,4,100,20,10,6231.0
202402,2024-02-01,45,4,80,25,18,10437.6
202402,2024-02-01,46,4,53,35,12,6483.49
202402,2024-02-01,47,4,100,20,18,53142.0
202402,2024-02-01,48,4,51,30,12,19698.24
202402,2024-02-01,49,4,62,30,15,37428.78
202402,2024-02-01,50,4,91,20,12,23300.55
202402,2024-02-01,51,4,88,35,18,8026.48
202402,2024-02-01,52,4,74,25,10,43682.94
202402,2024-02-01,53,4,95,35,18,41953.9
202402,2024-02-01,54,4,52,35,10,5183.88
202402,2024-02-01,55,4,62,35,18,22059.6
202402,2024-02-01,56,4,69,30,10,23506.92
202402,2024-02-01,57,4,65,35,10,29669.25
202402,2024-02-01,58,4,87,20,18,32480.58
202402,2024-02-01,59,4,58,35,10,5998.36
202402,2024-02-01,60,4,54,20,10,18925.92
202402,2024-02-01,61,4,52,30,12,24499.28
202402,2024-02-01,62,4,59,35,15,8725.51
202402,2024-02-01,63,4,72,30,10,23083.2
202402,2024-02-01,64,4,102,25,18,33547.8
202402,2024-02-01,65,4,42,30,18,13368.6
202402,2024-02-01,66,4,59,30,18,34312.04
202402,2024-02-01,67,4,73,20,10,9112.59
202402,2024-02-01,68,4,58,25,10,24808.92
202402,2024-02-01,69,4,54,30,15,21445.56
202402,2024-02-01,70,4,65,30,15,29779.75
202402,2024-02-01,71,4,69,20,10,25542.42
202402,2024-02-01,72,4,96,25,18,35185.92
202402,2024-02-01,73,4,67,25,18,18096.03
202402,2024-02-01,74,4,44,20,15,18440.4
202402,2024-02-01,75,4,63,25,12,11067.84
202402,2024-02-01,76,4,81,20,18,35443.17
202402,2024-02-01,77,4,64,25,18,6414.72
202402,2024-02-01,78,4,74,25,15,27007.78
202402,2024-02-01,79,4,69,20,18,14576.94
202402,2024-02-01,80,4,34,20,10,15473.74
202402,2024-02-01,81,4,87,35,18,19340.97
202402,2024-02-01,82,4,42,25,18,19895.82
202402,2024-02-01,83,4,91,20,10,37238.11
202402,2024-02-01,84,4,72,35,18,31338.0
202402,2024-02-01,85,4,97,25,12,18350.46
202402,2024-02-01,86,4,51,25,10,29169.45
202402,2024-02-01,87,4,99,35,15,45777.6
202402,2024-02-01,88,4,72,35,18,11162.88
202402,2024-02-01,89,4,99,25,15,14432.22
202402,2024-02-01,90,4,36,35,15,12932.28
202402,2024-02-01,91,4,79,30,18,35884.17
202402,2024-02-01,92,4,101,25,12,41102.96
202402,2024-02-01,93,4,68,35,15,22313.52
202402,2024-02-01,94,4,68,30,12,24249.48
202402,2024-02-01,95,4,74,25,12,13075.8
202402,2024-02-01,96,4,72,30,15,13286.16
202402,2024-02-01,97,4,65,25,12,25223.25
202402,2024-02-01,98,4,68,30,10,21826.64
202402,2024-02-01,99,4,46,30,18,19020.08
202402,2024-02-01,100,4,103,35,15,37939.02
202402,2024-02-01,1,5,38,35,10,7838.26
202402,2024-02-01,2,5,73,20,10,31284.88
202402,2024-02-01,3,5,69,35,12,25412.01
202402,2024-02-01,4,5,67,20,10,24588.33
202402,2024-02-01,5,5,41,25,15,21839.88
202402,2024-02-01,6,5,79,25,15,17951.17
202402,2024-02-01,7,5,74,30,12,14788.16
202402,2024-02-01,8,5,86,20,15,26632.48
202402,2024-02-01,9,5,29,25,10,3125.04
202402,2024-02-01,10,5,23,30,18,10404.05
202402,2024-02-01,11,5,94,20,12,49855.72
202402,2024-02-01,12,5,97,35,12,6797.76
202402,2024-02-01,13,5,69,30,10,9663.45
202402,2024-02-01,14,5,57,35,18,4976.1
202402,2024-02-01,15,5,43,35,15,18038.93
202402,2024-02-01,16,5,68,20,10,18070.32
202402,2024-02-01,17,5,49,30,12,2954.7
202402,2024-02-01,18,5,34,35,12,13919.94
202402,2024-02-01,19,5,39,30,12,9479.34
202402,2024-02-01,20,5,22,25,15,13952.18
202402,2024-02-01,21,5,48,35,12,19299.36
202402,2024-02-01,22,5,10,20,12,826.9
202402,2024-02-01,23,5,63,25,10,39481.47
202402,2024-02-01,24,5,59,35,10,14973.02
202402,2024-02-01,25,5,69,35,15,33467.07
202402,2024-02-01,26,5,49,30,12,9666.23
202402,2024-02-01,27,5,71,25,15,24808.82
202402,2024-02-01,28,5,74,20,15,42225.88
202402,2024-02-01,29,5,32,35,12,2049.28
202402,2024-02-01,30,5,68,20,12,32447.56
202402,2024-02-01,31,5,85,30,10,7919.45
202402,2024-02-01,32,5,44,30,18,8529.84
202402,2024-02-01,33,5,71,30,10,41564.82
202402,2024-02-01,34,5,82,30,12,32518.74
202402,2024-02-01,35,5,85,25,10,22529.25
202402,2024-02-01,36,5,51,25,18,6996.18
202402,2024-02-01,37,5,74,35,10,20514.28
202402,2024-02-01,38,5,76,30,12,13160.92
202402,2024-02-01,39,5,73,25,15,20274.29
202402,2024-02-01,40,5,77,30,15,26708.99
202402,2024-02-01,41,5,77,30,12,11933.46
202402,2024-02-01,42,5,32,35,10,2569.6
202402,2024-02-01,43,5,63,20,15,17931.06
202402,2024-02-01,44,5,67,35,12,4174.77
202402,2024-02-01,45,5,66,25,10,8611.02
202402,2024-02-01,46,5,49,30,18,5994.17
202402,2024-02-01,47,5,74,20,18,39325.08
202402,2024-02-01,48,5,94,30,15,36306.56
202402,2024-02-01,49,5,68,20,15,41050.92
202402,2024-02-01,50,5,62,35,18,15875.1
202402,2024-02-01,51,5,83,20,15,7570.43
202402,2024-02-01,52,5,82,25,15,48405.42
202402,2024-02-01,53,5,66,20,10,29146.92
202402,2024-02-01,54,5,46,25,10,4585.74
202402,2024-02-01,55,5,64,20,12,22771.2
202402,2024-02-01,56,5,56,25,18,19078.08
202402,2024-02-01,57,5,120,20,12,54774.0
202402,2024-02-01,58,5,68,35,10,25387.12
202402,2024-02-01,59,5,6,25,10,620.52
202402,2024-02-01,60,5,86,35,15,30141.28
202402,2024-02-01,61,5,76,20,10,35806.64
202402,2024-02-01,62,5,71,20,10,10500.19
202402,2024-02-01,63,5,75,25,15,24045.0
202402,2024-02-01,64,5,68,20,12,22365.2
202402,2024-02-01,65,5,70,30,18,22281.0
202402,2024-02-01,66,5,95,35,18,55248.2
202402,2024-02-01,67,5,81,35,18,10111.23
202402,2024-02-01,68,5,93,30,10,39779.82
202402,2024-02-01,69,5,85,35,10,33756.9
202402,2024-02-01,70,5,78,20,10,35735.7
202402,2024-02-01,71,5,81,20,10,29984.58
202402,2024-02-01,72,5,41,30,10,15027.32
202402,2024-02-01,73,5,55,30,15,14854.95
202402,2024-02-01,74,5,84,20,15,35204.4
202402,2024-02-01,75,5,98,35,18,17216.64
202402,2024-02-01,76,5,95,35,10,41569.15
202402,2024-02-01,77,5,86,35,12,8619.78
202402,2024-02-01,78,5,57,25,12,20803.29
202402,2024-02-01,79,5,87,35,15,18379.62
202402,2024-02-01,80,5,61,25,15,27761.71
202402,2024-02-01,81,5,64,30,10,14227.84
202402,2024-02-01,82,5,64,25,10,30317.44
202402,2024-02-01,83,5,92,20,10,37647.32
202402,2024-02-01,84,5,100,35,10,43525.0
202402,2024-02-01,85,5,55,30,12,10404.9
202402,2024-02-01,86,5,70,30,12,40036.5
202402,2024-02-01,87,5,57,35,12,26356.8
202402,2024-02-01,88,5,54,25,12,8372.16
202402,2024-02-01,89,5,58,25,15,8455.24
202402,2024-02-01,90,5,105,25,10,37719.15
202402,2024-02-01,91,5,75,25,10,34067.25
202402,2024-02-01,92,5,52,35,10,21161.92
202402,2024-02-01,93,5,78,30,10,25594.92
202402,2024-02-01,94,5,58,30,10,20683.38
202402,2024-02-01,95,5,69,25,18,12192.3
202402,2024-02-01,96,5,50,30,15,9226.5
202402,2024-02-01,97,5,24,25,12,9313.2
202402,2024-02-01,98,5,46,20,15,14765.08
202402,2024-02-01,99,5,67,20,12,27703.16
202402,2024-02-01,100,5,87,30,18,32045.58
202402,2024-02-01,1,6,61,35,15,12582.47
202402,2024-02-01,2,6,58,30,12,24856.48
202402,2024-02-01,3,6,50,30,15,18414.5
202402,2024-02-01,4,6,42,35,12,15413.58
202402,2024-02-01,5,6,76,20,15,40483.68
202402,2024-02-01,6,6,84,25,12,19087.32
202402,2024-02-01,7,6,40,35,15,7993.6
202402,2024-02-01,8,6,87,30,12,26942.16
202402,2024-02-01,9,6,10,30,18,1077.6
202402,2024-02-01,10,6,34,35,18,15379.9
202402,2024-02-01,11,6,107,30,15,56750.66
202402,2024-02-01,12,6,54,35,10,3784.32
202402,2024-02-01,13,6,40,25,10,5602.0
202402,2024-02-01,14,6,28,30,12,2444.4
202402,2024-02-01,15,6,87,25,15,36497.37
202402,2024-02-01,16,6,66,20,10,17538.84
202402,2024-02-01,17,6,29,20,10,1748.7
202402,2024-02-01,18,6,32,35,12,13101.12
202402,2024-02-01,19,6,23,20,15,5590.38
202402,2024-02-01,20,6,57,35,12,36148.83
202402,2024-02-01,21,6,66,30,18,26536.62
202402,2024-02-01,22,6,79,25,15,6532.51
202402,2024-02-01,23,6,71,25,18,44494.99
202402,2024-02-01,24,6,67,20,18,17003.26
202402,2024-02-01,25,6,47,30,10,22796.41
202402,2024-02-01,26,6,38,25,12,7496.26
202402,2024-02-01,27,6,59,25,18,20615.78
202402,2024-02-01,28,6,48,25,12,27389.76
202402,2024-02-01,29,6,76,25,18,4867.04
202402,2024-02-01,30,6,32,30,10,15269.44
202402,2024-02-01,31,6,34,25,18,3167.78
202402,2024-02-01,32,6,59,25,10,11437.74
202402,2024-02-01,33,6,30,30,15,17562.6
202402,2024-02-01,34,6,48,25,10,19035.36
202402,2024-02-01,35,6,57,25,15,15107.85
202402,2024-02-01,36,6,71,35,18,9739.78
202402,2024-02-01,37,6,54,35,10,14969.88
202402,2024-02-01,38,6,84,20,15,14546.28
202402,2024-02-01,39,6,85,20,15,23607.05
202402,2024-02-01,40,6,61,30,12,21159.07
202402,2024-02-01,41,6,83,35,18,12863.34
202402,2024-02-01,42,6,64,30,10,5139.2
202402,2024-02-01,43,6,47,30,18,13377.14
202402,2024-02-01,44,6,54,25,18,3364.74
202402,2024-02-01,45,6,47,30,15,6132.09
202402,2024-02-01,46,6,111,35,18,13578.63
202402,2024-02-01,47,6,83,20,12,44107.86
202402,2024-02-01,48,6,53,35,12,20470.72
202402,2024-02-01,49,6,39,25,10,23543.91
202402,2024-02-01,50,6,50,30,12,12802.5
202402,2024-02-01,51,6,40,25,12,3648.4
202402,2024-02-01,52,6,46,25,15,27154.26
202402,2024-02-01,53,6,66,20,12,29146.92
202402,2024-02-01,54,6,73,35,15,7277.37
202402,2024-02-01,55,6,66,20,18,23482.8
202402,2024-02-01,56,6,67,35,18,22825.56
202402,2024-02-01,57,6,90,25,12,41080.5
202402,2024-02-01,58,6,74,35,10,27627.16
202402,2024-02-01,59,6,87,25,10,8997.54
202402,2024-02-01,60,6,65,25,12,22781.2
202402,2024-02-01,61,6,61,25,10,28739.54
202402,2024-02-01,62,6,88,25,10,13014.32
202402,2024-02-01,63,6,68,25,15,21800.8
202402,2024-02-01,64,6,73,25,18,24009.7
202402,2024-02-01,65,6,65,20,15,20689.5
202402,2024-02-01,66,6,49,20,12,28496.44
202402,2024-02-01,67,6,72,35,18,8987.76
202402,2024-02-01,68,6,104,35,12,44484.96
202402,2024-02-01,69,6,39,25,18,15488.46
202402,2024-02-01,70,6,73,25,12,33444.95
202402,2024-02-01,71,6,61,30,12,22580.98
202402,2024-02-01,72,6,64,30,18,23457.28
202402,2024-02-01,73,6,81,20,12,21877.29
202402,2024-02-01,74,6,100,35,18,41910.0
202402,2024-02-01,75,6,49,25,10,8608.32
202402,2024-02-01,76,6,64,20,12,28004.48
202402,2024-02-01,77,6,59,35,12,5913.57
202402,2024-02-01,78,6,42,20,12,15328.74
202402,2024-02-01,79,6,91,35,10,19224.66
202402,2024-02-01,80,6,71,20,10,32312.81
202402,2024-02-01,81,6,80,35,12,17784.8
202402,2024-02-01,82,6,79,20,18,37423.09
202402,2024-02-01,83,6,79,35,15,32327.59
202402,2024-02-01,84,6,60,20,18,26115.0
202402,2024-02-01,85,6,64,25,18,12107.52
202402,2024-02-01,86,6,106,35,15,60626.7
202402,2024-02-01,87,6,56,20,18,25894.4
202402,2024-02-01,88,6,73,25,15,11317.92
202402,2024-02-01,89,6,55,35,12,8017.9
202402,2024-02-01,90,6,74,20,15,26583.02
202402,2024-02-01,91,6,93,35,15,42243.39
202402,2024-02-01,92,6,72,25,10,29301.12
202402,2024-02-01,93,6,73,20,10,23954.22
202402,2024-02-01,94,6,53,20,18,18900.33
202402,2024-02-01,95,6,85,25,15,15019.5
202402,2024-02-01,96,6,72,35,15,13286.16
202402,2024-02-01,97,6,62,20,12,24059.1
202402,2024-02-01,98,6,66,35,15,21184.68
202402,2024-02-01,99,6,78,30,18,32251.44
202402,2024-02-01,100,6,58,30,15,21363.72
202403,2024-03-01,1,1,37,35,12,7631.99
202403,2024-03-01,2,1,67,35,18,28713.52
202403,2024-03-01,3,1,43,25,15,15836.47
202403,2024-03-01,4,1,48,35,15,17615.52
202403,2024-03-01,5,1,35,30,15,18643.8
202403,2024-03-01,6,1,75,35,12,17042.25
202403,2024-03-01,7,1,76,20,12,15187.84
202403,2024-03-01,8,1,49,35,12,15174.32
202403,2024-03-01,9,1,42,20,12,4525.92
202403,2024-03-01,10,1,43,35,15,19451.05
202403,2024-03-01,11,1,47,20,12,24927.86
202403,2024-03-01,12,1,52,35,10,3644.16
202403,2024-03-01,13,1,54,20,12,7562.7
202403,2024-03-01,14,1,62,35,18,5412.6
202403,2024-03-01,15,1,79,20,10,33141.29
202403,2024-03-01,16,1,60,30,12,15944.4
202403,2024-03-01,17,1,93,30,10,5607.9
202403,2024-03-01,18,1,78,20,18,31933.98
202403,2024-03-01,19,1,48,35,15,11666.88
202403,2024-03-01,20,1,28,20,12,17757.32
202403,2024-03-01,21,1,60,35,18,24124.2
202403,2024-03-01,22,1,31,20,12,2563.39
202403,2024-03-01,23,1,20,30,12,12533.8
202403,2024-03-01,24,1,58,20,12,14719.24
202403,2024-03-01,25,1,65,25,10,31526.95
202403,2024-03-01,26,1,83,30,12,16373.41
202403,2024-03-01,27,1,23,20,12,8036.66
202403,2024-03-01,28,1,48,20,15,27389.76
202403,2024-03-01,29,1,87,35,15,5571.48
202403,2024-03-01,30,1,29,35,18,13837.93
202403,2024-03-01,31,1,93,25,10,8664.81
202403,2024-03-01,32,1,43,20,10,8335.98
202403,2024-03-01,33,1,47,30,15,27514.74
202403,2024-03-01,34,1,34,30,15,13483.38
202403,2024-03-01,35,1,55,25,12,14577.75
202403,2024-03-01,36,1,73,35,18,10014.14
202403,2024-03-01,37,1,44,20,15,12197.68
202403,2024-03-01,38,1,52,25,18,9004.84
202403,2024-03-01,39,1,46,20,10,12775.58
202403,2024-03-01,40,1,49,30,15,16996.63
202403,2024-03-01,41,1,39,20,15,6044.22
202403,2024-03-01,42,1,85,30,18,6825.5
202403,2024-03-01,43,1,66,35,18,18784.92
202403,2024-03-01,44,1,72,25,15,4486.32
202403,2024-03-01,45,1,63,35,18,8219.61
202403,2024-03-01,46,1,59,20,18,7217.47
202403,2024-03-01,47,1,94,20,15,49953.48
202403,2024-03-01,48,1,63,20,18,24333.12
202403,2024-03-01,49,1,76,25,12,45880.44
202403,2024-03-01,50,1,31,30,18,7937.55
202403,2024-03-01,51,1,69,30,10,6293.49
202403,2024-03-01,52,1,64,30,12,37779.84
202403,2024-03-01,53,1,82,30,10,36212.84
202403,2024-03-01,54,1,62,35,15,6180.78
202403,2024-03-01,55,1,89,20,12,31666.2
202403,2024-03-01,56,1,72,35,15,24528.96
202403,2024-03-01,57,1,76,30,12,34690.2
202403,2024-03-01,58,1,62,30,12,23147.08
202403,2024-03-01,59,1,65,25,18,6722.3
202403,2024-03-01,60,1,83,25,12,29089.84
202403,2024-03-01,61,1,43,25,15,20259.02
202403,2024-03-01,62,1,75,25,12,11091.75
202403,2024-03-01,63,1,96,25,12,30777.6
202403,2024-03-01,64,1,68,30,12,22365.2
202403,2024-03-01,65,1,39,20,10,12413.7
202403,2024-03-01,66,1,77,20,18,44780.12
202403,2024-03-01,67,1,96,20,10,11983.68
202403,2024-03-01,68,1,107,35,15,45768.18
202403,2024-03-01,69,1,106,30,18,42096.84
202403,2024-03-01,70,1,61,30,18,27947.15
202403,2024-03-01,71,1,84,25,15,31095.12
202403,2024-03-01,72,1,92,35,12,33719.84
202403,2024-03-01,73,1,87,25,10,23497.83
202403,2024-03-01,74,1,84,35,18,35204.4
202403,2024-03-01,75,1,61,20,15,10716.48
202403,2024-03-01,76,1,39,35,12,17065.23
202403,2024-03-01,77,1,105,35,10,10524.15
202403,2024-03-01,78,1,62,35,15,22628.14
202403,2024-03-01,79,1,86,20,10,18168.36
202403,2024-03-01,80,1,76,25,18,34588.36
202403,2024-03-01,81,1,56,20,15,12449.36
202403,2024-03-01,82,1,80,30,15,37896.8
202403,2024-03-01,83,1,83,25,15,33964.43
202403,2024-03-01,84,1,96,25,15,41784.0
202403,2024-03-01,85,1,82,35,15,15512.76
202403,2024-03-01,86,1,73,30,12,41752.35
202403,2024-03-01,87,1,41,35,18,18958.4
202403,2024-03-01,88,1,58,25,18,8992.32
202403,2024-03-01,89,1,45,30,15,6560.1
202403,2024-03-01,90,1,92,35,15,33049.16
202403,2024-03-01,91,1,76,35,12,34521.48
202403,2024-03-01,92,1,76,25,12,30928.96
202403,2024-03-01,93,1,44,20,15,14438.16
202403,2024-03-01,94,1,66,25,18,23536.26
202403,2024-03-01,95,1,81,35,12,14312.7
202403,2024-03-01,96,1,82,25,12,15131.46
202403,2024-03-01,97,1,83,35,10,32208.15
202403,2024-03-01,98,1,69,25,18,22147.62
202403,2024-03-01,99,1,62,35,12,25635.76
202403,2024-03-01,100,1,82,30,18,30203.88
202403,2024-03-01,1,2,56,30,15,11551.12
202403,2024-03-01,2,2,62,20,18,26570.72
202403,2024-03-01,3,2,68,20,12,25043.72
202403,2024-03-01,4,2,68,20,12,24955.32
202403,2024-03-01,5,2,58,30,18,30895.44
202403,2024-03-01,6,2,38,20,18,8634.74
202403,2024-03-01,7,2,49,30,15,9792.16
202403,2024-03-01,8,2,57,30,15,17651.76
202403,2024-03-01,9,2,31,30,15,3340.56
202403,2024-03-01,10,2,73,20,18,33021.55
202403,2024-03-01,11,2,39,20,15,20684.82
202403,2024-03-01,12,2,17,25,12,1191.36
202403,2024-03-01,13,2,61,30,15,8543.05
202403,2024-03-01,14,2,45,30,18,3928.5
202403,2024-03-01,15,2,42,35,10,17619.42
202403,2024-03-01,16,2,44,35,15,11692.56
202403,2024-03-01,17,2,72,35,12,4341.6
202403,2024-03-01,18,2,74,25,15,30296.34
202403,2024-03-01,19,2,46,35,18,11180.76
202403,2024-03-01,20,2,79,20,10,50101.01
202403,2024-03-01,21,2,44,25,15,17691.08
202403,2024-03-01,22,2,56,25,15,4630.64
202403,2024-03-01,23,2,46,30,15,28827.74
202403,2024-03-01,24,2,27,30,18,6852.06
202403,2024-03-01,25,2,74,30,18,35892.22
202403,2024-03-01,26,2,55,30,18,10849.85
202403,2024-03-01,27,2,50,35,12,17471.0
202403,2024-03-01,28,2,70,25,10,39943.4
202403,2024-03-01,29,2,52,25,12,3330.08
202403,2024-03-01,30,2,60,30,10,28630.2
202403,2024-03-01,31,2,43,25,12,4006.31
202403,2024-03-01,32,2,76,35,10,14733.36
202403,2024-03-01,33,2,30,20,10,17562.6
202403,2024-03-01,34,2,44,35,10,17449.08
202403,2024-03-01,35,2,48,20,18,12722.4
202403,2024-03-01,36,2,30,20,10,4115.4
202403,2024-03-01,37,2,66,30,12,18296.52
202403,2024-03-01,38,2,59,20,18,10217.03
202403,2024-03-01,39,2,66,30,12,18330.18
202403,2024-03-01,40,2,32,25,15,11099.84
202403,2024-03-01,41,2,47,35,12,7284.06
202403,2024-03-01,42,2,95,25,12,7628.5
202403,2024-03-01,43,2,71,20,10,20208.02
202403,2024-03-01,44,2,54,30,15,3364.74
202403,2024-03-01,45,2,79,35,18,10307.13
202403,2024-03-01,46,2,98,30,18,11988.34
202403,2024-03-01,47,2,113,25,12,60050.46
202403,2024-03-01,48,2,74,35,18,28581.76
202403,2024-03-01,49,2,66,30,15,39843.54
202403,2024-03-01,50,2,69,35,12,17667.45
202403,2024-03-01,51,2,68,20,18,6202.28
202403,2024-03-01,52,2,92,30,15,54308.52
202403,2024-03-01,53,2,81,35,15,35771.22
202403,2024-03-01,54,2,58,25,15,5782.02
202403,2024-03-01,55,2,84,20,10,29887.2
202403,2024-03-01,56,2,90,25,15,30661.2
202403,2024-03-01,57,2,49,30,18,22366.05
202403,2024-03-01,58,2,111,20,18,41440.74
202403,2024-03-01,59,2,81,35,15,8377.02
202403,2024-03-01,60,2,86,20,18,30141.28
202403,2024-03-01,61,2,100,30,12,47114.0
202403,2024-03-01,62,2,55,20,15,8133.95
202403,2024-03-01,63,2,76,25,18,24365.6
202403,2024-03-01,64,2,36,35,18,11840.4
202403,2024-03-01,65,2,108,25,12,34376.4
202403,2024-03-01,66,2,70,35,18,40709.2
202403,2024-03-01,67,2,91,25,15,11359.53
202403,2024-03-01,68,2,79,20,18,33791.46
202403,2024-03-01,69,2,67,25,15,26608.38
202403,2024-03-01,70,2,69,30,15,31612.35
202403,2024-03-01,71,2,85,35,12,31465.3
202403,2024-03-01,72,2,83,20,12,30421.16
202403,2024-03-01,73,2,43,25,15,11613.87
202403,2024-03-01,74,2,92,20,18,38557.2
202403,2024-03-01,75,2,69,35,15,12121.92
202403,2024-03-01,76,2,91,35,12,39818.87
202403,2024-03-01,77,2,78,30,10,7817.94
202403,2024-03-01,78,2,79,25,10,28832.63
202403,2024-03-01,79,2,71,20,12,14999.46
202403,2024-03-01,80,2,68,20,15,30947.48
202403,2024-03-01,81,2,66,30,12,14672.46
202403,2024-03-01,82,2,53,35,10,25106.63
202403,2024-03-01,83,2,71,25,10,29053.91
202403,2024-03-01,84,2,63,25,10,27420.75
202403,2024-03-01,85,2,79,35,12,14945.22
202403,2024-03-01,86,2,87,30,18,49759.65
202403,2024-03-01,87,2,105,30,18,48552.0
202403,2024-03-01,88,2,81,30,18,12558.24
202403,2024-03-01,89,2,78,20,15,11370.84
202403,2024-03-01,90,2,76,20,12,27301.48
202403,2024-03-01,91,2,50,20,15,22711.5
202403,2024-03-01,92,2,80,35,10,32556.8
202403,2024-03-01,93,2,32,35,12,10500.48
202403,2024-03-01,94,2,32,25,15,11411.52
202403,2024-03-01,95,2,69,35,10,12192.3
202403,2024-03-01,96,2,93,20,12,17161.29
202403,2024-03-01,97,2,80,35,18,31044.0
202403,2024-03-01,98,2,87,25,10,27925.26
202403,2024-03-01,99,2,62,25,18,25635.76
202403,2024-03-01,100,2,60,20,12,22100.4
202403,2024-03-01,1,3,59,35,18,12169.93
202403,2024-03-01,2,3,38,30,15,16285.28
202403,2024-03-01,3,3,37,25,10,13626.73
202403,2024-03-01,4,3,24,20,15,8807.76
202403,2024-03-01,5,3,61,35,15,32493.48
202403,2024-03-01,6,3,81,25,15,18405.63
202403,2024-03-01,7,3,54,20,12,10791.36
202403,2024-03-01,8,3,74,20,12,22916.32
202403,2024-03-01,9,3,50,35,15,5388.0
202403,2024-03-01,10,3,35,20,12,15832.25
202403,2024-03-01,11,3,39,30,10,20684.82
202403,2024-03-01,12,3,68,35,12,4765.44
202403,2024-03-01,13,3,68,20,10,9523.4
202403,2024-03-01,14,3,61,35,12,5325.3
202403,2024-03-01,15,3,55,30,10,23073.05
202403,2024-03-01,16,3,54,25,12,14349.96
202403,2024-03-01,17,3,83,35,10,5004.9
202403,2024-03-01,18,3,31,30,10,12691.71
202403,2024-03-01,19,3,53,20,15,12882.18
202403,2024-03-01,20,3,37,25,10,23465.03
202403,2024-03-01,21,3,40,25,18,16082.8
202403,2024-03-01,22,3,36,25,15,2976.84
202403,2024-03-01,23,3,41,30,18,25694.29
202403,2024-03-01,24,3,72,25,10,18272.16
202403,2024-03-01,25,3,39,35,15,18916.17
202403,2024-03-01,26,3,63,25,15,12428.01
202403,2024-03-01,27,3,46,20,18,16073.32
202403,2024-03-01,28,3,55,35,15,31384.1
202403,2024-03-01,29,3,65,35,12,4162.6
202403,2024-03-01,30,3,76,25,15,36264.92
202403,2024-03-01,31,3,58,30,18,5403.86
202403,2024-03-01,32,3,47,30,12,9111.42
202403,2024-03-01,33,3,68,20,12,39808.56
202403,2024-03-01,34,3,39,35,15,15466.23
202403,2024-03-01,35,3,44,30,15,11662.2
202403,2024-03-01,36,3,30,35,10,4115.4
202403,2024-03-01,37,3,54,35,12,14969.88
202403,2024-03-01,38,3,81,20,15,14026.77
202403,2024-03-01,39,3,59,25,15,16386.07
202403,2024-03-01,40,3,64,20,18,22199.68
202403,2024-03-01,41,3,26,25,18,4029.48
202403,2024-03-01,42,3,90,25,15,7227.0
202403,2024-03-01,43,3,67,30,18,19069.54
202403,2024-03-01,44,3,60,30,10,3738.6
202403,2024-03-01,45,3,100,20,10,13047.0
202403,2024-03-01,46,3,83,20,12,10153.39
202403,2024-03-01,47,3,42,25,10,22319.64
202403,2024-03-01,48,3,91,25,10,35147.84
202403,2024-03-01,49,3,71,35,12,42861.99
202403,2024-03-01,50,3,87,20,10,22276.35
202403,2024-03-01,51,3,66,35,18,6019.86
202403,2024-03-01,52,3,66,30,10,38960.46
202403,2024-03-01,53,3,59,30,12,26055.58
202403,2024-03-01,54,3,115,20,10,11464.35
202403,2024-03-01,55,3,114,25,18,40561.2
202403,2024-03-01,56,3,74,20,18,25210.32
202403,2024-03-01,57,3,43,20,15,19627.35
202403,2024-03-01,58,3,56,35,15,20907.04
202403,2024-03-01,59,3,62,20,15,6412.04
202403,2024-03-01,60,3,74,20,10,25935.52
202403,2024-03-01,61,3,90,30,10,42402.6
202403,2024-03-01,62,3,75,25,10,11091.75
202403,2024-03-01,63,3,57,20,12,18274.2
202403,2024-03-01,64,3,92,35,12,30258.8
202403,2024-03-01,65,3,46,25,12,14641.8
202403,2024-03-01,66,3,70,25,18,40709.2
202403,2024-03-01,67,3,80,20,15,9986.4
202403,2024-03-01,68,3,79,35,18,33791.46
202403,2024-03-01,69,3,84,20,12,33359.76
202403,2024-03-01,70,3,72,25,18,32986.8
202403,2024-03-01,71,3,93,30,12,34426.74
202403,2024-03-01,72,3,62,35,15,22724.24
202403,2024-03-01,73,3,49,30,15,13234.41
202403,2024-03-01,74,3,75,30,18,31432.5
202403,2024-03-01,75,3,72,35,15,12648.96
202403,2024-03-01,76,3,84,25,12,36755.88
202403,2024-03-01,77,3,51,35,15,5111.73
202403,2024-03-01,78,3,59,30,18,21533.23
202403,2024-03-01,79,3,69,35,18,14576.94
202403,2024-03-01,80,3,56,20,10,25486.16
202403,2024-03-01,81,3,52,30,10,11560.12
202403,2024-03-01,82,3,97,25,15,45949.87
202403,2024-03-01,83,3,81,20,15,33146.01
202403,2024-03-01,84,3,46,25,12,20021.5
202403,2024-03-01,85,3,72,30,10,13620.96
202403,2024-03-01,86,3,56,30,12,32029.2
202403,2024-03-01,87,3,86,20,10,39766.4
202403,2024-03-01,88,3,59,35,15,9147.36
202403,2024-03-01,89,3,34,25,12,4956.52
202403,2024-03-01,90,3,59,30,15,21194.57
202403,2024-03-01,91,3,54,25,12,24528.42
202403,2024-03-01,92,3,49,30,15,19941.04
202403,2024-03-01,93,3,69,20,18,22641.66
202403,2024-03-01,94,3,79,25,10,28172.19
202403,2024-03-01,95,3,68,30,18,12015.6
202403,2024-03-01,96,3,62,25,18,11440.86
202403,2024-03-01,97,3,84,20,15,32596.2
202403,2024-03-01,98,3,71,20,18,22789.58
202403,2024-03-01,99,3,60,20,10,24808.8
202403,2024-03-01,100,3,65,30,15,23942.1
202403,2024-03-01,1,4,37,35,18,7631.99
202403,2024-03-01,2,4,18,20,12,7714.08
202403,2024-03-01,3,4,47,20,18,17309.63
202403,2024-03-01,4,4,44,20,15,16147.56
202403,2024-03-01,5,4,30,20,15,15980.4
202403,2024-03-01,6,4,15,25,15,3408.45
202403,2024-03-01,7,4,77,25,12,15387.68
202403,2024-03-01,8,4,98,20,18,30348.64
202403,2024-03-01,9,4,60,35,10,6465.6
202403,2024-03-01,10,4,63,25,18,28498.05
202403,2024-03-01,11,4,74,30,18,39248.12
202403,2024-03-01,12,4,66,25,12,4625.28
202403,2024-03-01,13,4,51,30,10,7142.55
202403,2024-03-01,14,4,47,35,10,4103.1
202403,2024-03-01,15,4,52,35,15,21814.52
202403,2024-03-01,16,4,72,20,18,19133.28
202403,2024-03-01,17,4,50,35,12,3015.0
202403,2024-03-01,18,4,42,25,18,17195.22
202403,2024-03-01,19,4,66,25,18,16041.96
202403,2024-03-01,20,4,51,35,12,32343.69
202403,2024-03-01,21,4,81,25,12,32567.67
202403,2024-03-01,22,4,27,20,15,2232.63
202403,2024-03-01,23,4,29,35,15,18174.01
202403,2024-03-01,24,4,57,20,10,14465.46
202403,2024-03-01,25,4,63,35,18,30556.89
202403,2024-03-01,26,4,66,30,15,13019.82
202403,2024-03-01,27,4,62,25,15,21664.04
202403,2024-03-01,28,4,60,30,10,34237.2
202403,2024-03-01,29,4,46,30,12,2945.84
202403,2024-03-01,30,4,37,30,18,17655.29
202403,2024-03-01,31,4,41,25,18,3819.97
202403,2024-03-01,32,4,100,20,12,19386.0
202403,2024-03-01,33,4,60,25,15,35125.2
202403,2024-03-01,34,4,39,25,10,15466.23
202403,2024-03-01,35,4,35,20,10,9276.75
202403,2024-03-01,36,4,66,25,12,9053.88
202403,2024-03-01,37,4,52,30,10,14415.44
202403,2024-03-01,38,4,86,30,10,14892.62
202403,2024-03-01,39,4,73,30,18,20274.29
202403,2024-03-01,40,4,43,35,10,14915.41
202403,2024-03-01,41,4,73,30,12,11313.54
202403,2024-03-01,42,4,70,25,12,5621.0
202403,2024-03-01,43,4,97,30,18,27608.14
202403,2024-03-01,44,4,81,25,10,5047.11
202403,2024-03-01,45,4,75,35,10,9785.25
202403,2024-03-01,46,4,63,30,12,7706.79
202403,2024-03-01,47,4,76,20,15,40387.92
202403,2024-03-01,48,4,84,25,15,32444.16
202403,2024-03-01,49,4,73,20,18,44069.37
202403,2024-03-01,50,4,101,20,10,25861.05
202403,2024-03-01,51,4,87,35,15,7935.27
202403,2024-03-01,52,4,55,30,10,32467.05
202403,2024-03-01,53,4,52,20,15,22964.24
202403,2024-03-01,54,4,76,35,12,7576.44
202403,2024-03-01,55,4,53,35,10,18857.4
202403,2024-03-01,56,4,89,30,18,30320.52
202403,2024-03-01,57,4,66,20,12,30125.7
202403,2024-03-01,58,4,77,25,18,28747.18
202403,2024-03-01,59,4,37,20,10,3826.54
202403,2024-03-01,60,4,101,25,15,35398.48
202403,2024-03-01,61,4,74,30,18,34864.36
202403,2024-03-01,62,4,67,35,12,9908.63
202403,2024-03-01,63,4,85,20,15,27251.0
202403,2024-03-01,64,4,76,30,15,24996.4
202403,2024-03-01,65,4,74,30,12,23554.2
202403,2024-03-01,66,4,61,30,10,35475.16
202403,2024-03-01,67,4,50,30,18,6241.5
202403,2024-03-01,68,4,77,20,15,32935.98
202403,2024-03-01,69,4,52,25,12,20651.28
202403,2024-03-01,70,4,50,30,18,22907.5
202403,2024-03-01,71,4,70,25,10,25912.6
202403,2024-03-01,72,4,75,35,12,27489.0
202403,2024-03-01,73,4,83,35,12,22417.47
202403,2024-03-01,74,4,84,25,18,35204.4
202403,2024-03-01,75,4,78,30,15,13703.04
202403,2024-03-01,76,4,88,35,12,38506.16
202403,2024-03-01,77,4,80,25,12,8018.4
202403,2024-03-01,78,4,74,25,12,27007.78
202403,2024-03-01,79,4,81,30,12,17112.06
202403,2024-03-01,80,4,77,35,12,35043.47
202403,2024-03-01,81,4,64,25,15,14227.84
202403,2024-03-01,82,4,70,20,10,33159.7
202403,2024-03-01,83,4,51,25,15,20869.71
202403,2024-03-01,84,4,82,25,10,35690.5
202403,2024-03-01,85,4,70,30,18,13242.6
202403,2024-03-01,86,4,81,35,15,46327.95
202403,2024-03-01,87,4,64,35,15,29593.6
202403,2024-03-01,88,4,75,25,12,11628.0
202403,2024-03-01,89,4,74,20,12,10787.72
202403,2024-03-01,90,4,56,25,10,20116.88
202403,2024-03-01,91,4,62,30,12,28162.26
202403,2024-03-01,92,4,28,25,12,11394.88
202403,2024-03-01,93,4,30,20,15,9844.2
202403,2024-03-01,94,4,56,20,18,19970.16
202403,2024-03-01,95,4,60,25,18,10602.0
202403,2024-03-01,96,4,54,30,12,9964.62
202403,2024-03-01,97,4,48,35,18,18626.4
202403,2024-03-01,98,4,85,35,12,27283.3
202403,2024-03-01,99,4,87,25,12,35972.76
202403,2024-03-01,100,4,59,25,10,21732.06
202403,2024-03-01,1,5,75,35,10,15470.25
202403,2024-03-01,2,5,78,30,18,33427.68
202403,2024-03-01,3,5,61,25,12,22465.69
202403,2024-03-01,4,5,29,25,10,10642.71
202403,2024-03-01,5,5,35,25,18,18643.8
202403,2024-03-01,6,5,41,35,15,9316.43
202403,2024-03-01,7,5,67,35,12,13389.28
202403,2024-03-01,8,5,24,35,18,7432.32
202403,2024-03-01,9,5,78,20,18,8405.28
202403,2024-03-01,10,5,57,30,18,25783.95
202403,2024-03-01,11,5,93,20,10,49325.34
202403,2024-03-01,12,5,72,35,18,5045.76
202403,2024-03-01,13,5,88,20,12,12324.4
202403,2024-03-01,14,5,42,35,10,3666.6
202403,2024-03-01,15,5,59,35,10,24751.09
202403,2024-03-01,16,5,34,25,15,9035.16
202403,2024-03-01,17,5,43,35,18,2592.9
202403,2024-03-01,18,5,39,30,15,15966.99
202403,2024-03-01,19,5,42,35,12,10208.52
202403,2024-03-01,20,5,50,35,15,31709.5
202403,2024-03-01,21,5,77,20,12,30959.39
202403,2024-03-01,22,5,63,35,18,5209.47
202403,2024-03-01,23,5,42,20,10,26320.98
202403,2024-03-01,24,5,40,25,12,10151.2
202403,2024-03-01,25,5,51,35,18,24736.53
202403,2024-03-01,26,5,51,30,18,10060.77
202403,2024-03-01,27,5,60,20,12,20965.2
202403,2024-03-01,28,5,51,35,12,29101.62
202403,2024-03-01,29,5,41,35,10,2625.64
202403,2024-03-01,30,5,45,30,15,21472.65
202403,2024-03-01,31,5,31,25,10,2888.27
202403,2024-03-01,32,5,69,20,10,13376.34
202403,2024-03-01,33,5,23,35,15,13464.66
202403,2024-03-01,34,5,77,20,18,30535.89
202403,2024-03-01,35,5,24,25,18,6361.2
202403,2024-03-01,36,5,76,35,10,10425.68
202403,2024-03-01,37,5,10,25,15,2772.2
202403,2024-03-01,38,5,25,25,12,4329.25
202403,2024-03-01,39,5,81,25,12,22496.13
202403,2024-03-01,40,5,82,20,18,28443.34
202403,2024-03-01,41,5,47,30,15,7284.06
202403,2024-03-01,42,5,71,35,15,5701.3
202403,2024-03-01,43,5,85,25,10,24192.7
202403,2024-03-01,44,5,92,25,12,5732.52
202403,2024-03-01,45,5,121,20,15,15786.87
202403,2024-03-01,46,5,67,20,18,8196.11
202403,2024-03-01,47,5,74,35,18,39325.08
202403,2024-03-01,48,5,58,20,18,22401.92
202403,2024-03-01,49,5,65,25,12,39239.85
202403,2024-03-01,50,5,68,35,18,17411.4
202403,2024-03-01,51,5,90,35,18,8208.9
202403,2024-03-01,52,5,82,20,10,48405.42
202403,2024-03-01,53,5,69,25,15,30471.78
202403,2024-03-01,54,5,60,25,10,5981.4
202403,2024-03-01,55,5,46,25,12,16366.8
202403,2024-03-01,56,5,92,20,15,31342.56
202403,2024-03-01,57,5,48,20,12,21909.6
202403,2024-03-01,58,5,103,20,15,38454.02
202403,2024-03-01,59,5,79,30,10,8170.18
202403,2024-03-01,60,5,49,20,10,17173.52
202403,2024-03-01,61,5,53,35,12,24970.42
202403,2024-03-01,62,5,48,25,15,7098.72
202403,2024-03-01,63,5,75,25,18,24045.0
202403,2024-03-01,64,5,71,30,10,23351.9
202403,2024-03-01,65,5,87,20,15,27692.1
202403,2024-03-01,66,5,68,30,15,39546.08
202403,2024-03-01,67,5,82,35,10,10236.06
202403,2024-03-01,68,5,56,35,10,23953.44
202403,2024-03-01,69,5,90,30,18,35742.6
202403,2024-03-01,70,5,73,25,10,33444.95
202403,2024-03-01,71,5,90,30,15,33316.2
202403,2024-03-01,72,5,72,35,12,26389.44
202403,2024-03-01,73,5,66,25,10,17825.94
202403,2024-03-01,74,5,83,20,10,34785.3
202403,2024-03-01,75,5,90,35,15,15811.2
202403,2024-03-01,76,5,61,35,15,26691.77
202403,2024-03-01,77,5,79,30,15,7918.17
202403,2024-03-01,78,5,54,25,18,19708.38
202403,2024-03-01,79,5,54,35,18,11408.04
202403,2024-03-01,80,5,72,25,12,32767.92
202403,2024-03-01,81,5,76,30,12,16895.56
202403,2024-03-01,82,5,67,20,10,31738.57
202403,2024-03-01,83,5,77,20,18,31509.17
202403,2024-03-01,84,5,103,20,12,44830.75
202403,2024-03-01,85,5,85,35,18,16080.3
202403,2024-03-01,86,5,92,20,15,52619.4
202403,2024-03-01,87,5,39,30,12,18033.6
202403,2024-03-01,88,5,49,20,12,7596.96
202403,2024-03-01,89,5,69,30,15,10058.82
202403,2024-03-01,90,5,81,20,15,29097.63
202403,2024-03-01,91,5,66,30,15,29979.18
202403,2024-03-01,92,5,91,20,10,37033.36
202403,2024-03-01,93,5,51,30,15,16735.14
202403,2024-03-01,94,5,103,35,10,36730.83
202403,2024-03-01,95,5,72,25,12,12722.4
202403,2024-03-01,96,5,93,30,15,17161.29
202403,2024-03-01,97,5,86,35,18,33372.3
202403,2024-03-01,98,5,82,20,12,26320.36
202403,2024-03-01,99,5,73,35,12,30184.04
202403,2024-03-01,100,5,112,35,15,41254.08
202403,2024-03-01,1,6,32,35,18,6600.64
202403,2024-03-01,2,6,44,20,15,18856.64
202403,2024-03-01,3,6,51,30,10,18782.79
202403,2024-03-01,4,6,73,25,15,26790.27
202403,2024-03-01,5,6,31,30,10,16513.08
202403,2024-03-01,6,6,92,25,15,20905.16
202403,2024-03-01,7,6,56,20,15,11191.04
202403,2024-03-01,8,6,48,35,12,14864.64
202403,2024-03-01,9,6,82,35,12,8836.32
202403,2024-03-01,10,6,55,20,15,24879.25
202403,2024-03-01,11,6,84,30,10,44551.92
202403,2024-03-01,12,6,67,30,18,4695.36
202403,2024-03-01,13,6,84,20,18,11764.2
202403,2024-03-01,14,6,33,25,15,2880.9
202403,2024-03-01,15,6,26,35,15,10907.26
202403,2024-03-01,16,6,32,25,15,8503.68
202403,2024-03-01,17,6,66,25,10,3979.8
202403,2024-03-01,18,6,70,30,10,28658.7
202403,2024-03-01,19,6,35,25,10,8507.1
202403,2024-03-01,20,6,53,35,10,33612.07
202403,2024-03-01,21,6,63,35,12,25330.41
202403,2024-03-01,22,6,42,25,15,3472.98
202403,2024-03-01,23,6,64,35,15,40108.16
202403,2024-03-01,24,6,64,30,12,16241.92
202403,2024-03-01,25,6,74,20,12,35892.22
202403,2024-03-01,26,6,51,25,10,10060.77
202403,2024-03-01,27,6,50,35,18,17471.0
202403,2024-03-01,28,6,32,20,10,18259.84
202403,2024-03-01,29,6,66,30,10,4226.64
202403,2024-03-01,30,6,69,20,15,32924.73
202403,2024-03-01,31,6,71,35,10,6615.07
202403,2024-03-01,32,6,72,20,15,13957.92
202403,2024-03-01,33,6,63,20,15,36881.46
202403,2024-03-01,34,6,69,25,15,27363.33
202403,2024-03-01,35,6,71,25,12,18818.55
202403,2024-03-01,36,6,50,30,15,6859.0
202403,2024-03-01,37,6,45,30,18,12474.9
202403,2024-03-01,38,6,53,20,15,9178.01
202403,2024-03-01,39,6,57,25,12,15830.61
202403,2024-03-01,40,6,81,30,10,28096.47
202403,2024-03-01,41,6,56,20,10,8678.88
202403,2024-03-01,42,6,69,25,15,5540.7
202403,2024-03-01,43,6,69,30,15,19638.78
202403,2024-03-01,44,6,88,25,15,5483.28
202403,2024-03-01,45,6,74,25,12,9654.78
202403,2024-03-01,46,6,113,20,15,13823.29
202403,2024-03-01,47,6,74,30,18,39325.08
202403,2024-03-01,48,6,86,20,12,33216.64
202403,2024-03-01,49,6,42,20,18,25354.98
202403,2024-03-01,50,6,60,20,10,15363.0
202403,2024-03-01,51,6,79,35,10,7205.59
202403,2024-03-01,52,6,36,20,18,21251.16
202403,2024-03-01,53,6,76,35,12,33563.12
202403,2024-03-01,54,6,80,35,15,7975.2
202403,2024-03-01,55,6,65,30,15,23127.0
202403,2024-03-01,56,6,106,25,10,36112.08
202403,2024-03-01,57,6,51,35,12,23278.95
202403,2024-03-01,58,6,93,20,18,34720.62
202403,2024-03-01,59,6,44,20,18,4550.48
202403,2024-03-01,60,6,79,30,18,27687.92
202403,2024-03-01,61,6,64,35,12,30152.96
202403,2024-03-01,62,6,64,25,12,9464.96
202403,2024-03-01,63,6,100,30,15,32060.0
202403,2024-03-01,64,6,80,35,12,26312.0
202403,2024-03-01,65,6,64,30,15,20371.2
202403,2024-03-01,66,6,82,35,18,47687.92
202403,2024-03-01,67,6,110,20,10,13731.3
202403,2024-03-01,68,6,94,35,10,40207.56
202403,2024-03-01,69,6,35,30,18,13899.9
202403,2024-03-01,70,6,66,35,12,30237.9
202403,2024-03-01,71,6,52,30,15,19249.36
202403,2024-03-01,72,6,61,25,10,22357.72
202403,2024-03-01,73,6,86,35,10,23227.74
202403,2024-03-01,74,6,84,30,10,35204.4
202403,2024-03-01,75,6,64,30,18,11243.52
202403,2024-03-01,76,6,106,35,18,46382.42
202403,2024-03-01,77,6,113,25,12,11325.99
202403,2024-03-01,78,6,90,25,18,32847.3
202403,2024-03-01,79,6,80,35,10,16900.8
202403,2024-03-01,80,6,57,30,12,25941.27
202403,2024-03-01,81,6,60,35,18,13338.6
202403,2024-03-01,82,6,95,30,12,45002.45
202403,2024-03-01,83,6,91,25,10,37238.11
202403,2024-03-01,84,6,65,35,10,28291.25
202403,2024-03-01,85,6,83,35,15,15701.94
202403,2024-03-01,86,6,81,20,18,46327.95
202403,2024-03-01,87,6,65,25,15,30056.0
202403,2024-03-01,88,6,33,35,10,5116.32
202403,2024-03-01,89,6,50,20,18,7289.0
202403,2024-03-01,90,6,102,30,18,36641.46
202403,2024-03-01,91,6,50,20,10,22711.5
202403,2024-03-01,92,6,61,25,12,24824.56
202403,2024-03-01,93,6,41,20,12,13453.74
202403,2024-03-01,94,6,112,25,18,39940.32
202403,2024-03-01,95,6,75,30,18,13252.5
202403,2024-03-01,96,6,36,35,12,6643.08
202403,2024-03-01,97,6,93,25,15,36088.65
202403,2024-03-01,98,6,66,30,15,21184.68
202403,2024-03-01,99,6,88,35,15,36386.24
202403,2024-03-01,100,6,63,20,10,23205.42
202404,2024-04-01,1,1,56,35,12,11551.12
202404,2024-04-01,2,1,30,30,10,12856.8
202404,2024-04-01,3,1,104,30,10,38302.16
202404,2024-04-01,4,1,40,20,15,14679.6
202404,2024-04-01,5,1,78,20,15,41549.04
202404,2024-04-01,6,1,61,20,12,13861.03
202404,2024-04-01,7,1,66,35,18,13189.44
202404,2024-04-01,8,1,72,30,18,22296.96
202404,2024-04-01,9,1,53,35,18,5711.28
202404,2024-04-01,10,1,37,35,12,16736.95
202404,2024-04-01,11,1,69,25,18,36596.22
202404,2024-04-01,12,1,59,25,12,4134.72
202404,2024-04-01,13,1,82,35,15,11484.1
202404,2024-04-01,14,1,66,35,12,5761.8
202404,2024-04-01,15,1,21,30,12,8809.71
202404,2024-04-01,16,1,21,25,10,5580.54
202404,2024-04-01,17,1,46,20,10,2773.8
202404,2024-04-01,18,1,54,25,18,22108.14
202404,2024-04-01,19,1,24,35,12,5833.44
202404,2024-04-01,20,1,45,20,12,28538.55
202404,2024-04-01,21,1,62,35,18,24928.34
202404,2024-04-01,22,1,97,35,12,8020.93
202404,2024-04-01,23,1,68,35,18,42614.92
202404,2024-04-01,24,1,79,35,18,20048.62
202404,2024-04-01,25,1,51,30,12,24736.53
202404,2024-04-01,26,1,72,25,18,14203.44
202404,2024-04-01,27,1,73,20,18,25507.66
202404,2024-04-01,28,1,28,25,15,15977.36
202404,2024-04-01,29,1,61,35,15,3906.44
202404,2024-04-01,30,1,84,20,10,40082.28
202404,2024-04-01,31,1,41,35,15,3819.97
202404,2024-04-01,32,1,33,20,18,6397.38
202404,2024-04-01,33,1,96,20,12,56200.32
202404,2024-04-01,34,1,79,30,18,31329.03
202404,2024-04-01,35,1,50,20,10,13252.5
202404,2024-04-01,36,1,59,25,18,8093.62
202404,2024-04-01,37,1,63,20,15,17464.86
202404,2024-04-01,38,1,73,20,15,12641.41
202404,2024-04-01,39,1,68,20,18,18885.64
202404,2024-04-01,40,1,25,35,18,8671.75
202404,2024-04-01,41,1,80,30,18,12398.4
202404,2024-04-01,42,1,77,30,15,6183.1
202404,2024-04-01,43,1,44,30,12,12523.28
202404,2024-04-01,44,1,66,20,15,4112.46
202404,2024-04-01,45,1,66,30,10,8611.02
202404,2024-04-01,46,1,46,35,12,5627.18
202404,2024-04-01,47,1,51,20,15,27102.42
202404,2024-04-01,48,1,35,20,15,13518.4
202404,2024-04-01,49,1,72,35,10,43465.68
202404,2024-04-01,50,1,71,25,10,18179.55
202404,2024-04-01,51,1,83,30,15,7570.43
202404,2024-04-01,52,1,62,25,15,36599.22
202404,2024-04-01,53,1,71,30,15,31355.02
202404,2024-04-01,54,1,69,20,10,6878.61
202404,2024-04-01,55,1,65,25,12,23127.0
202404,2024-04-01,56,1,78,35,15,26573.04
202404,2024-04-01,57,1,82,25,15,37428.9
202404,2024-04-01,58,1,85,25,18,31733.9
202404,2024-04-01,59,1,79,25,10,8170.18
202404,2024-04-01,60,1,88,30,10,30842.24
202404,2024-04-01,61,1,33,25,12,15547.62
202404,2024-04-01,62,1,68,35,18,10056.52
202404,2024-04-01,63,1,59,35,12,18915.4
202404,2024-04-01,64,1,58,35,12,19076.2
202404,2024-04-01,65,1,77,25,15,24509.1
202404,2024-04-01,66,1,68,20,15,39546.08
202404,2024-04-01,67,1,54,20,10,6740.82
202404,2024-04-01,68,1,74,25,18,31652.76
202404,2024-04-01,69,1,71,35,18,28196.94
202404,2024-04-01,70,1,92,30,18,42149.8
202404,2024-04-01,71,1,92,25,18,34056.56
202404,2024-04-01,72,1,75,35,18,27489.0
202404,2024-04-01,73,1,73,30,12,19716.57
202404,2024-04-01,74,1,104,35,10,43586.4
202404,2024-04-01,75,1,70,30,18,12297.6
202404,2024-04-01,76,1,70,35,15,30629.9
202404,2024-04-01,77,1,71,20,10,7116.33
202404,2024-04-01,78,1,89,30,18,32482.33
202404,2024-04-01,79,1,61,30,15,12886.86
202404,2024-04-01,80,1,51,30,15,23210.61
202404,2024-04-01,81,1,94,20,15,20897.14
202404,2024-04-01,82,1,73,35,18,34580.83
202404,2024-04-01,83,1,63,25,12,25780.23
202404,2024-04-01,84,1,79,30,12,34384.75
202404,2024-04-01,85,1,66,30,10,12485.88
202404,2024-04-01,86,1,76,20,10,43468.2
202404,2024-04-01,87,1,75,20,18,34680.0
202404,2024-04-01,88,1,46,20,10,7131.84
202404,2024-04-01,89,1,85,35,15,12391.3
202404,2024-04-01,90,1,87,25,15,31253.01
202404,2024-04-01,91,1,69,30,12,31341.87
202404,2024-04-01,92,1,84,20,10,34184.64
202404,2024-04-01,93,1,67,20,10,21985.38
202404,2024-04-01,94,1,101,25,10,36017.61
202404,2024-04-01,95,1,64,20,10,11308.8
202404,2024-04-01,96,1,102,25,18,18822.06
202404,2024-04-01,97,1,70,25,10,27163.5
202404,2024-04-01,98,1,64,25,15,20542.72
202404,2024-04-01,99,1,83,30,18,34318.84
202404,2024-04-01,100,1,84,20,18,30940.56
202404,2024-04-01,1,2,48,30,18,9900.96
202404,2024-04-01,2,2,40,30,15,17142.4
202404,2024-04-01,3,2,83,25,10,30568.07
202404,2024-04-01,4,2,26,30,10,9541.74
202404,2024-04-01,5,2,59,35,18,31428.12
202404,2024-04-01,6,2,41,30,10,9316.43
202404,2024-04-01,7,2,60,30,15,11990.4
202404,2024-04-01,8,2,49,25,18,15174.32
202404,2024-04-01,9,2,51,20,18,5495.76
202404,2024-04-01,10,2,55,25,18,24879.25
202404,2024-04-01,11,2,58,25,18,30762.04
202404,2024-04-01,12,2,56,20,12,3924.48
202404,2024-04-01,13,2,49,35,12,6862.45
202404,2024-04-01,14,2,38,20,18,3317.4
202404,2024-04-01,15,2,44,30,10,18458.44
202404,2024-04-01,16,2,68,20,10,18070.32
202404,2024-04-01,17,2,57,20,15,3437.1
202404,2024-04-01,18,2,77,35,10,31524.57
202404,2024-04-01,19,2,55,35,12,13368.3
202404,2024-04-01,20,2,50,20,10,31709.5
202404,2024-04-01,21,2,18,35,15,7237.26
202404,2024-04-01,22,2,64,25,15,5292.16
202404,2024-04-01,23,2,61,35,10,38228.09
202404,2024-04-01,24,2,60,35,18,15226.8
202404,2024-04-01,25,2,63,35,18,30556.89
202404,2024-04-01,26,2,3,20,12,591.81
202404,2024-04-01,27,2,23,20,18,8036.66
202404,2024-04-01,28,2,54,35,10,30813.48
202404,2024-04-01,29,2,71,30,15,4546.84
202404,2024-04-01,30,2,40,30,18,19086.8
202404,2024-04-01,31,2,2,20,10,186.34
202404,2024-04-01,32,2,54,30,15,10468.44
202404,2024-04-01,33,2,54,20,18,31612.68
202404,2024-04-01,34,2,87,30,12,34501.59
202404,2024-04-01,35,2,56,25,10,14842.8
202404,2024-04-01,36,2,57,35,12,7819.26
202404,2024-04-01,37,2,44,30,18,12197.68
202404,2024-04-01,38,2,36,20,15,6234.12
202404,2024-04-01,39,2,73,35,10,20274.29
202404,2024-04-01,40,2,51,35,12,17690.37
202404,2024-04-01,41,2,47,25,10,7284.06
202404,2024-04-01,42,2,51,25,10,4095.3
202404,2024-04-01,43,2,54,25,18,15369.48
202404,2024-04-01,44,2,98,35,10,6106.38
202404,2024-04-01,45,2,89,30,18,11611.83
202404,2024-04-01,46,2,84,35,10,10275.72
202404,2024-04-01,47,2,75,20,15,39856.5
202404,2024-04-01,48,2,100,20,15,38624.0
202404,2024-04-01,49,2,85,20,18,51313.65
202404,2024-04-01,50,2,69,20,12,17667.45
202404,2024-04-01,51,2,61,35,12,5563.81
202404,2024-04-01,52,2,60,25,10,35418.6
202404,2024-04-01,53,2,78,20,12,34446.36
202404,2024-04-01,54,2,86,35,10,8573.34
202404,2024-04-01,55,2,69,35,10,24550.2
202404,2024-04-01,56,2,85,25,12,28957.8
202404,2024-04-01,57,2,74,20,12,33777.3
202404,2024-04-01,58,2,86,20,15,32107.24
202404,2024-04-01,59,2,37,20,18,3826.54
202404,2024-04-01,60,2,62,25,10,21729.76
202404,2024-04-01,61,2,71,20,10,33450.94
202404,2024-04-01,62,2,88,35,12,13014.32
202404,2024-04-01,63,2,46,20,12,14747.6
202404,2024-04-01,64,2,59,35,15,19405.1
202404,2024-04-01,65,2,26,35,15,8275.8
202404,2024-04-01,66,2,112,20,12,65134.72
202404,2024-04-01,67,2,84,30,12,10485.72
202404,2024-04-01,68,2,90,20,12,38496.6
202404,2024-04-01,69,2,43,30,10,17077.02
202404,2024-04-01,70,2,100,20,15,45815.0
202404,2024-04-01,71,2,58,25,18,21470.44
202404,2024-04-01,72,2,68,25,15,24923.36
202404,2024-04-01,73,2,88,25,18,23767.92
202404,2024-04-01,74,2,69,25,10,28917.9
202404,2024-04-01,75,2,115,25,10,20203.2
202404,2024-04-01,76,2,60,35,12,26254.2
202404,2024-04-01,77,2,100,20,18,10023.0
202404,2024-04-01,78,2,50,20,10,18248.5
202404,2024-04-01,79,2,88,20,12,18590.88
202404,2024-04-01,80,2,80,20,15,36408.8
202404,2024-04-01,81,2,77,35,18,17117.87
202404,2024-04-01,82,2,60,25,12,28422.6
202404,2024-04-01,83,2,57,25,15,23324.97
202404,2024-04-01,84,2,88,35,18,38302.0
202404,2024-04-01,85,2,50,25,12,9459.0
202404,2024-04-01,86,2,47,20,12,26881.65
202404,2024-04-01,87,2,54,35,10,24969.6
202404,2024-04-01,88,2,41,30,15,6356.64
202404,2024-04-01,89,2,86,35,10,12537.08
202404,2024-04-01,90,2,72,25,12,25864.56
202404,2024-04-01,91,2,59,20,10,26799.57
202404,2024-04-01,92,2,79,30,12,32149.84
202404,2024-04-01,93,2,68,35,12,22313.52
202404,2024-04-01,94,2,56,30,10,19970.16
202404,2024-04-01,95,2,49,25,10,8658.3
202404,2024-04-01,96,2,97,25,18,17899.41
202404,2024-04-01,97,2,91,35,12,35312.55
202404,2024-04-01,98,2,81,25,10,25999.38
202404,2024-04-01,99,2,45,20,15,18606.6
202404,2024-04-01,100,2,84,30,12,30940.56
202404,2024-04-01,1,3,68,35,15,14026.36
202404,2024-04-01,2,3,88,30,18,37713.28
202404,2024-04-01,3,3,58,20,10,21360.82
202404,2024-04-01,4,3,53,20,12,19450.47
202404,2024-04-01,5,3,54,25,10,28764.72
202404,2024-04-01,6,3,31,35,10,7044.13
202404,2024-04-01,7,3,77,20,12,15387.68
202404,2024-04-01,8,3,28,35,15,8671.04
202404,2024-04-01,9,3,53,35,12,5711.28
202404,2024-04-01,10,3,84,30,12,37997.4
202404,2024-04-01,11,3,90,20,15,47734.2
202404,2024-04-01,12,3,53,25,10,3714.24
202404,2024-04-01,13,3,70,25,18,9803.5
202404,2024-04-01,14,3,36,25,18,3142.8
202404,2024-04-01,15,3,88,25,10,36916.88
202404,2024-04-01,16,3,47,35,18,12489.78
202404,2024-04-01,17,3,68,20,18,4100.4
202404,2024-04-01,18,3,46,25,12,18832.86
202404,2024-04-01,19,3,45,35,12,10937.7
202404,2024-04-01,20,3,54,35,15,34246.26
202404,2024-04-01,21,3,74,25,18,29753.18
202404,2024-04-01,22,3,86,25,15,7111.34
202404,2024-04-01,23,3,41,30,12,25694.29
202404,2024-04-01,24,3,22,30,12,5583.16
202404,2024-04-01,25,3,64,20,10,31041.92
202404,2024-04-01,26,3,70,30,12,13808.9
202404,2024-04-01,27,3,59,20,18,20615.78
202404,2024-04-01,28,3,62,35,18,35378.44
202404,2024-04-01,29,3,41,25,15,2625.64
202404,2024-04-01,30,3,24,25,15,11452.08
202404,2024-04-01,31,3,19,25,12,1770.23
202404,2024-04-01,32,3,33,25,10,6397.38
202404,2024-04-01,33,3,46,35,18,26929.32
202404,2024-04-01,34,3,72,25,18,28553.04
202404,2024-04-01,35,3,51,35,15,13517.55
202404,2024-04-01,36,3,34,20,18,4664.12
202404,2024-04-01,37,3,72,25,12,19959.84
202404,2024-04-01,38,3,57,30,18,9870.69
202404,2024-04-01,39,3,52,25,12,14441.96
202404,2024-04-01,40,3,56,20,18,19424.72
202404,2024-04-01,41,3,79,20,10,12243.42
202404,2024-04-01,42,3,63,35,10,5058.9
202404,2024-04-01,43,3,63,35,18,17931.06
202404,2024-04-01,44,3,88,35,10,5483.28
202404,2024-04-01,45,3,64,35,18,8350.08
202404,2024-04-01,46,3,62,25,10,7584.46
202404,2024-04-01,47,3,57,20,18,30290.94
202404,2024-04-01,48,3,93,25,12,35920.32
202404,2024-04-01,49,3,83,30,15,50106.27
202404,2024-04-01,50,3,90,25,10,23044.5
202404,2024-04-01,51,3,90,20,18,8208.9
202404,2024-04-01,52,3,55,30,12,32467.05
202404,2024-04-01,53,3,64,35,10,28263.68
202404,2024-04-01,54,3,95,35,18,9470.55
202404,2024-04-01,55,3,83,25,18,29531.4
202404,2024-04-01,56,3,72,25,15,24528.96
202404,2024-04-01,57,3,49,35,10,22366.05
202404,2024-04-01,58,3,34,20,18,12693.56
202404,2024-04-01,59,3,91,30,10,9411.22
202404,2024-04-01,60,3,77,30,18,26986.96
202404,2024-04-01,61,3,68,30,12,32037.52
202404,2024-04-01,62,3,80,20,15,11831.2
202404,2024-04-01,63,3,103,20,15,33021.8
202404,2024-04-01,64,3,79,20,10,25983.1
202404,2024-04-01,65,3,74,35,15,23554.2
202404,2024-04-01,66,3,79,35,10,45943.24
202404,2024-04-01,67,3,65,30,15,8113.95
202404,2024-04-01,68,3,88,25,10,37641.12
202404,2024-04-01,69,3,67,25,12,26608.38
202404,2024-04-01,70,3,71,30,12,32528.65
202404,2024-04-01,71,3,72,20,18,26652.96
202404,2024-04-01,72,3,41,25,12,15027.32
202404,2024-04-01,73,3,85,30,15,22957.65
202404,2024-04-01,74,3,67,30,18,28079.7
202404,2024-04-01,75,3,94,30,10,16513.92
202404,2024-04-01,76,3,73,20,15,31942.61
202404,2024-04-01,77,3,41,30,18,4109.43
202404,2024-04-01,78,3,89,35,10,32482.33
202404,2024-04-01,79,3,113,35,15,23872.38
202404,2024-04-01,80,3,72,35,15,32767.92
202404,2024-04-01,81,3,60,20,12,13338.6
202404,2024-04-01,82,3,80,35,10,37896.8
202404,2024-04-01,83,3,49,20,18,20051.29
202404,2024-04-01,84,3,104,25,15,45266.0
202404,2024-04-01,85,3,35,20,10,6621.3
202404,2024-04-01,86,3,78,25,15,44612.1
202404,2024-04-01,87,3,55,20,12,25432.0
202404,2024-04-01,88,3,89,35,12,13798.56
202404,2024-04-01,89,3,80,25,10,11662.4
202404,2024-04-01,90,3,107,30,18,38437.61
202404,2024-04-01,91,3,57,25,18,25891.11
202404,2024-04-01,92,3,87,30,18,35405.52
202404,2024-04-01,93,3,78,35,10,25594.92
202404,2024-04-01,94,3,85,30,12,30311.85
202404,2024-04-01,95,3,101,20,10,17846.7
202404,2024-04-01,96,3,101,25,15,18637.53
202404,2024-04-01,97,3,96,35,15,37252.8
202404,2024-04-01,98,3,89,30,18,28567.22
202404,2024-04-01,99,3,78,35,18,32251.44
202404,2024-04-01,100,3,73,30,12,26888.82
202404,2024-04-01,1,4,55,30,12,11344.85
202404,2024-04-01,2,4,53,30,12,22713.68
202404,2024-04-01,3,4,59,35,15,21729.11
202404,2024-04-01,4,4,30,30,10,11009.7
202404,2024-04-01,5,4,69,25,15,36754.92
202404,2024-04-01,6,4,48,30,18,10907.04
202404,2024-04-01,7,4,64,25,12,12789.76
202404,2024-04-01,8,4,70,30,12,21677.6
202404,2024-04-01,9,4,72,25,12,7758.72
202404,2024-04-01,10,4,65,25,12,29402.75
202404,2024-04-01,11,4,29,20,10,15381.02
202404,2024-04-01,12,4,51,30,12,3574.08
202404,2024-04-01,13,4,38,35,15,5321.9
202404,2024-04-01,14,4,49,30,12,4277.7
202404,2024-04-01,15,4,37,25,10,15521.87
202404,2024-04-01,16,4,54,30,15,14349.96
202404,2024-04-01,17,4,59,25,15,3557.7
202404,2024-04-01,18,4,32,35,12,13101.12
202404,2024-04-01,19,4,45,30,10,10937.7
202404,2024-04-01,20,4,55,20,18,34880.45
202404,2024-04-01,21,4,22,35,12,8845.54
202404,2024-04-01,22,4,45,35,15,3721.05
202404,2024-04-01,23,4,41,25,10,25694.29
202404,2024-04-01,24,4,59,30,15,14973.02
202404,2024-04-01,25,4,58,35,15,28131.74
202404,2024-04-01,26,4,50,25,18,9863.5
202404,2024-04-01,27,4,49,30,10,17121.58
202404,2024-04-01,28,4,16,35,10,9129.92
202404,2024-04-01,29,4,47,25,10,3009.88
202404,2024-04-01,30,4,45,30,10,21472.65
202404,2024-04-01,31,4,40,35,12,3726.8
202404,2024-04-01,32,4,29,35,15,5621.94
202404,2024-04-01,33,4,56,20,15,32783.52
202404,2024-04-01,34,4,49,20,12,19431.93
202404,2024-04-01,35,4,74,25,15,19613.7
202404,2024-04-01,36,4,61,25,10,8367.98
202404,2024-04-01,37,4,88,20,18,24395.36
202404,2024-04-01,38,4,35,20,18,6060.95
202404,2024-04-01,39,4,19,25,18,5276.87
202404,2024-04-01,40,4,33,30,10,11446.71
202404,2024-04-01,41,4,76,30,18,11778.48
202404,2024-04-01,42,4,100,25,18,8030.0
202404,2024-04-01,43,4,67,30,18,19069.54
202404,2024-04-01,44,4,71,30,10,4424.01
202404,2024-04-01,45,4,37,30,15,4827.39
202404,2024-04-01,46,4,65,30,15,7951.45
202404,2024-04-01,47,4,59,35,10,31353.78
202404,2024-04-01,48,4,70,25,18,27036.8
202404,2024-04-01,49,4,80,35,18,48295.2
202404,2024-04-01,50,4,88,30,12,22532.4
202404,2024-04-01,51,4,78,35,18,7114.38
202404,2024-04-01,52,4,100,25,10,59031.0
202404,2024-04-01,53,4,50,25,12,22081.0
202404,2024-04-01,54,4,72,30,18,7177.68
202404,2024-04-01,55,4,58,30,10,20636.4
202404,2024-04-01,56,4,78,35,10,26573.04
202404,2024-04-01,57,4,80,20,18,36516.0
202404,2024-04-01,58,4,37,30,18,13813.58
202404,2024-04-01,59,4,99,25,18,10238.58
202404,2024-04-01,60,4,45,25,12,15771.6
202404,2024-04-01,61,4,46,25,18,21672.44
202404,2024-04-01,62,4,80,30,18,11831.2
202404,2024-04-01,63,4,60,20,15,19236.0
202404,2024-04-01,64,4,76,30,18,24996.4
202404,2024-04-01,65,4,56,35,12,17824.8
202404,2024-04-01,66,4,70,20,10,40709.2
202404,2024-04-01,67,4,68,25,15,8488.44
202404,2024-04-01,68,4,48,30,18,20531.52
202404,2024-04-01,69,4,71,20,15,28196.94
202404,2024-04-01,70,4,95,35,12,43524.25
202404,2024-04-01,71,4,79,35,12,29244.22
202404,2024-04-01,72,4,61,20,10,22357.72
202404,2024-04-01,73,4,32,30,18,8642.88
202404,2024-04-01,74,4,59,20,15,24726.9
202404,2024-04-01,75,4,85,35,18,14932.8
202404,2024-04-01,76,4,66,30,18,28879.62
202404,2024-04-01,77,4,63,20,15,6314.49
202404,2024-04-01,78,4,57,20,15,20803.29
202404,2024-04-01,79,4,82,25,10,17323.32
202404,2024-04-01,80,4,64,25,15,29127.04
202404,2024-04-01,81,4,59,35,12,13116.29
202404,2024-04-01,82,4,54,30,12,25580.34
202404,2024-04-01,83,4,44,20,15,18005.24
202404,2024-04-01,84,4,85,30,18,36996.25
202404,2024-04-01,85,4,85,30,10,16080.3
202404,2024-04-01,86,4,25,30,15,14298.75
202404,2024-04-01,87,4,97,20,12,44852.8
202404,2024-04-01,88,4,77,25,10,11938.08
202404,2024-04-01,89,4,99,25,15,14432.22
202404,2024-04-01,90,4,79,30,15,28379.17
202404,2024-04-01,91,4,106,30,15,48148.38
202404,2024-04-01,92,4,69,20,15,28080.24
202404,2024-04-01,93,4,53,25,10,17391.42
202404,2024-04-01,94,4,84,25,15,29955.24
202404,2024-04-01,95,4,78,30,18,13782.6
202404,2024-04-01,96,4,122,35,15,22512.66
202404,2024-04-01,97,4,71,25,10,27551.55
202404,2024-04-01,98,4,92,25,12,29530.16
202404,2024-04-01,99,4,61,25,12,25222.28
202404,2024-04-01,100,4,84,20,18,30940.56
202404,2024-04-01,1,5,47,35,10,9694.69
202404,2024-04-01,2,5,57,20,12,24427.92
202404,2024-04-01,3,5,39,20,18,14363.31
202404,2024-04-01,4,5,26,30,15,9541.74
202404,2024-04-01,5,5,52,30,12,27699.36
202404,2024-04-01,6,5,48,35,15,10907.04
202404,2024-04-01,7,5,62,25,15,12390.08
202404,2024-04-01,8,5,40,20,10,12387.2
202404,2024-04-01,9,5,66,25,12,7112.16
202404,2024-04-01,10,5,34,25,12,15379.9
202404,2024-04-01,11,5,65,30,12,34474.7
202404,2024-04-01,12,5,65,25,12,4555.2
202404,2024-04-01,13,5,61,20,18,8543.05
202404,2024-04-01,14,5,62,20,10,5412.6
202404,2024-04-01,15,5,72,20,18,30204.72
202404,2024-04-01,16,5,47,35,10,12489.78
202404,2024-04-01,17,5,65,25,10,3919.5
202404,2024-04-01,18,5,79,20,10,32343.39
202404,2024-04-01,19,5,28,35,10,6805.68
202404,2024-04-01,20,5,58,30,10,36783.02
202404,2024-04-01,21,5,34,20,15,13670.38
202404,2024-04-01,22,5,70,20,10,5788.3
202404,2024-04-01,23,5,49,20,12,30707.81
202404,2024-04-01,24,5,37,25,12,9389.86
202404,2024-04-01,25,5,21,30,10,10185.63
202404,2024-04-01,26,5,47,20,12,9271.69
202404,2024-04-01,27,5,68,30,15,23760.56
202404,2024-04-01,28,5,58,30,12,33095.96
202404,2024-04-01,29,5,15,25,10,960.6
202404,2024-04-01,30,5,34,20,10,16223.78
202404,2024-04-01,31,5,32,25,12,2981.44
202404,2024-04-01,32,5,50,30,12,9693.0
202404,2024-04-01,33,5,40,20,10,23416.8
202404,2024-04-01,34,5,53,25,18,21018.21
202404,2024-04-01,35,5,75,30,12,19878.75
202404,2024-04-01,36,5,101,35,10,13855.18
202404,2024-04-01,37,5,72,25,15,19959.84
202404,2024-04-01,38,5,46,35,18,7965.82
202404,2024-04-01,39,5,34,25,12,9442.82
202404,2024-04-01,40,5,38,35,10,13181.06
202404,2024-04-01,41,5,57,30,10,8833.86
202404,2024-04-01,42,5,95,35,10,7628.5
202404,2024-04-01,43,5,83,25,18,23623.46
202404,2024-04-01,44,5,77,30,15,4797.87
202404,2024-04-01,45,5,74,20,10,9654.78
202404,2024-04-01,46,5,85,30,18,10398.05
202404,2024-04-01,47,5,77,20,18,40919.34
202404,2024-04-01,48,5,66,30,18,25491.84
202404,2024-04-01,49,5,53,30,18,31995.57
202404,2024-04-01,50,5,65,25,18,16643.25
202404,2024-04-01,51,5,69,30,18,6293.49
202404,2024-04-01,52,5,63,25,10,37189.53
202404,2024-04-01,53,5,78,35,15,34446.36
202404,2024-04-01,54,5,83,25,10,8274.27
202404,2024-04-01,55,5,39,35,10,13876.2
202404,2024-04-01,56,5,96,35,18,32705.28
202404,2024-04-01,57,5,49,20,10,22366.05
202404,2024-04-01,58,5,96,25,18,35840.64
202404,2024-04-01,59,5,108,35,10,11169.36
202404,2024-04-01,60,5,67,25,10,23482.16
202404,2024-04-01,61,5,71,30,12,33450.94
202404,2024-04-01,62,5,49,30,12,7246.61
202404,2024-04-01,63,5,62,35,10,19877.2
202404,2024-04-01,64,5,67,25,18,22036.3
202404,2024-04-01,65,5,70,35,15,22281.0
202404,2024-04-01,66,5,66,30,18,38382.96
202404,2024-04-01,67,5,72,30,18,8987.76
202404,2024-04-01,68,5,68,35,18,29086.32
202404,2024-04-01,69,5,64,30,12,25416.96
202404,2024-04-01,70,5,72,35,10,32986.8
202404,2024-04-01,71,5,85,20,15,31465.3
202404,2024-04-01,72,5,85,35,18,31154.2
202404,2024-04-01,73,5,109,25,12,29439.81
202404,2024-04-01,74,5,87,20,10,36461.7
202404,2024-04-01,75,5,68,20,10,11946.24
202404,2024-04-01,76,5,83,35,10,36318.31
202404,2024-04-01,77,5,71,25,18,7116.33
202404,2024-04-01,78,5,74,30,12,27007.78
202404,2024-04-01,79,5,60,30,10,12675.6
202404,2024-04-01,80,5,81,20,18,36863.91
202404,2024-04-01,81,5,57,35,12,12671.67
202404,2024-04-01,82,5,105,30,18,49739.55
202404,2024-04-01,83,5,111,35,15,45422.31
202404,2024-04-01,84,5,83,30,10,36125.75
202404,2024-04-01,85,5,92,20,18,17404.56
202404,2024-04-01,86,5,52,20,18,29741.4
202404,2024-04-01,87,5,76,35,15,35142.4
202404,2024-04-01,88,5,59,35,18,9147.36
202404,2024-04-01,89,5,87,35,10,12682.86
202404,2024-04-01,90,5,75,20,12,26942.25
202404,2024-04-01,91,5,71,30,12,32250.33
202404,2024-04-01,92,5,81,35,18,32963.76
202404,2024-04-01,93,5,62,25,15,20344.68
202404,2024-04-01,94,5,69,35,18,24606.09
202404,2024-04-01,95,5,56,20,18,9895.2
202404,2024-04-01,96,5,78,35,18,14393.34
202404,2024-04-01,97,5,63,25,10,24447.15
202404,2024-04-01,98,5,52,35,15,16690.96
202404,2024-04-01,99,5,107,35,18,44242.36
202404,2024-04-01,100,5,72,30,15,26520.48
202404,2024-04-01,1,6,49,30,10,10107.23
202404,2024-04-01,2,6,16,20,10,6856.96
202404,2024-04-01,3,6,60,25,15,22097.4
202404,2024-04-01,4,6,45,30,10,16514.55
202404,2024-04-01,5,6,56,30,18,29830.08
202404,2024-04-01,6,6,78,20,18,17723.94
202404,2024-04-01,7,6,53,30,15,10591.52
202404,2024-04-01,8,6,37,35,15,11458.16
202404,2024-04-01,9,6,45,20,12,4849.2
202404,2024-04-01,10,6,45,25,12,20355.75
202404,2024-04-01,11,6,46,30,10,24397.48
202404,2024-04-01,12,6,54,20,15,3784.32
202404,2024-04-01,13,6,33,20,15,4621.65
202404,2024-04-01,14,6,53,25,10,4626.9
202404,2024-04-01,15,6,73,30,10,30624.23
202404,2024-04-01,16,6,53,35,18,14084.22
202404,2024-04-01,17,6,46,35,15,2773.8
202404,2024-04-01,18,6,34,20,18,13919.94
202404,2024-04-01,19,6,97,20,15,23576.82
202404,2024-04-01,20,6,30,35,18,19025.7
202404,2024-04-01,21,6,35,30,10,14072.45
202404,2024-04-01,22,6,37,35,10,3059.53
202404,2024-04-01,23,6,33,25,15,20680.77
202404,2024-04-01,24,6,56,35,15,14211.68
202404,2024-04-01,25,6,50,25,15,24251.5
202404,2024-04-01,26,6,38,30,18,7496.26
202404,2024-04-01,27,6,60,25,18,20965.2
202404,2024-04-01,28,6,83,20,12,47361.46
202404,2024-04-01,29,6,57,30,15,3650.28
202404,2024-04-01,30,6,52,20,15,24812.84
202404,2024-04-01,31,6,29,35,12,2701.93
202404,2024-04-01,32,6,31,20,10,6009.66
202404,2024-04-01,33,6,50,30,15,29271.0
202404,2024-04-01,34,6,61,20,18,24190.77
202404,2024-04-01,35,6,17,35,12,4505.85
202404,2024-04-01,36,6,59,30,10,8093.62
202404,2024-04-01,37,6,49,30,15,13583.78
202404,2024-04-01,38,6,50,35,15,8658.5
202404,2024-04-01,39,6,50,25,18,13886.5
202404,2024-04-01,40,6,25,35,15,8671.75
202404,2024-04-01,41,6,102,35,12,15807.96
202404,2024-04-01,42,6,63,20,12,5058.9
202404,2024-04-01,43,6,104,35,12,29600.48
202404,2024-04-01,44,6,38,35,15,2367.78
202404,2024-04-01,45,6,60,35,10,7828.2
202404,2024-04-01,46,6,86,25,15,10520.38
202404,2024-04-01,47,6,81,35,12,43045.02
202404,2024-04-01,48,6,59,25,12,22788.16
202404,2024-04-01,49,6,80,30,18,48295.2
202404,2024-04-01,50,6,71,35,15,18179.55
202404,2024-04-01,51,6,65,20,12,5928.65
202404,2024-04-01,52,6,84,35,15,49586.04
202404,2024-04-01,53,6,95,30,12,41953.9
202404,2024-04-01,54,6,60,30,12,5981.4
202404,2024-04-01,55,6,50,35,12,17790.0
202404,2024-04-01,56,6,92,20,12,31342.56
202404,2024-04-01,57,6,64,25,10,29212.8
202404,2024-04-01,58,6,99,25,15,36960.66
202404,2024-04-01,59,6,86,35,18,8894.12
202404,2024-04-01,60,6,91,35,18,31893.68
202404,2024-04-01,61,6,41,20,12,19316.74
202404,2024-04-01,62,6,45,25,15,6655.05
202404,2024-04-01,63,6,93,25,10,29815.8
202404,2024-04-01,64,6,51,30,15,16773.9
202404,2024-04-01,65,6,89,25,10,28328.7
202404,2024-04-01,66,6,85,35,10,49432.6
202404,2024-04-01,67,6,66,20,10,8238.78
202404,2024-04-01,68,6,59,30,15,25236.66
202404,2024-04-01,69,6,97,20,18,38522.58
202404,2024-04-01,70,6,92,30,10,42149.8
202404,2024-04-01,71,6,71,35,12,26282.78
202404,2024-04-01,72,6,74,25,10,27122.48
202404,2024-04-01,73,6,85,20,15,22957.65
202404,2024-04-01,74,6,62,35,10,25984.2
202404,2024-04-01,75,6,81,25,10,14230.08
202404,2024-04-01,76,6,88,30,15,38506.16
202404,2024-04-01,77,6,67,35,12,6715.41
202404,2024-04-01,78,6,44,35,12,16058.68
202404,2024-04-01,79,6,90,25,10,19013.4
202404,2024-04-01,80,6,89,25,12,40504.79
202404,2024-04-01,81,6,65,30,18,14450.15
202404,2024-04-01,82,6,63,35,15,29843.73
202404,2024-04-01,83,6,79,20,18,32327.59
202404,2024-04-01,84,6,80,30,10,34820.0
202404,2024-04-01,85,6,57,30,18,10783.26
202404,2024-04-01,86,6,84,35,12,48043.8
202404,2024-04-01,87,6,51,30,12,23582.4
202404,2024-04-01,88,6,49,30,18,7596.96
202404,2024-04-01,89,6,75,30,15,10933.5
202404,2024-04-01,90,6,55,20,10,19757.65
202404,2024-04-01,91,6,53,20,12,24074.19
202404,2024-04-01,92,6,107,30,18,43544.72
202404,2024-04-01,93,6,102,30,15,33470.28
202404,2024-04-01,94,6,39,20,12,13907.79
202404,2024-04-01,95,6,50,35,18,8835.0
202404,2024-04-01,96,6,106,20,18,19560.18
202404,2024-04-01,97,6,97,30,15,37640.85
202404,2024-04-01,98,6,84,20,12,26962.32
202404,2024-04-01,99,6,49,30,12,20260.52
202404,2024-04-01,100,6,94,25,18,34623.96
202405,2024-05-01,1,1,26,30,18,5363.02
202405,2024-05-01,2,1,49,20,15,20999.44
202405,2024-05-01,3,1,66,20,18,24307.14
202405,2024-05-01,4,1,43,35,18,15780.57
202405,2024-05-01,5,1,63,30,18,33558.84
202405,2024-05-01,6,1,81,20,12,18405.63
202405,2024-05-01,7,1,89,30,10,17785.76
202405,2024-05-01,8,1,58,30,18,17961.44
202405,2024-05-01,9,1,80,30,18,8620.8
202405,2024-05-01,10,1,57,20,10,25783.95
202405,2024-05-01,11,1,61,25,18,32353.18
202405,2024-05-01,12,1,40,25,10,2803.2
202405,2024-05-01,13,1,18,35,12,2520.9
202405,2024-05-01,14,1,73,30,15,6372.9
202405,2024-05-01,15,1,58,20,10,24331.58
202405,2024-05-01,16,1,52,25,12,13818.48
202405,2024-05-01,17,1,43,25,18,2592.9
202405,2024-05-01,18,1,39,30,18,15966.99
202405,2024-05-01,19,1,60,35,12,14583.6
202405,2024-05-01,20,1,72,30,12,45661.68
202405,2024-05-01,21,1,30,30,15,12062.1
202405,2024-05-01,22,1,49,25,10,4051.81
202405,2024-05-01,23,1,54,35,15,33841.26
202405,2024-05-01,24,1,37,25,18,9389.86
202405,2024-05-01,25,1,41,35,12,19886.23
202405,2024-05-01,26,1,46,20,10,9074.42
202405,2024-05-01,27,1,37,25,10,12928.54
202405,2024-05-01,28,1,64,35,12,36519.68
202405,2024-05-01,29,1,73,30,12,4674.92
202405,2024-05-01,30,1,41,20,18,19563.97
202405,2024-05-01,31,1,52,35,15,4844.84
202405,2024-05-01,32,1,76,25,10,14733.36
202405,2024-05-01,33,1,47,30,12,27514.74
202405,2024-05-01,34,1,60,20,10,23794.2
202405,2024-05-01,35,1,46,35,18,12192.3
202405,2024-05-01,36,1,68,35,10,9328.24
202405,2024-05-01,37,1,24,25,12,6653.28
202405,2024-05-01,38,1,71,25,15,12295.07
202405,2024-05-01,39,1,60,30,18,16663.8
202405,2024-05-01,40,1,59,35,12,20465.33
202405,2024-05-01,41,1,58,35,12,8988.84
202405,2024-05-01,42,1,90,25,15,7227.0
202405,2024-05-01,43,1,41,25,18,11669.42
202405,2024-05-01,44,1,98,25,18,6106.38
202405,2024-05-01,45,1,62,25,10,8089.14
202405,2024-05-01,46,1,73,30,15,8930.09
202405,2024-05-01,47,1,52,25,18,27633.84
202405,2024-05-01,48,1,87,25,15,33602.88
202405,2024-05-01,49,1,56,35,10,33806.64
202405,2024-05-01,50,1,51,20,18,13058.55
202405,2024-05-01,51,1,70,25,15,6384.7
202405,2024-05-01,52,1,68,35,12,40141.08
202405,2024-05-01,53,1,90,35,18,39745.8
202405,2024-05-01,54,1,72,30,10,7177.68
202405,2024-05-01,55,1,71,20,10,25261.8
202405,2024-05-01,56,1,47,20,15,16011.96
202405,2024-05-01,57,1,45,25,18,20540.25
202405,2024-05-01,58,1,64,30,10,23893.76
202405,2024-05-01,59,1,49,20,15,5067.58
202405,2024-05-01,60,1,66,35,15,23131.68
202405,2024-05-01,61,1,86,35,15,40518.04
202405,2024-05-01,62,1,74,25,10,10943.86
202405,2024-05-01,63,1,76,25,15,24365.6
202405,2024-05-01,64,1,75,25,18,24667.5
202405,2024-05-01,65,1,90,30,18,28647.0
202405,2024-05-01,66,1,71,25,10,41290.76
202405,2024-05-01,67,1,80,30,18,9986.4
202405,2024-05-01,68,1,90,25,15,38496.6
202405,2024-05-01,69,1,54,20,15,21445.56
202405,2024-05-01,70,1,68,20,12,31154.2
202405,2024-05-01,71,1,38,35,15,14066.84
202405,2024-05-01,72,1,83,30,18,30421.16
202405,2024-05-01,73,1,72,30,15,19446.48
202405,2024-05-01,74,1,81,30,15,33947.1
202405,2024-05-01,75,1,53,35,12,9311.04
202405,2024-05-01,76,1,68,30,18,29754.76
202405,2024-05-01,77,1,77,25,18,7717.71
202405,2024-05-01,78,1,116,20,12,42336.52
202405,2024-05-01,79,1,45,25,10,9506.7
202405,2024-05-01,80,1,76,25,12,34588.36
202405,2024-05-01,81,1,70,20,18,15561.7
202405,2024-05-01,82,1,104,30,12,49265.84
202405,2024-05-01,83,1,47,35,18,19232.87
202405,2024-05-01,84,1,65,20,18,28291.25
202405,2024-05-01,85,1,79,20,18,14945.22
202405,2024-05-01,86,1,105,30,18,60054.75
202405,2024-05-01,87,1,79,35,18,36529.6
202405,2024-05-01,88,1,57,20,12,8837.28
202405,2024-05-01,89,1,41,20,15,5976.98
202405,2024-05-01,90,1,67,20,12,24068.41
202405,2024-05-01,91,1,73,30,12,33158.79
202405,2024-05-01,92,1,95,25,15,38661.2
202405,2024-05-01,93,1,40,25,10,13125.6
202405,2024-05-01,94,1,67,25,18,23892.87
202405,2024-05-01,95,1,76,20,12,13429.2
202405,2024-05-01,96,1,95,35,10,17530.35
202405,2024-05-01,97,1,47,30,10,18238.35
202405,2024-05-01,98,1,33,30,10,10592.34
202405,2024-05-01,99,1,82,35,15,33905.36
202405,2024-05-01,100,1,85,20,15,31308.9
202405,2024-05-01,1,2,57,25,10,11757.39
202405,2024-05-01,2,2,72,20,18,30856.32
202405,2024-05-01,3,2,78,35,18,28726.62
202405,2024-05-01,4,2,69,30,10,25322.31
202405,2024-05-01,5,2,49,30,10,26101.32
202405,2024-05-01,6,2,39,35,15,8861.97
202405,2024-05-01,7,2,51,25,12,10191.84
202405,2024-05-01,8,2,44,20,15,13625.92
202405,2024-05-01,9,2,52,30,10,5603.52
202405,2024-05-01,10,2,85,20,18,38449.75
202405,2024-05-01,11,2,45,20,18,23867.1
202405,2024-05-01,12,2,49,30,12,3433.92
202405,2024-05-01,13,2,20,25,18,2801.0
202405,2024-05-01,14,2,59,20,10,5150.7
202405,2024-05-01,15,2,71,25,12,29785.21
202405,2024-05-01,16,2,38,35,18,10098.12
202405,2024-05-01,17,2,23,30,12,1386.9
202405,2024-05-01,18,2,24,20,15,9825.84
202405,2024-05-01,19,2,71,35,18,17257.26
202405,2024-05-01,20,2,17,30,12,10781.23
202405,2024-05-01,21,2,25,30,10,10051.75
202405,2024-05-01,22,2,28,30,12,2315.32
202405,2024-05-01,23,2,71,35,18,44494.99
202405,2024-05-01,24,2,16,35,18,4060.48
202405,2024-05-01,25,2,43,30,18,20856.29
202405,2024-05-01,26,2,80,20,18,15781.6
202405,2024-05-01,27,2,46,30,12,16073.32
202405,2024-05-01,28,2,77,35,18,43937.74
202405,2024-05-01,29,2,42,20,10,2689.68
202405,2024-05-01,30,2,77,30,18,36742.09
202405,2024-05-01,31,2,50,25,12,4658.5
202405,2024-05-01,32,2,25,35,10,4846.5
202405,2024-05-01,33,2,44,30,18,25758.48
202405,2024-05-01,34,2,43,35,10,17052.51
202405,2024-05-01,35,2,51,35,15,13517.55
202405,2024-05-01,36,2,53,25,12,7270.54
202405,2024-05-01,37,2,49,30,12,13583.78
202405,2024-05-01,38,2,52,35,15,9004.84
202405,2024-05-01,39,2,38,20,10,10553.74
202405,2024-05-01,40,2,54,20,10,18730.98
202405,2024-05-01,41,2,76,35,18,11778.48
202405,2024-05-01,42,2,68,20,18,5460.4
202405,2024-05-01,43,2,76,30,15,21631.12
202405,2024-05-01,44,2,89,30,10,5545.59
202405,2024-05-01,45,2,74,20,10,9654.78
202405,2024-05-01,46,2,69,35,12,8440.77
202405,2024-05-01,47,2,90,25,18,47827.8
202405,2024-05-01,48,2,65,20,10,25105.6
202405,2024-05-01,49,2,77,35,15,46484.13
202405,2024-05-01,50,2,83,30,18,21252.15
202405,2024-05-01,51,2,90,35,15,8208.9
202405,2024-05-01,52,2,56,30,12,33057.36
202405,2024-05-01,53,2,61,25,12,26938.82
202405,2024-05-01,54,2,55,20,15,5482.95
202405,2024-05-01,55,2,63,20,18,22415.4
202405,2024-05-01,56,2,45,20,10,15330.6
202405,2024-05-01,57,2,63,35,10,28756.35
202405,2024-05-01,58,2,54,20,12,20160.36
202405,2024-05-01,59,2,110,35,18,11376.2
202405,2024-05-01,60,2,48,35,18,16823.04
202405,2024-05-01,61,2,64,30,15,30152.96
202405,2024-05-01,62,2,58,35,15,8577.62
202405,2024-05-01,63,2,72,20,12,23083.2
202405,2024-05-01,64,2,54,25,10,17760.6
202405,2024-05-01,65,2,39,25,10,12413.7
202405,2024-05-01,66,2,70,20,12,40709.2
202405,2024-05-01,67,2,95,20,12,11858.85
202405,2024-05-01,68,2,78,35,12,33363.72
202405,2024-05-01,69,2,88,25,18,34948.32
202405,2024-05-01,70,2,74,25,10,33903.1
202405,2024-05-01,71,2,49,30,18,18138.82
202405,2024-05-01,72,2,72,25,18,26389.44
202405,2024-05-01,73,2,92,35,10,24848.28
202405,2024-05-01,74,2,59,20,12,24726.9
202405,2024-05-01,75,2,80,25,18,14054.4
202405,2024-05-01,76,2,18,35,18,7876.26
202405,2024-05-01,77,2,45,20,18,4510.35
202405,2024-05-01,78,2,59,25,12,21533.23
202405,2024-05-01,79,2,107,30,18,22604.82
202405,2024-05-01,80,2,63,20,15,28671.93
202405,2024-05-01,81,2,104,20,10,23120.24
202405,2024-05-01,82,2,35,35,18,16579.85
202405,2024-05-01,83,2,55,35,15,22506.55
202405,2024-05-01,84,2,74,20,18,32208.5
202405,2024-05-01,85,2,75,35,18,14188.5
202405,2024-05-01,86,2,91,35,12,52047.45
202405,2024-05-01,87,2,93,20,10,43003.2
202405,2024-05-01,88,2,51,35,15,7907.04
202405,2024-05-01,89,2,77,20,15,11225.06
202405,2024-05-01,90,2,70,35,18,25146.1
202405,2024-05-01,91,2,56,20,18,25436.88
202405,2024-05-01,92,2,83,30,18,33777.68
202405,2024-05-01,93,2,77,35,10,25266.78
202405,2024-05-01,94,2,52,25,15,18543.72
202405,2024-05-01,95,2,41,25,18,7244.7
202405,2024-05-01,96,2,56,30,18,10333.68
202405,2024-05-01,97,2,74,25,12,28715.7
202405,2024-05-01,98,2,80,30,18,25678.4
202405,2024-05-01,99,2,55,25,15,22741.4
202405,2024-05-01,100,2,84,35,18,30940.56
202405,2024-05-01,1,3,72,30,18,14851.44
202405,2024-05-01,2,3,65,25,12,27856.4
202405,2024-05-01,3,3,60,30,10,22097.4
202405,2024-05-01,4,3,65,35,12,23854.35
202405,2024-05-01,5,3,51,25,12,27166.68
202405,2024-05-01,6,3,29,25,18,6589.67
202405,2024-05-01,7,3,57,20,18,11390.88
202405,2024-05-01,8,3,88,35,15,27251.84
202405,2024-05-01,9,3,56,25,12,6034.56
202405,2024-05-01,10,3,46,20,10,20808.1
202405,2024-05-01,11,3,40,30,15,21215.2
202405,2024-05-01,12,3,38,30,12,2663.04
202405,2024-05-01,13,3,75,25,10,10503.75
202405,2024-05-01,14,3,74,20,15,6460.2
202405,2024-05-01,15,3,85,35,10,35658.35
202405,2024-05-01,16,3,74,25,10,19664.76
202405,2024-05-01,17,3,30,25,18,1809.0
202405,2024-05-01,18,3,67,30,15,27430.47
202405,2024-05-01,19,3,53,30,10,12882.18
202405,2024-05-01,20,3,25,30,12,15854.75
202405,2024-05-01,21,3,48,20,10,19299.36
202405,2024-05-01,22,3,52,35,18,4299.88
202405,2024-05-01,23,3,63,20,10,39481.47
202405,2024-05-01,24,3,60,20,10,15226.8
202405,2024-05-01,25,3,51,20,12,24736.53
202405,2024-05-01,26,3,82,20,12,16176.14
202405,2024-05-01,27,3,59,30,12,20615.78
202405,2024-05-01,28,3,55,30,18,31384.1
202405,2024-05-01,29,3,68,35,10,4354.72
202405,2024-05-01,30,3,80,25,15,38173.6
202405,2024-05-01,31,3,44,30,12,4099.48
202405,2024-05-01,32,3,50,20,12,9693.0
202405,2024-05-01,33,3,70,35,18,40979.4
202405,2024-05-01,34,3,52,20,12,20621.64
202405,2024-05-01,35,3,44,35,15,11662.2
202405,2024-05-01,36,3,70,30,12,9602.6
202405,2024-05-01,37,3,60,20,15,16633.2
202405,2024-05-01,38,3,41,30,18,7099.97
202405,2024-05-01,39,3,48,30,12,13331.04
202405,2024-05-01,40,3,42,25,18,14568.54
202405,2024-05-01,41,3,63,25,12,9763.74
202405,2024-05-01,42,3,94,35,18,7548.2
202405,2024-05-01,43,3,68,35,18,19354.16
202405,2024-05-01,44,3,99,30,10,6168.69
202405,2024-05-01,45,3,55,35,12,7175.85
202405,2024-05-01,46,3,98,20,10,11988.34
202405,2024-05-01,47,3,89,20,15,47296.38
202405,2024-05-01,48,3,81,30,18,31285.44
202405,2024-05-01,49,3,37,25,18,22336.53
202405,2024-05-01,50,3,59,20,18,15106.95
202405,2024-05-01,51,3,85,20,12,7752.85
202405,2024-05-01,52,3,78,20,15,46044.18
202405,2024-05-01,53,3,88,35,18,38862.56
202405,2024-05-01,54,3,61,30,15,6081.09
202405,2024-05-01,55,3,68,30,10,24194.4
202405,2024-05-01,56,3,68,30,12,23166.24
202405,2024-05-01,57,3,44,35,18,20083.8
202405,2024-05-01,58,3,63,25,18,23520.42
202405,2024-05-01,59,3,102,30,18,10548.84
202405,2024-05-01,60,3,93,25,15,32594.64
202405,2024-05-01,61,3,88,20,10,41460.32
202405,2024-05-01,62,3,80,30,18,11831.2
202405,2024-05-01,63,3,72,25,15,23083.2
202405,2024-05-01,64,3,65,25,10,21378.5
202405,2024-05-01,65,3,75,30,15,23872.5
202405,2024-05-01,66,3,78,25,10,45361.68
202405,2024-05-01,67,3,64,20,15,7989.12
202405,2024-05-01,68,3,92,25,15,39352.08
202405,2024-05-01,69,3,65,35,10,25814.1
202405,2024-05-01,70,3,75,20,15,34361.25
202405,2024-05-01,71,3,52,30,15,19249.36
202405,2024-05-01,72,3,69,20,10,25289.88
202405,2024-05-01,73,3,68,20,18,18366.12
202405,2024-05-01,74,3,65,30,10,27241.5
202405,2024-05-01,75,3,86,35,15,15108.48
202405,2024-05-01,76,3,56,25,12,24503.92
202405,2024-05-01,77,3,54,30,15,5412.42
202405,2024-05-01,78,3,65,30,12,23723.05
202405,2024-05-01,79,3,66,35,12,13943.16
202405,2024-05-01,80,3,68,20,15,30947.48
202405,2024-05-01,81,3,79,25,15,17562.49
202405,2024-05-01,82,3,64,35,10,30317.44
202405,2024-05-01,83,3,111,25,18,45422.31
202405,2024-05-01,84,3,68,35,10,29597.0
202405,2024-05-01,85,3,74,20,10,13999.32
202405,2024-05-01,86,3,95,35,12,54335.25
202405,2024-05-01,87,3,39,35,12,18033.6
202405,2024-05-01,88,3,81,35,10,12558.24
202405,2024-05-01,89,3,55,30,18,8017.9
202405,2024-05-01,90,3,82,35,15,29456.86
202405,2024-05-01,91,3,72,35,18,32704.56
202405,2024-05-01,92,3,47,35,18,19127.12
202405,2024-05-01,93,3,45,35,12,14766.3
202405,2024-05-01,94,3,60,25,12,21396.6
202405,2024-05-01,95,3,51,35,18,9011.7
202405,2024-05-01,96,3,90,25,10,16607.7
202405,2024-05-01,97,3,66,25,18,25611.3
202405,2024-05-01,98,3,87,35,10,27925.26
202405,2024-05-01,99,3,87,25,15,35972.76
202405,2024-05-01,100,3,83,20,18,30572.22
202405,2024-05-01,1,4,43,20,10,8869.61
202405,2024-05-01,2,4,69,30,15,29570.64
202405,2024-05-01,3,4,25,20,12,9207.25
202405,2024-05-01,4,4,57,20,15,20918.43
202405,2024-05-01,5,4,58,30,15,30895.44
202405,2024-05-01,6,4,75,30,15,17042.25
202405,2024-05-01,7,4,75,35,10,14988.0
202405,2024-05-01,8,4,51,25,12,15793.68
202405,2024-05-01,9,4,57,35,10,6142.32
202405,2024-05-01,10,4,69,30,15,31212.15
202405,2024-05-01,11,4,55,25,12,29170.9
202405,2024-05-01,12,4,52,35,10,3644.16
202405,2024-05-01,13,4,40,20,15,5602.0
202405,2024-05-01,14,4,37,20,10,3230.1
202405,2024-05-01,15,4,64,35,18,26848.64
202405,2024-05-01,16,4,59,30,18,15678.66
202405,2024-05-01,17,4,56,30,18,3376.8
202405,2024-05-01,18,4,48,35,12,19651.68
202405,2024-05-01,19,4,60,25,18,14583.6
202405,2024-05-01,20,4,30,35,18,19025.7
202405,2024-05-01,21,4,60,25,15,24124.2
202405,2024-05-01,22,4,66,20,18,5457.54
202405,2024-05-01,23,4,52,35,12,32587.88
202405,2024-05-01,24,4,31,35,15,7867.18
202405,2024-05-01,25,4,70,20,18,33952.1
202405,2024-05-01,26,4,55,30,10,10849.85
202405,2024-05-01,27,4,44,25,10,15374.48
202405,2024-05-01,28,4,63,30,10,35949.06
202405,2024-05-01,29,4,36,20,12,2305.44
202405,2024-05-01,30,4,27,20,12,12883.59
202405,2024-05-01,31,4,82,35,10,7639.94
202405,2024-05-01,32,4,46,20,12,8917.56
202405,2024-05-01,33,4,45,20,15,26343.9
202405,2024-05-01,34,4,43,25,12,17052.51
202405,2024-05-01,35,4,75,35,10,19878.75
202405,2024-05-01,36,4,49,30,18,6721.82
202405,2024-05-01,37,4,60,20,18,16633.2
202405,2024-05-01,38,4,66,20,15,11429.22
202405,2024-05-01,39,4,68,35,12,18885.64
202405,2024-05-01,40,4,64,35,10,22199.68
202405,2024-05-01,41,4,75,30,18,11623.5
202405,2024-05-01,42,4,56,30,10,4496.8
202405,2024-05-01,43,4,45,20,10,12807.9
202405,2024-05-01,44,4,85,25,15,5296.35
202405,2024-05-01,45,4,101,25,12,13177.47
202405,2024-05-01,46,4,74,30,10,9052.42
202405,2024-05-01,47,4,75,25,15,39856.5
202405,2024-05-01,48,4,76,35,12,29354.24
202405,2024-05-01,49,4,31,20,15,18714.39
202405,2024-05-01,50,4,64,25,10,16387.2
202405,2024-05-01,51,4,53,20,15,4834.13
202405,2024-05-01,52,4,47,35,10,27744.57
202405,2024-05-01,53,4,73,30,12,32238.26
202405,2024-05-01,54,4,91,35,15,9071.79
202405,2024-05-01,55,4,45,30,18,16011.0
202405,2024-05-01,56,4,78,20,10,26573.04
202405,2024-05-01,57,4,81,25,12,36972.45
202405,2024-05-01,58,4,61,25,18,22773.74
202405,2024-05-01,59,4,64,35,10,6618.88
202405,2024-05-01,60,4,84,30,10,29440.32
202405,2024-05-01,61,4,90,30,18,42402.6
202405,2024-05-01,62,4,69,35,10,10204.41
202405,2024-05-01,63,4,64,35,10,20518.4
202405,2024-05-01,64,4,57,35,12,18747.3
202405,2024-05-01,65,4,86,20,15,27373.8
202405,2024-05-01,66,4,94,20,12,54666.64
202405,2024-05-01,67,4,81,25,15,10111.23
202405,2024-05-01,68,4,84,35,18,35930.16
202405,2024-05-01,69,4,46,20,12,18268.44
202405,2024-05-01,70,4,71,25,15,32528.65
202405,2024-05-01,71,4,76,25,12,28133.68
202405,2024-05-01,72,4,75,35,18,27489.0
202405,2024-05-01,73,4,56,20,10,15125.04
202405,2024-05-01,74,4,87,35,15,36461.7
202405,2024-05-01,75,4,79,25,10,13878.72
202405,2024-05-01,76,4,63,20,18,27566.91
202405,2024-05-01,77,4,51,30,15,5111.73
202405,2024-05-01,78,4,99,35,15,36132.03
202405,2024-05-01,79,4,62,25,15,13098.12
202405,2024-05-01,80,4,67,20,12,30492.37
202405,2024-05-01,81,4,94,20,15,20897.14
202405,2024-05-01,82,4,80,20,18,37896.8
202405,2024-05-01,83,4,56,20,12,22915.76
202405,2024-05-01,84,4,48,30,18,20892.0
202405,2024-05-01,85,4,69,25,15,13053.42
202405,2024-05-01,86,4,58,30,15,33173.1
202405,2024-05-01,87,4,57,35,15,26356.8
202405,2024-05-01,88,4,58,25,15,8992.32
202405,2024-05-01,89,4,108,30,12,15744.24
202405,2024-05-01,90,4,72,35,15,25864.56
202405,2024-05-01,91,4,84,20,12,38155.32
202405,2024-05-01,92,4,27,20,18,10987.92
202405,2024-05-01,93,4,39,20,10,12797.46
202405,2024-05-01,94,4,38,25,18,13551.18
202405,2024-05-01,95,4,75,35,18,13252.5
202405,2024-05-01,96,4,87,20,10,16054.11
202405,2024-05-01,97,4,65,20,18,25223.25
202405,2024-05-01,98,4,80,20,15,25678.4
202405,2024-05-01,99,4,64,35,15,26462.72
202405,2024-05-01,100,4,40,35,12,14733.6
202405,2024-05-01,1,5,58,20,10,11963.66
202405,2024-05-01,2,5,47,35,15,20142.32
202405,2024-05-01,3,5,51,25,18,18782.79
202405,2024-05-01,4,5,76,20,12,27891.24
202405,2024-05-01,5,5,16,20,15,8522.88
202405,2024-05-01,6,5,40,30,12,9089.2
202405,2024-05-01,7,5,61,20,15,12190.24
202405,2024-05-01,8,5,53,25,12,16413.04
202405,2024-05-01,9,5,48,35,15,5172.48
202405,2024-05-01,10,5,75,20,15,33926.25
202405,2024-05-01,11,5,28,35,12,14850.64
202405,2024-05-01,12,5,98,20,12,6867.84
202405,2024-05-01,13,5,73,35,10,10223.65
202405,2024-05-01,14,5,42,30,18,3666.6
202405,2024-05-01,15,5,46,25,12,19297.46
202405,2024-05-01,16,5,88,25,10,23385.12
202405,2024-05-01,17,5,85,25,10,5125.5
202405,2024-05-01,18,5,51,25,15,20879.91
202405,2024-05-01,19,5,74,25,15,17986.44
202405,2024-05-01,20,5,23,25,10,14586.37
202405,2024-05-01,21,5,62,30,18,24928.34
202405,2024-05-01,22,5,102,20,18,8434.38
202405,2024-05-01,23,5,26,20,15,16293.94
202405,2024-05-01,24,5,63,35,18,15988.14
202405,2024-05-01,25,5,66,30,10,32011.98
202405,2024-05-01,26,5,44,35,18,8679.88
202405,2024-05-01,27,5,45,30,10,15723.9
202405,2024-05-01,28,5,55,25,10,31384.1
202405,2024-05-01,29,5,49,30,18,3137.96
202405,2024-05-01,30,5,89,35,15,42468.13
202405,2024-05-01,31,5,36,20,18,3354.12
202405,2024-05-01,32,5,69,25,15,13376.34
202405,2024-05-01,33,5,39,20,10,22831.38
202405,2024-05-01,34,5,53,25,18,21018.21
202405,2024-05-01,35,5,41,20,12,10867.05
202405,2024-05-01,36,5,83,25,12,11385.94
202405,2024-05-01,37,5,15,30,15,4158.3
202405,2024-05-01,38,5,43,20,10,7446.31
202405,2024-05-01,39,5,81,20,18,22496.13
202405,2024-05-01,40,5,58,35,10,20118.46
202405,2024-05-01,41,5,69,30,15,10693.62
202405,2024-05-01,42,5,58,25,10,4657.4
202405,2024-05-01,43,5,37,35,12,10530.94
202405,2024-05-01,44,5,69,30,10,4299.39
202405,2024-05-01,45,5,73,30,12,9524.31
202405,2024-05-01,46,5,54,20,18,6605.82
202405,2024-05-01,47,5,86,20,18,45702.12
202405,2024-05-01,48,5,74,20,10,28581.76
202405,2024-05-01,49,5,78,20,10,47087.82
202405,2024-05-01,50,5,97,35,15,24836.85
202405,2024-05-01,51,5,58,20,12,5290.18
202405,2024-05-01,52,5,55,20,18,32467.05
202405,2024-05-01,53,5,71,20,15,31355.02
202405,2024-05-01,54,5,106,35,10,10567.14
202405,2024-05-01,55,5,98,20,10,34868.4
202405,2024-05-01,56,5,83,20,15,28276.44
202405,2024-05-01,57,5,84,35,18,38341.8
202405,2024-05-01,58,5,75,20,18,28000.5
202405,2024-05-01,59,5,111,25,10,11479.62
202405,2024-05-01,60,5,91,35,18,31893.68
202405,2024-05-01,61,5,76,35,18,35806.64
202405,2024-05-01,62,5,49,20,15,7246.61
202405,2024-05-01,63,5,89,20,18,28533.4
202405,2024-05-01,64,5,36,30,12,11840.4
202405,2024-05-01,65,5,72,20,10,22917.6
202405,2024-05-01,66,5,37,20,10,21517.72
202405,2024-05-01,67,5,83,25,12,10360.89
202405,2024-05-01,68,5,95,30,15,40635.3
202405,2024-05-01,69,5,75,35,18,29785.5
202405,2024-05-01,70,5,66,35,12,30237.9
202405,2024-05-01,71,5,75,25,12,27763.5
202405,2024-05-01,72,5,52,20,10,19059.04
202405,2024-05-01,73,5,67,25,15,18096.03
202405,2024-05-01,74,5,58,35,15,24307.8
202405,2024-05-01,75,5,45,30,12,7905.6
202405,2024-05-01,76,5,79,25,18,34568.03
202405,2024-05-01,77,5,77,30,15,7717.71
202405,2024-05-01,78,5,76,30,15,27737.72
202405,2024-05-01,79,5,79,20,12,16689.54
202405,2024-05-01,80,5,60,20,12,27306.6
202405,2024-05-01,81,5,99,20,18,22008.69
202405,2024-05-01,82,5,59,30,12,27948.89
202405,2024-05-01,83,5,72,25,12,29463.12
202405,2024-05-01,84,5,39,20,15,16974.75
202405,2024-05-01,85,5,57,25,18,10783.26
202405,2024-05-01,86,5,84,35,15,48043.8
202405,2024-05-01,87,5,81,30,15,37454.4
202405,2024-05-01,88,5,31,35,15,4806.24
202405,2024-05-01,89,5,67,25,10,9767.26
202405,2024-05-01,90,5,59,35,10,21194.57
202405,2024-05-01,91,5,105,35,12,47694.15
202405,2024-05-01,92,5,85,20,12,34591.6
202405,2024-05-01,93,5,73,25,18,23954.22
202405,2024-05-01,94,5,63,25,12,22466.43
202405,2024-05-01,95,5,81,35,15,14312.7
202405,2024-05-01,96,5,56,35,12,10333.68
202405,2024-05-01,97,5,89,35,12,34536.45
202405,2024-05-01,98,5,92,20,15,29530.16
202405,2024-05-01,99,5,73,20,10,30184.04
202405,2024-05-01,100,5,90,30,10,33150.6
202405,2024-05-01,1,6,53,20,12,10932.31
202405,2024-05-01,2,6,48,30,18,20570.88
202405,2024-05-01,3,6,46,25,15,16941.34
202405,2024-05-01,4,6,61,20,10,22386.39
202405,2024-05-01,5,6,35,25,12,18643.8
202405,2024-05-01,6,6,28,30,12,6362.44
202405,2024-05-01,7,6,61,25,15,12190.24
202405,2024-05-01,8,6,44,25,15,13625.92
202405,2024-05-01,9,6,42,25,12,4525.92
202405,2024-05-01,10,6,52,25,10,23522.2
202405,2024-05-01,11,6,66,25,15,35005.08
202405,2024-05-01,12,6,42,20,10,2943.36
202405,2024-05-01,13,6,38,25,18,5321.9
202405,2024-05-01,14,6,45,20,15,3928.5
202405,2024-05-01,15,6,34,25,15,14263.34
202405,2024-05-01,16,6,4,35,12,1062.96
202405,2024-05-01,17,6,36,30,15,2170.8
202405,2024-05-01,18,6,58,25,18,23745.78
202405,2024-05-01,19,6,60,20,10,14583.6
202405,2024-05-01,20,6,53,25,12,33612.07
202405,2024-05-01,21,6,50,25,12,20103.5
202405,2024-05-01,22,6,75,35,15,6201.75
202405,2024-05-01,23,6,48,30,18,30081.12
202405,2024-05-01,24,6,36,25,10,9136.08
202405,2024-05-01,25,6,78,25,15,37832.34
202405,2024-05-01,26,6,49,25,15,9666.23
202405,2024-05-01,27,6,15,25,10,5241.3
202405,2024-05-01,28,6,59,30,12,33666.58
202405,2024-05-01,29,6,54,35,12,3458.16
202405,2024-05-01,30,6,61,20,18,29107.37
202405,2024-05-01,31,6,53,20,12,4938.01
202405,2024-05-01,32,6,43,35,15,8335.98
202405,2024-05-01,33,6,61,35,18,35710.62
202405,2024-05-01,34,6,42,25,15,16655.94
202405,2024-05-01,35,6,48,30,18,12722.4
202405,2024-05-01,36,6,75,35,18,10288.5
202405,2024-05-01,37,6,45,30,18,12474.9
202405,2024-05-01,38,6,45,20,12,7792.65
202405,2024-05-01,39,6,11,25,12,3055.03
202405,2024-05-01,40,6,70,35,12,24280.9
202405,2024-05-01,41,6,66,35,12,10228.68
202405,2024-05-01,42,6,120,30,18,9636.0
202405,2024-05-01,43,6,83,35,12,23623.46
202405,2024-05-01,44,6,39,30,15,2430.09
202405,2024-05-01,45,6,72,20,12,9393.84
202405,2024-05-01,46,6,75,20,15,9174.75
202405,2024-05-01,47,6,91,35,15,48359.22
202405,2024-05-01,48,6,93,25,10,35920.32
202405,2024-05-01,49,6,76,35,15,45880.44
202405,2024-05-01,50,6,61,35,18,15619.05
202405,2024-05-01,51,6,88,35,18,8026.48
202405,2024-05-01,52,6,46,35,15,27154.26
202405,2024-05-01,53,6,81,35,15,35771.22
202405,2024-05-01,54,6,78,30,18,7775.82
202405,2024-05-01,55,6,47,20,12,16722.6
202405,2024-05-01,56,6,56,35,12,19078.08
202405,2024-05-01,57,6,80,30,10,36516.0
202405,2024-05-01,58,6,97,30,10,36213.98
202405,2024-05-01,59,6,52,30,10,5377.84
202405,2024-05-01,60,6,51,30,12,17874.48
202405,2024-05-01,61,6,55,20,10,25912.7
202405,2024-05-01,62,6,86,20,15,12718.54
202405,2024-05-01,63,6,53,20,12,16991.8
202405,2024-05-01,64,6,66,30,12,21707.4
202405,2024-05-01,65,6,42,30,15,13368.6
202405,2024-05-01,66,6,56,30,15,32567.36
202405,2024-05-01,67,6,62,25,12,7739.46
202405,2024-05-01,68,6,76,30,10,32508.24
202405,2024-05-01,69,6,61,30,15,24225.54
202405,2024-05-01,70,6,52,30,18,23823.8
202405,2024-05-01,71,6,47,35,10,17398.46
202405,2024-05-01,72,6,97,35,12,35552.44
202405,2024-05-01,73,6,76,35,12,20526.84
202405,2024-05-01,74,6,68,25,12,28498.8
202405,2024-05-01,75,6,70,35,12,12297.6
202405,2024-05-01,76,6,40,35,18,17502.8
202405,2024-05-01,77,6,78,30,10,7817.94
202405,2024-05-01,78,6,97,30,12,35402.09
202405,2024-05-01,79,6,61,35,18,12886.86
202405,2024-05-01,80,6,66,25,18,30037.26
202405,2024-05-01,81,6,66,35,10,14672.46
202405,2024-05-01,82,6,44,30,12,20843.24
202405,2024-05-01,83,6,93,25,15,38056.53
202405,2024-05-01,84,6,76,20,18,33079.0
202405,2024-05-01,85,6,93,30,15,17593.74
202405,2024-05-01,86,6,101,25,18,57766.95
202405,2024-05-01,87,6,46,35,18,21270.4
202405,2024-05-01,88,6,104,30,15,16124.16
202405,2024-05-01,89,6,65,20,10,9475.7
202405,2024-05-01,90,6,50,25,12,17961.5
202405,2024-05-01,91,6,77,30,18,34975.71
202405,2024-05-01,92,6,72,35,12,29301.12
202405,2024-05-01,93,6,85,35,10,27891.9
202405,2024-05-01,94,6,66,35,12,23536.26
202405,2024-05-01,95,6,54,35,10,9541.8
202405,2024-05-01,96,6,82,30,18,15131.46
202405,2024-05-01,97,6,78,30,10,30267.9
202405,2024-05-01,98,6,64,25,10,20542.72
202405,2024-05-01,99,6,80,25,10,33078.4
202405,2024-05-01,100,6,66,35,10,24310.44
202406,2024-06-01,1,1,37,25,12,7631.99
202406,2024-06-01,2,1,75,20,18,32142.0
202406,2024-06-01,3,1,65,30,12,23938.85
202406,2024-06-01,4,1,64,25,15,23487.36
202406,2024-06-01,5,1,52,20,18,27699.36
202406,2024-06-01,6,1,43,20,15,9770.89
202406,2024-06-01,7,1,57,20,12,11390.88
202406,2024-06-01,8,1,70,30,18,21677.6
202406,2024-06-01,9,1,47,35,12,5064.72
202406,2024-06-01,10,1,14,20,12,6332.9
202406,2024-06-01,11,1,53,35,18,28110.14
202406,2024-06-01,12,1,45,20,18,3153.6
202406,2024-06-01,13,1,74,25,12,10363.7
202406,2024-06-01,14,1,45,25,15,3928.5
202406,2024-06-01,15,1,40,35,18,16780.4
202406,2024-06-01,16,1,55,25,15,14615.7
202406,2024-06-01,17,1,79,25,18,4763.7
202406,2024-06-01,18,1,15,30,12,6141.15
202406,2024-06-01,19,1,47,20,12,11423.82
202406,2024-06-01,20,1,67,35,10,42490.73
202406,2024-06-01,21,1,49,35,12,19701.43
202406,2024-06-01,22,1,47,30,18,3886.43
202406,2024-06-01,23,1,45,35,18,28201.05
202406,2024-06-01,24,1,69,20,10,17510.82
202406,2024-06-01,25,1,73,30,18,35407.19
202406,2024-06-01,26,1,45,30,15,8877.15
202406,2024-06-01,27,1,33,35,12,11530.86
202406,2024-06-01,28,1,89,35,12,50785.18
202406,2024-06-01,29,1,48,25,18,3073.92
202406,2024-06-01,30,1,66,35,18,31493.22
202406,2024-06-01,31,1,54,25,10,5031.18
202406,2024-06-01,32,1,66,35,10,12794.76
202406,2024-06-01,33,1,50,25,12,29271.0
202406,2024-06-01,34,1,57,30,15,22604.49
202406,2024-06-01,35,1,48,20,12,12722.4
202406,2024-06-01,36,1,71,35,18,9739.78
202406,2024-06-01,37,1,28,20,15,7762.16
202406,2024-06-01,38,1,64,20,10,11082.88
202406,2024-06-01,39,1,44,30,18,12220.12
202406,2024-06-01,40,1,46,35,12,15956.02
202406,2024-06-01,41,1,43,30,12,6664.14
202406,2024-06-01,42,1,116,20,18,9314.8
202406,2024-06-01,43,1,74,20,10,21061.88
202406,2024-06-01,44,1,84,35,18,5234.04
202406,2024-06-01,45,1,104,30,18,13568.88
202406,2024-06-01,46,1,104,25,18,12722.32
202406,2024-06-01,47,1,75,20,10,39856.5
202406,2024-06-01,48,1,68,30,10,26264.32
202406,2024-06-01,49,1,90,25,15,54332.1
202406,2024-06-01,50,1,104,35,18,26629.2
202406,2024-06-01,51,1,51,35,10,4651.71
202406,2024-06-01,52,1,70,20,12,41321.7
202406,2024-06-01,53,1,51,35,12,22522.62
202406,2024-06-01,54,1,60,35,15,5981.4
202406,2024-06-01,55,1,67,25,12,23838.6
202406,2024-06-01,56,1,70,20,10,23847.6
202406,2024-06-01,57,1,42,25,15,19170.9
202406,2024-06-01,58,1,57,20,18,21280.38
202406,2024-06-01,59,1,73,25,10,7549.66
202406,2024-06-01,60,1,66,20,15,23131.68
202406,2024-06-01,61,1,50,25,18,23557.0
202406,2024-06-01,62,1,78,30,12,11535.42
202406,2024-06-01,63,1,68,25,10,21800.8
202406,2024-06-01,64,1,85,25,18,27956.5
202406,2024-06-01,65,1,102,20,10,32466.6
202406,2024-06-01,66,1,106,35,15,61645.36
202406,2024-06-01,67,1,69,35,10,8613.27
202406,2024-06-01,68,1,72,20,10,30797.28
202406,2024-06-01,69,1,82,35,12,32565.48
202406,2024-06-01,70,1,74,25,15,33903.1
202406,2024-06-01,71,1,55,25,12,20359.9
202406,2024-06-01,72,1,27,20,10,9896.04
202406,2024-06-01,73,1,54,35,10,14584.86
202406,2024-06-01,74,1,64,20,15,26822.4
202406,2024-06-01,75,1,77,25,10,13527.36
202406,2024-06-01,76,1,48,25,10,21003.36
202406,2024-06-01,77,1,61,25,12,6114.03
202406,2024-06-01,78,1,61,20,18,22263.17
202406,2024-06-01,79,1,109,20,15,23027.34
202406,2024-06-01,80,1,93,30,12,42325.23
202406,2024-06-01,81,1,60,25,18,13338.6
202406,2024-06-01,82,1,63,35,10,29843.73
202406,2024-06-01,83,1,51,25,12,20869.71
202406,2024-06-01,84,1,63,20,15,27420.75
202406,2024-06-01,85,1,71,30,12,13431.78
202406,2024-06-01,86,1,74,20,18,42324.3
202406,2024-06-01,87,1,84,30,10,38841.6
202406,2024-06-01,88,1,101,35,12,15659.04
202406,2024-06-01,89,1,84,35,12,12245.52
202406,2024-06-01,90,1,68,20,15,24427.64
202406,2024-06-01,91,1,55,30,10,24982.65
202406,2024-06-01,92,1,67,20,12,27266.32
202406,2024-06-01,93,1,66,35,15,21657.24
202406,2024-06-01,94,1,80,35,10,28528.8
202406,2024-06-01,95,1,84,25,15,14842.8
202406,2024-06-01,96,1,62,20,15,11440.86
202406,2024-06-01,97,1,63,35,12,24447.15
202406,2024-06-01,98,1,80,30,12,25678.4
202406,2024-06-01,99,1,75,30,18,31011.0
202406,2024-06-01,100,1,64,20,15,23573.76
202406,2024-06-01,1,2,59,20,18,12169.93
202406,2024-06-01,2,2,46,35,12,19713.76
202406,2024-06-01,3,2,65,20,12,23938.85
202406,2024-06-01,4,2,67,20,10,24588.33
202406,2024-06-01,5,2,51,30,12,27166.68
202406,2024-06-01,6,2,32,35,12,7271.36
202406,2024-06-01,7,2,67,20,10,13389.28
202406,2024-06-01,8,2,34,25,15,10529.12
202406,2024-06-01,9,2,45,35,15,4849.2
202406,2024-06-01,10,2,90,25,12,40711.5
202406,2024-06-01,11,2,88,35,12,46673.44
202406,2024-06-01,12,2,56,20,12,3924.48
202406,2024-06-01,13,2,72,35,15,10083.6
202406,2024-06-01,14,2,56,25,15,4888.8
202406,2024-06-01,15,2,78,30,10,32721.78
202406,2024-06-01,16,2,28,35,15,7440.72
202406,2024-06-01,17,2,50,20,12,3015.0
202406,2024-06-01,18,2,24,30,15,9825.84
202406,2024-06-01,19,2,86,25,12,20903.16
202406,2024-06-01,20,2,58,20,12,36783.02
202406,2024-06-01,21,2,54,25,18,21711.78
202406,2024-06-01,22,2,64,30,12,5292.16
202406,2024-06-01,23,2,64,35,10,40108.16
202406,2024-06-01,24,2,47,20,18,11927.66
202406,2024-06-01,25,2,50,20,12,24251.5
202406,2024-06-01,26,2,35,20,12,6904.45
202406,2024-06-01,27,2,49,25,12,17121.58
202406,2024-06-01,28,2,41,20,12,23395.42
202406,2024-06-01,29,2,60,25,12,3842.4
202406,2024-06-01,30,2,44,20,18,20995.48
202406,2024-06-01,31,2,65,35,15,6056.05
202406,2024-06-01,32,2,38,25,12,7366.68
202406,2024-06-01,33,2,82,25,18,48004.44
202406,2024-06-01,34,2,41,25,12,16259.37
202406,2024-06-01,35,2,38,30,15,10071.9
202406,2024-06-01,36,2,51,35,12,6996.18
202406,2024-06-01,37,2,23,30,18,6376.06
202406,2024-06-01,38,2,72,20,15,12468.24
202406,2024-06-01,39,2,34,35,18,9442.82
202406,2024-06-01,40,2,71,25,18,24627.77
202406,2024-06-01,41,2,65,35,18,10073.7
202406,2024-06-01,42,2,52,35,12,4175.6
202406,2024-06-01,43,2,77,35,10,21915.74
202406,2024-06-01,44,2,53,35,18,3302.43
202406,2024-06-01,45,2,83,20,15,10829.01
202406,2024-06-01,46,2,74,25,12,9052.42
202406,2024-06-01,47,2,70,30,18,37199.4
202406,2024-06-01,48,2,43,35,15,16608.32
202406,2024-06-01,49,2,58,35,15,35014.02
202406,2024-06-01,50,2,54,35,18,13826.7
202406,2024-06-01,51,2,89,20,15,8117.69
202406,2024-06-01,52,2,78,25,18,46044.18
202406,2024-06-01,53,2,76,25,12,33563.12
202406,2024-06-01,54,2,79,25,10,7875.51
202406,2024-06-01,55,2,94,20,15,33445.2
202406,2024-06-01,56,2,71,35,18,24188.28
202406,2024-06-01,57,2,78,35,18,35603.1
202406,2024-06-01,58,2,68,30,18,25387.12
202406,2024-06-01,59,2,33,35,15,3412.86
202406,2024-06-01,60,2,88,20,18,30842.24
202406,2024-06-01,61,2,73,20,10,34393.22
202406,2024-06-01,62,2,70,35,12,10352.3
202406,2024-06-01,63,2,80,25,18,25648.0
202406,2024-06-01,64,2,65,30,15,21378.5
202406,2024-06-01,65,2,35,35,15,11140.5
202406,2024-06-01,66,2,91,20,18,52921.96
202406,2024-06-01,67,2,48,35,12,5991.84
202406,2024-06-01,68,2,69,25,18,29514.06
202406,2024-06-01,69,2,112,20,15,44479.68
202406,2024-06-01,70,2,63,20,12,28863.45
202406,2024-06-01,71,2,59,30,18,21840.62
202406,2024-06-01,72,2,86,25,15,31520.72
202406,2024-06-01,73,2,99,25,12,26738.91
202406,2024-06-01,74,2,73,20,10,30594.3
202406,2024-06-01,75,2,40,20,18,7027.2
202406,2024-06-01,76,2,72,35,10,31505.04
202406,2024-06-01,77,2,65,25,18,6514.95
202406,2024-06-01,78,2,62,25,18,22628.14
202406,2024-06-01,79,2,59,30,15,12464.34
202406,2024-06-01,80,2,67,35,15,30492.37
202406,2024-06-01,81,2,83,35,10,18451.73
202406,2024-06-01,82,2,71,20,15,33633.41
202406,2024-06-01,83,2,86,25,15,35192.06
202406,2024-06-01,84,2,60,25,18,26115.0
202406,2024-06-01,85,2,69,30,10,13053.42
202406,2024-06-01,86,2,76,25,18,43468.2
202406,2024-06-01,87,2,64,20,10,29593.6
202406,2024-06-01,88,2,94,20,18,14573.76
202406,2024-06-01,89,2,69,35,15,10058.82
202406,2024-06-01,90,2,111,35,12,39874.53
202406,2024-06-01,91,2,49,25,15,22257.27
202406,2024-06-01,92,2,46,25,12,18720.16
202406,2024-06-01,93,2,80,25,18,26251.2
202406,2024-06-01,94,2,77,25,10,27458.97
202406,2024-06-01,95,2,51,35,12,9011.7
202406,2024-06-01,96,2,81,25,12,14946.93
202406,2024-06-01,97,2,60,20,12,23283.0
202406,2024-06-01,98,2,52,25,15,16690.96
202406,2024-06-01,99,2,69,35,18,28530.12
202406,2024-06-01,100,2,77,20,12,28362.18
202406,2024-06-01,1,3,31,20,15,6394.37
202406,2024-06-01,2,3,52,20,18,22285.12
202406,2024-06-01,3,3,49,20,15,18046.21
202406,2024-06-01,4,3,51,20,15,18716.49
202406,2024-06-01,5,3,67,20,12,35689.56
202406,2024-06-01,6,3,45,35,18,10225.35
202406,2024-06-01,7,3,62,20,10,12390.08
202406,2024-06-01,8,3,51,20,15,15793.68
202406,2024-06-01,9,3,77,20,10,8297.52
202406,2024-06-01,10,3,77,20,12,34830.95
202406,2024-06-01,11,3,39,20,18,20684.82
202406,2024-06-01,12,3,89,30,18,6237.12
202406,2024-06-01,13,3,50,35,15,7002.5
202406,2024-06-01,14,3,69,35,15,6023.7
202406,2024-06-01,15,3,66,30,15,27687.66
202406,2024-06-01,16,3,61,30,12,16210.14
202406,2024-06-01,17,3,44,30,18,2653.2
202406,2024-06-01,18,3,83,35,10,33981.03
202406,2024-06-01,19,3,56,30,15,13611.36
202406,2024-06-01,20,3,61,20,10,38685.59
202406,2024-06-01,21,3,32,35,18,12866.24
202406,2024-06-01,22,3,55,25,10,4547.95
202406,2024-06-01,23,3,35,20,15,21934.15
202406,2024-06-01,24,3,32,25,15,8120.96
202406,2024-06-01,25,3,48,35,18,23281.44
202406,2024-06-01,26,3,51,35,12,10060.77
202406,2024-06-01,27,3,63,20,15,22013.46
202406,2024-06-01,28,3,83,20,15,47361.46
202406,2024-06-01,29,3,74,20,15,4738.96
202406,2024-06-01,30,3,68,35,12,32447.56
202406,2024-06-01,31,3,54,35,18,5031.18
202406,2024-06-01,32,3,55,20,15,10662.3
202406,2024-06-01,33,3,40,35,18,23416.8
202406,2024-06-01,34,3,78,20,18,30932.46
202406,2024-06-01,35,3,38,30,12,10071.9
202406,2024-06-01,36,3,32,25,10,4389.76
202406,2024-06-01,37,3,32,25,18,8871.04
202406,2024-06-01,38,3,36,20,15,6234.12
202406,2024-06-01,39,3,45,35,12,12497.85
202406,2024-06-01,40,3,47,35,10,16302.89
202406,2024-06-01,41,3,65,35,12,10073.7
202406,2024-06-01,42,3,78,25,12,6263.4
202406,2024-06-01,43,3,75,25,10,21346.5
202406,2024-06-01,44,3,71,20,18,4424.01
202406,2024-06-01,45,3,85,20,12,11089.95
202406,2024-06-01,46,3,44,30,18,5382.52
202406,2024-06-01,47,3,34,30,12,18068.28
202406,2024-06-01,48,3,82,30,18,31671.68
202406,2024-06-01,49,3,94,20,12,56746.86
202406,2024-06-01,50,3,65,35,10,16643.25
202406,2024-06-01,51,3,70,30,12,6384.7
202406,2024-06-01,52,3,93,20,15,54898.83
202406,2024-06-01,53,3,72,35,18,31796.64
202406,2024-06-01,54,3,92,35,12,9171.48
202406,2024-06-01,55,3,105,25,15,37359.0
202406,2024-06-01,56,3,40,20,15,13627.2
202406,2024-06-01,57,3,40,20,10,18258.0
202406,2024-06-01,58,3,84,20,15,31360.56
202406,2024-06-01,59,3,57,25,10,5894.94
202406,2024-06-01,60,3,71,30,12,24884.08
202406,2024-06-01,61,3,103,30,18,48527.42
202406,2024-06-01,62,3,76,20,15,11239.64
202406,2024-06-01,63,3,81,20,12,25968.6
202406,2024-06-01,64,3,68,35,18,22365.2
202406,2024-06-01,65,3,77,30,15,24509.1
202406,2024-06-01,66,3,74,25,12,43035.44
202406,2024-06-01,67,3,63,20,18,7864.29
202406,2024-06-01,68,3,104,20,18,44484.96
202406,2024-06-01,69,3,61,30,12,24225.54
202406,2024-06-01,70,3,81,30,12,37110.15
202406,2024-06-01,71,3,84,35,18,31095.12
202406,2024-06-01,72,3,98,25,15,35918.96
202406,2024-06-01,73,3,72,25,10,19446.48
202406,2024-06-01,74,3,71,30,15,29756.1
202406,2024-06-01,75,3,76,20,15,13351.68
202406,2024-06-01,76,3,62,35,12,27129.34
202406,2024-06-01,77,3,68,35,15,6815.64
202406,2024-06-01,78,3,79,35,10,28832.63
202406,2024-06-01,79,3,81,30,12,17112.06
202406,2024-06-01,80,3,98,25,12,44600.78
202406,2024-06-01,81,3,73,20,12,16228.63
202406,2024-06-01,82,3,66,35,18,31264.86
202406,2024-06-01,83,3,78,30,12,31918.38
202406,2024-06-01,84,3,76,20,18,33079.0
202406,2024-06-01,85,3,73,30,18,13810.14
202406,2024-06-01,86,3,71,35,15,40608.45
202406,2024-06-01,87,3,57,35,18,26356.8
202406,2024-06-01,88,3,74,20,15,11472.96
202406,2024-06-01,89,3,76,30,12,11079.28
202406,2024-06-01,90,3,66,35,10,23709.18
202406,2024-06-01,91,3,72,25,15,32704.56
202406,2024-06-01,92,3,51,20,15,20754.96
202406,2024-06-01,93,3,77,35,12,25266.78
202406,2024-06-01,94,3,62,25,18,22109.82
202406,2024-06-01,95,3,40,35,15,7068.0
202406,2024-06-01,96,3,62,25,12,11440.86
202406,2024-06-01,97,3,63,25,12,24447.15
202406,2024-06-01,98,3,60,20,15,19258.8
202406,2024-06-01,99,3,79,20,12,32664.92
202406,2024-06-01,100,3,82,35,18,30203.88
202406,2024-06-01,1,4,62,25,10,12788.74
202406,2024-06-01,2,4,30,20,15,12856.8
202406,2024-06-01,3,4,38,35,12,13995.02
202406,2024-06-01,4,4,60,20,10,22019.4
202406,2024-06-01,5,4,76,30,18,40483.68
202406,2024-06-01,6,4,44,25,18,9998.12
202406,2024-06-01,7,4,47,25,10,9392.48
202406,2024-06-01,8,4,47,20,12,14554.96
202406,2024-06-01,9,4,89,35,18,9590.64
202406,2024-06-01,10,4,59,30,12,26688.65
202406,2024-06-01,11,4,78,35,10,41369.64
202406,2024-06-01,12,4,57,35,18,3994.56
202406,2024-06-01,13,4,69,30,18,9663.45
202406,2024-06-01,14,4,31,30,10,2706.3
202406,2024-06-01,15,4,61,20,10,25590.11
202406,2024-06-01,16,4,53,20,10,14084.22
202406,2024-06-01,17,4,29,35,12,1748.7
202406,2024-06-01,18,4,20,20,18,8188.2
202406,2024-06-01,19,4,40,30,10,9722.4
202406,2024-06-01,20,4,26,25,18,16488.94
202406,2024-06-01,21,4,59,35,18,23722.13
202406,2024-06-01,22,4,51,30,12,4217.19
202406,2024-06-01,23,4,44,20,15,27574.36
202406,2024-06-01,24,4,66,20,12,16749.48
202406,2024-06-01,25,4,63,35,10,30556.89
202406,2024-06-01,26,4,36,35,18,7101.72
202406,2024-06-01,27,4,46,20,10,16073.32
202406,2024-06-01,28,4,75,25,10,42796.5
202406,2024-06-01,29,4,49,25,12,3137.96
202406,2024-06-01,30,4,45,20,18,21472.65
202406,2024-06-01,31,4,91,30,10,8478.47
202406,2024-06-01,32,4,42,20,12,8142.12
202406,2024-06-01,33,4,79,25,12,46248.18
202406,2024-06-01,34,4,55,20,15,21811.35
202406,2024-06-01,35,4,79,20,10,20938.95
202406,2024-06-01,36,4,55,20,15,7544.9
202406,2024-06-01,37,4,49,30,12,13583.78
202406,2024-06-01,38,4,39,35,10,6753.63
202406,2024-06-01,39,4,65,25,15,18052.45
202406,2024-06-01,40,4,7,20,15,2428.09
202406,2024-06-01,41,4,62,35,12,9608.76
202406,2024-06-01,42,4,79,35,15,6343.7
202406,2024-06-01,43,4,74,30,12,21061.88
202406,2024-06-01,44,4,84,20,10,5234.04
202406,2024-06-01,45,4,79,25,10,10307.13
202406,2024-06-01,46,4,68,25,12,8318.44
202406,2024-06-01,47,4,43,30,12,22851.06
202406,2024-06-01,48,4,83,25,12,32057.92
202406,2024-06-01,49,4,74,30,15,44673.06
202406,2024-06-01,50,4,79,25,18,20227.95
202406,2024-06-01,51,4,66,20,15,6019.86
202406,2024-06-01,52,4,52,30,18,30696.12
202406,2024-06-01,53,4,85,25,18,37537.7
202406,2024-06-01,54,4,63,35,10,6280.47
202406,2024-06-01,55,4,46,30,18,16366.8
202406,2024-06-01,56,4,70,25,12,23847.6
202406,2024-06-01,57,4,54,20,15,24648.3
202406,2024-06-01,58,4,83,25,15,30987.22
202406,2024-06-01,59,4,73,25,18,7549.66
202406,2024-06-01,60,4,59,25,15,20678.32
202406,2024-06-01,61,4,98,35,18,46171.72
202406,2024-06-01,62,4,65,20,12,9612.85
202406,2024-06-01,63,4,96,20,15,30777.6
202406,2024-06-01,64,4,52,20,10,17102.8
202406,2024-06-01,65,4,57,35,10,18143.1
202406,2024-06-01,66,4,73,30,10,42453.88
202406,2024-06-01,67,4,77,30,15,9611.91
202406,2024-06-01,68,4,64,30,12,27375.36
202406,2024-06-01,69,4,73,25,15,28991.22
202406,2024-06-01,70,4,40,20,10,18326.0
202406,2024-06-01,71,4,84,35,12,31095.12
202406,2024-06-01,72,4,51,35,10,18692.52
202406,2024-06-01,73,4,60,20,12,16205.4
202406,2024-06-01,74,4,85,30,18,35623.5
202406,2024-06-01,75,4,78,20,15,13703.04
202406,2024-06-01,76,4,102,30,15,44632.14
202406,2024-06-01,77,4,42,20,10,4209.66
202406,2024-06-01,78,4,52,25,15,18978.44
202406,2024-06-01,79,4,72,35,12,15210.72
202406,2024-06-01,80,4,71,30,18,32312.81
202406,2024-06-01,81,4,82,35,12,18229.42
202406,2024-06-01,82,4,66,30,10,31264.86
202406,2024-06-01,83,4,65,25,12,26598.65
202406,2024-06-01,84,4,99,25,18,43089.75
202406,2024-06-01,85,4,64,30,10,12107.52
202406,2024-06-01,86,4,63,30,12,36032.85
202406,2024-06-01,87,4,109,35,18,50401.6
202406,2024-06-01,88,4,82,25,18,12713.28
202406,2024-06-01,89,4,61,30,18,8892.58
202406,2024-06-01,90,4,67,30,15,24068.41
202406,2024-06-01,91,4,54,35,12,24528.42
202406,2024-06-01,92,4,81,30,10,32963.76
202406,2024-06-01,93,4,63,30,18,20672.82
202406,2024-06-01,94,4,55,30,10,19613.55
202406,2024-06-01,95,4,79,20,10,13959.3
202406,2024-06-01,96,4,101,25,10,18637.53
202406,2024-06-01,97,4,96,25,10,37252.8
202406,2024-06-01,98,4,112,20,15,35949.76
202406,2024-06-01,99,4,105,35,10,43415.4
202406,2024-06-01,100,4,55,35,12,20258.7
202406,2024-06-01,1,5,71,35,18,14645.17
202406,2024-06-01,2,5,82,20,18,35141.92
202406,2024-06-01,3,5,56,20,12,20624.24
202406,2024-06-01,4,5,47,20,18,17248.53
202406,2024-06-01,5,5,31,30,12,16513.08
202406,2024-06-01,6,5,75,20,18,17042.25
202406,2024-06-01,7,5,36,25,12,7194.24
202406,2024-06-01,8,5,22,25,10,6812.96
202406,2024-06-01,9,5,93,30,12,10021.68
202406,2024-06-01,10,5,55,30,10,24879.25
202406,2024-06-01,11,5,62,35,18,32883.56
202406,2024-06-01,12,5,50,35,12,3504.0
202406,2024-06-01,13,5,59,30,10,8262.95
202406,2024-06-01,14,5,64,30,12,5587.2
202406,2024-06-01,15,5,52,20,15,21814.52
202406,2024-06-01,16,5,40,30,18,10629.6
202406,2024-06-01,17,5,57,30,15,3437.1
202406,2024-06-01,18,5,86,25,10,35209.26
202406,2024-06-01,19,5,34,35,12,8264.04
202406,2024-06-01,20,5,52,30,10,32977.88
202406,2024-06-01,21,5,60,35,18,24124.2
202406,2024-06-01,22,5,33,20,15,2728.77
202406,2024-06-01,23,5,71,20,18,44494.99
202406,2024-06-01,24,5,76,30,15,19287.28
202406,2024-06-01,25,5,48,30,10,23281.44
202406,2024-06-01,26,5,34,20,15,6707.18
202406,2024-06-01,27,5,32,25,18,11181.44
202406,2024-06-01,28,5,83,30,10,47361.46
202406,2024-06-01,29,5,86,20,18,5507.44
202406,2024-06-01,30,5,67,35,12,31970.39
202406,2024-06-01,31,5,72,20,12,6708.24
202406,2024-06-01,32,5,58,35,10,11243.88
202406,2024-06-01,33,5,69,35,10,40393.98
202406,2024-06-01,34,5,37,25,15,14673.09
202406,2024-06-01,35,5,25,25,18,6626.25
202406,2024-06-01,36,5,43,35,15,5898.74
202406,2024-06-01,37,5,50,30,15,13861.0
202406,2024-06-01,38,5,50,35,12,8658.5
202406,2024-06-01,39,5,59,30,10,16386.07
202406,2024-06-01,40,5,44,35,18,15262.28
202406,2024-06-01,41,5,82,25,12,12708.36
202406,2024-06-01,42,5,43,30,18,3452.9
202406,2024-06-01,43,5,81,20,15,23054.22
202406,2024-06-01,44,5,47,25,10,2928.57
202406,2024-06-01,45,5,91,25,15,11872.77
202406,2024-06-01,46,5,64,20,12,7829.12
202406,2024-06-01,47,5,78,35,18,41450.76
202406,2024-06-01,48,5,93,30,10,35920.32
202406,2024-06-01,49,5,50,25,12,30184.5
202406,2024-06-01,50,5,72,35,15,18435.6
202406,2024-06-01,51,5,58,20,18,5290.18
202406,2024-06-01,52,5,61,35,18,36008.91
202406,2024-06-01,53,5,65,25,15,28705.3
202406,2024-06-01,54,5,50,35,18,4984.5
202406,2024-06-01,55,5,94,25,10,33445.2
202406,2024-06-01,56,5,79,20,10,26913.72
202406,2024-06-01,57,5,91,25,12,41536.95
202406,2024-06-01,58,5,67,30,10,25013.78
202406,2024-06-01,59,5,71,25,10,7342.82
202406,2024-06-01,60,5,50,30,18,17524.0
202406,2024-06-01,61,5,104,20,18,48998.56
202406,2024-06-01,62,5,79,35,15,11683.31
202406,2024-06-01,63,5,67,30,18,21480.2
202406,2024-06-01,64,5,38,20,18,12498.2
202406,2024-06-01,65,5,84,25,12,26737.2
202406,2024-06-01,66,5,80,25,12,46524.8
202406,2024-06-01,67,5,63,30,10,7864.29
202406,2024-06-01,68,5,87,30,12,37213.38
202406,2024-06-01,69,5,58,35,12,23034.12
202406,2024-06-01,70,5,32,35,10,14660.8
202406,2024-06-01,71,5,54,25,12,19989.72
202406,2024-06-01,72,5,79,25,12,28955.08
202406,2024-06-01,73,5,61,20,12,16475.49
202406,2024-06-01,74,5,74,35,10,31013.4
202406,2024-06-01,75,5,71,30,12,12473.28
202406,2024-06-01,76,5,87,25,18,38068.59
202406,2024-06-01,77,5,79,20,12,7918.17
202406,2024-06-01,78,5,115,20,10,41971.55
202406,2024-06-01,79,5,74,35,18,15633.24
202406,2024-06-01,80,5,91,30,12,41415.01
202406,2024-06-01,81,5,60,25,15,13338.6
202406,2024-06-01,82,5,69,35,18,32685.99
202406,2024-06-01,83,5,78,20,18,31918.38
202406,2024-06-01,84,5,39,20,15,16974.75
202406,2024-06-01,85,5,73,20,15,13810.14
202406,2024-06-01,86,5,68,30,15,38892.6
202406,2024-06-01,87,5,65,30,18,30056.0
202406,2024-06-01,88,5,56,25,15,8682.24
202406,2024-06-01,89,5,24,20,12,3498.72
202406,2024-06-01,90,5,55,20,10,19757.65
202406,2024-06-01,91,5,60,20,15,27253.8
202406,2024-06-01,92,5,54,25,15,21975.84
202406,2024-06-01,93,5,69,35,15,22641.66
202406,2024-06-01,94,5,85,20,18,30311.85
202406,2024-06-01,95,5,116,25,15,20497.2
202406,2024-06-01,96,5,71,35,15,13101.63
202406,2024-06-01,97,5,70,30,15,27163.5
202406,2024-06-01,98,5,93,20,10,29851.14
202406,2024-06-01,99,5,80,20,12,33078.4
202406,2024-06-01,100,5,62,30,15,22837.08
202406,2024-06-01,1,6,34,30,15,7013.18
202406,2024-06-01,2,6,64,25,15,27427.84
202406,2024-06-01,3,6,15,25,18,5524.35
202406,2024-06-01,4,6,36,20,10,13211.64
202406,2024-06-01,5,6,59,25,10,31428.12
202406,2024-06-01,6,6,51,20,12,11588.73
202406,2024-06-01,7,6,74,25,18,14788.16
202406,2024-06-01,8,6,59,20,10,18271.12
202406,2024-06-01,9,6,66,30,15,7112.16
202406,2024-06-01,10,6,63,35,12,28498.05
202406,2024-06-01,11,6,57,25,10,30231.66
202406,2024-06-01,12,6,93,25,12,6517.44
202406,2024-06-01,13,6,42,35,15,5882.1
202406,2024-06-01,14,6,20,30,15,1746.0
202406,2024-06-01,15,6,65,35,10,27268.15
202406,2024-06-01,16,6,56,35,10,14881.44
202406,2024-06-01,17,6,62,35,18,3738.6
202406,2024-06-01,18,6,56,20,12,22926.96
202406,2024-06-01,19,6,25,30,12,6076.5
202406,2024-06-01,20,6,84,30,10,53271.96
202406,2024-06-01,21,6,47,20,12,18897.29
202406,2024-06-01,22,6,51,35,18,4217.19
202406,2024-06-01,23,6,73,20,12,45748.37
202406,2024-06-01,24,6,46,35,18,11673.88
202406,2024-06-01,25,6,85,35,18,41227.55
202406,2024-06-01,26,6,69,30,12,13611.63
202406,2024-06-01,27,6,22,25,10,7687.24
202406,2024-06-01,28,6,35,25,12,19971.7
202406,2024-06-01,29,6,51,20,18,3266.04
202406,2024-06-01,30,6,37,30,15,17655.29
202406,2024-06-01,31,6,23,25,15,2142.91
202406,2024-06-01,32,6,62,30,10,12019.32
202406,2024-06-01,33,6,49,25,12,28685.58
202406,2024-06-01,34,6,51,20,12,20225.07
202406,2024-06-01,35,6,77,30,10,20408.85
202406,2024-06-01,36,6,36,25,15,4938.48
202406,2024-06-01,37,6,46,25,15,12752.12
202406,2024-06-01,38,6,58,20,12,10043.86
202406,2024-06-01,39,6,40,25,10,11109.2
202406,2024-06-01,40,6,60,20,15,20812.2
202406,2024-06-01,41,6,80,30,15,12398.4
202406,2024-06-01,42,6,27,20,15,2168.1
202406,2024-06-01,43,6,86,25,18,24477.32
202406,2024-06-01,44,6,61,30,15,3800.91
202406,2024-06-01,45,6,65,20,10,8480.55
202406,2024-06-01,46,6,94,30,12,11499.02
202406,2024-06-01,47,6,46,30,12,24445.32
202406,2024-06-01,48,6,78,30,10,30126.72
202406,2024-06-01,49,6,72,20,18,43465.68
202406,2024-06-01,50,6,75,30,12,19203.75
202406,2024-06-01,51,6,79,35,12,7205.59
202406,2024-06-01,52,6,104,30,15,61392.24
202406,2024-06-01,53,6,74,25,18,32679.88
202406,2024-06-01,54,6,63,25,18,6280.47
202406,2024-06-01,55,6,66,25,18,23482.8
202406,2024-06-01,56,6,52,30,12,17715.36
202406,2024-06-01,57,6,77,35,10,35146.65
202406,2024-06-01,58,6,86,35,12,32107.24
202406,2024-06-01,59,6,34,35,12,3516.28
202406,2024-06-01,60,6,85,25,12,29790.8
202406,2024-06-01,61,6,48,35,12,22614.72
202406,2024-06-01,62,6,88,30,10,13014.32
202406,2024-06-01,63,6,73,30,12,23403.8
202406,2024-06-01,64,6,60,25,18,19734.0
202406,2024-06-01,65,6,88,25,10,28010.4
202406,2024-06-01,66,6,73,25,10,42453.88
202406,2024-06-01,67,6,54,35,12,6740.82
202406,2024-06-01,68,6,77,35,18,32935.98
202406,2024-06-01,69,6,56,20,12,22239.84
202406,2024-06-01,70,6,69,20,10,31612.35
202406,2024-06-01,71,6,64,35,18,23691.52
202406,2024-06-01,72,6,56,20,10,20525.12
202406,2024-06-01,73,6,44,20,10,11883.96
202406,2024-06-01,74,6,62,25,12,25984.2
202406,2024-06-01,75,6,71,20,15,12473.28
202406,2024-06-01,76,6,96,25,10,42006.72
202406,2024-06-01,77,6,77,20,10,7717.71
202406,2024-06-01,78,6,89,30,10,32482.33
202406,2024-06-01,79,6,45,25,12,9506.7
202406,2024-06-01,80,6,85,35,18,38684.35
202406,2024-06-01,81,6,67,25,15,14894.77
202406,2024-06-01,82,6,100,30,18,47371.0
202406,2024-06-01,83,6,72,25,12,29463.12
202406,2024-06-01,84,6,66,20,15,28726.5
202406,2024-06-01,85,6,36,20,10,6810.48
202406,2024-06-01,86,6,96,20,10,54907.2
202406,2024-06-01,87,6,59,30,10,27281.6
202406,2024-06-01,88,6,56,35,12,8682.24
202406,2024-06-01,89,6,67,20,12,9767.26
202406,2024-06-01,90,6,72,20,12,25864.56
202406,2024-06-01,91,6,65,35,18,29524.95
202406,2024-06-01,92,6,65,25,15,26452.4
202406,2024-06-01,93,6,66,30,12,21657.24
202406,2024-06-01,94,6,92,35,10,32808.12
202406,2024-06-01,95,6,75,35,12,13252.5
202406,2024-06-01,96,6,71,20,12,13101.63
202406,2024-06-01,97,6,50,20,15,19402.5
202406,2024-06-01,98,6,95,30,10,30493.1
202406,2024-06-01,99,6,50,30,10,20674.0
202406,2024-06-01,100,6,77,30,10,28362.18
202407,2024-07-01,1,1,59,20,12,12169.93
202407,2024-07-01,2,1,46,25,18,19713.76
202407,2024-07-01,3,1,44,30,12,16204.76
202407,2024-07-01,4,1,9,35,12,3302.91
202407,2024-07-01,5,1,43,30,15,22905.24
202407,2024-07-01,6,1,69,30,10,15678.87
202407,2024-07-01,7,1,58,30,18,11590.72
202407,2024-07-01,8,1,53,30,15,16413.04
202407,2024-07-01,9,1,49,20,10,5280.24
202407,2024-07-01,10,1,50,25,12,22617.5
202407,2024-07-01,11,1,35,30,12,18563.3
202407,2024-07-01,12,1,32,35,18,2242.56
202407,2024-07-01,13,1,32,35,10,4481.6
202407,2024-07-01,14,1,33,20,18,2880.9
202407,2024-07-01,15,1,4,30,12,1678.04
202407,2024-07-01,16,1,51,20,15,13552.74
202407,2024-07-01,17,1,15,25,12,904.5
202407,2024-07-01,18,1,9,35,15,3684.69
202407,2024-07-01,19,1,8,30,18,1944.48
202407,2024-07-01,20,1,105,35,18,66589.95
202407,2024-07-01,21,1,53,35,15,21309.71
202407,2024-07-01,22,1,49,25,12,4051.81
202407,2024-07-01,23,1,85,35,18,53268.65
202407,2024-07-01,24,1,57,35,18,14465.46
202407,2024-07-01,25,1,57,25,18,27646.71
202407,2024-07-01,26,1,38,20,18,7496.26
202407,2024-07-01,27,1,80,25,10,27953.6
202407,2024-07-01,28,1,46,25,15,26248.52
202407,2024-07-01,29,1,37,20,12,2369.48
202407,2024-07-01,30,1,41,20,15,19563.97
202407,2024-07-01,31,1,39,35,12,3633.63
202407,2024-07-01,32,1,61,20,10,11825.46
202407,2024-07-01,33,1,68,30,15,39808.56
202407,2024-07-01,34,1,65,25,15,25777.05
202407,2024-07-01,35,1,56,35,12,14842.8
202407,2024-07-01,36,1,40,35,12,5487.2
202407,2024-07-01,37,1,50,25,12,13861.0
202407,2024-07-01,38,1,75,20,12,12987.75
202407,2024-07-01,39,1,50,20,12,13886.5
202407,2024-07-01,40,1,53,35,10,18384.11
202407,2024-07-01,41,1,84,35,15,13018.32
202407,2024-07-01,42,1,77,20,10,6183.1
202407,2024-07-01,43,1,81,20,18,23054.22
202407,2024-07-01,44,1,76,25,10,4735.56
202407,2024-07-01,45,1,84,25,15,10959.48
202407,2024-07-01,46,1,51,25,10,6238.83
202407,2024-07-01,47,1,94,25,10,49953.48
202407,2024-07-01,48,1,78,20,18,30126.72
202407,2024-07-01,49,1,71,25,12,42861.99
202407,2024-07-01,50,1,32,35,12,8193.6
202407,2024-07-01,51,1,71,30,18,6475.91
202407,2024-07-01,52,1,60,35,15,35418.6
202407,2024-07-01,53,1,66,35,10,29146.92
202407,2024-07-01,54,1,73,30,10,7277.37
202407,2024-07-01,55,1,77,25,10,27396.6
202407,2024-07-01,56,1,106,20,12,36112.08
202407,2024-07-01,57,1,67,25,10,30582.15
202407,2024-07-01,58,1,71,35,18,26507.14
202407,2024-07-01,59,1,57,35,15,5894.94
202407,2024-07-01,60,1,70,30,12,24533.6
202407,2024-07-01,61,1,56,35,12,26383.84
202407,2024-07-01,62,1,63,30,10,9317.07
202407,2024-07-01,63,1,76,35,12,24365.6
202407,2024-07-01,64,1,113,25,18,37165.7
202407,2024-07-01,65,1,33,20,12,10503.9
202407,2024-07-01,66,1,50,35,12,29078.0
202407,2024-07-01,67,1,56,20,18,6990.48
202407,2024-07-01,68,1,95,35,15,40635.3
202407,2024-07-01,69,1,67,35,18,26608.38
202407,2024-07-01,70,1,43,25,10,19700.45
202407,2024-07-01,71,1,107,30,18,39609.26
202407,2024-07-01,72,1,71,25,15,26022.92
202407,2024-07-01,73,1,77,20,10,20796.93
202407,2024-07-01,74,1,90,20,15,37719.0
202407,2024-07-01,75,1,49,30,10,8608.32
202407,2024-07-01,76,1,76,25,15,33255.32
202407,2024-07-01,77,1,75,25,10,7517.25
202407,2024-07-01,78,1,74,20,12,27007.78
202407,2024-07-01,79,1,71,20,15,14999.46
202407,2024-07-01,80,1,113,25,12,51427.43
202407,2024-07-01,81,1,73,20,12,16228.63
202407,2024-07-01,82,1,95,30,10,45002.45
202407,2024-07-01,83,1,67,20,18,27417.07
202407,2024-07-01,84,1,93,20,10,40478.25
202407,2024-07-01,85,1,44,30,10,8323.92
202407,2024-07-01,86,1,77,30,10,44040.15
202407,2024-07-01,87,1,69,30,15,31905.6
202407,2024-07-01,88,1,63,35,12,9767.52
202407,2024-07-01,89,1,59,30,18,8601.02
202407,2024-07-01,90,1,107,30,12,38437.61
202407,2024-07-01,91,1,33,20,15,14989.59
202407,2024-07-01,92,1,62,35,10,25231.52
202407,2024-07-01,93,1,47,25,10,15422.58
202407,2024-07-01,94,1,101,35,18,36017.61
202407,2024-07-01,95,1,54,20,15,9541.8
202407,2024-07-01,96,1,97,25,12,17899.41
202407,2024-07-01,97,1,88,35,10,34148.4
202407,2024-07-01,98,1,76,20,12,24394.48
202407,2024-07-01,99,1,87,25,12,35972.76
202407,2024-07-01,100,1,66,25,15,24310.44
202407,2024-07-01,1,2,35,35,12,7219.45
202407,2024-07-01,2,2,20,30,15,8571.2
202407,2024-07-01,3,2,57,30,18,20992.53
202407,2024-07-01,4,2,65,20,18,23854.35
202407,2024-07-01,5,2,49,25,12,26101.32
202407,2024-07-01,6,2,16,20,12,3635.68
202407,2024-07-01,7,2,63,35,10,12589.92
202407,2024-07-01,8,2,66,20,12,20438.88
202407,2024-07-01,9,2,64,30,10,6896.64
202407,2024-07-01,10,2,82,35,10,37092.7
202407,2024-07-01,11,2,57,35,15,30231.66
202407,2024-07-01,12,2,27,25,15,1892.16
202407,2024-07-01,13,2,48,25,10,6722.4
202407,2024-07-01,14,2,57,30,15,4976.1
202407,2024-07-01,15,2,35,30,10,14682.85
202407,2024-07-01,16,2,29,20,12,7706.46
202407,2024-07-01,17,2,52,35,15,3135.6
202407,2024-07-01,18,2,66,35,15,27021.06
202407,2024-07-01,19,2,38,35,12,9236.28
202407,2024-07-01,20,2,24,20,18,15220.56
202407,2024-07-01,21,2,68,20,15,27340.76
202407,2024-07-01,22,2,48,30,18,3969.12
202407,2024-07-01,23,2,35,35,12,21934.15
202407,2024-07-01,24,2,34,35,15,8628.52
202407,2024-07-01,25,2,71,30,15,34437.13
202407,2024-07-01,26,2,24,20,18,4734.48
202407,2024-07-01,27,2,60,35,15,20965.2
202407,2024-07-01,28,2,50,20,10,28531.0
202407,2024-07-01,29,2,48,25,10,3073.92
202407,2024-07-01,30,2,85,25,10,40559.45
202407,2024-07-01,31,2,61,30,18,5683.37
202407,2024-07-01,32,2,45,25,18,8723.7
202407,2024-07-01,33,2,48,20,12,28100.16
202407,2024-07-01,34,2,76,35,18,30139.32
202407,2024-07-01,35,2,52,20,15,13782.6
202407,2024-07-01,36,2,6,35,18,823.08
202407,2024-07-01,37,2,62,35,10,17187.64
202407,2024-07-01,38,2,68,20,12,11775.56
202407,2024-07-01,39,2,64,20,18,17774.72
202407,2024-07-01,40,2,9,35,12,3121.83
202407,2024-07-01,41,2,60,35,15,9298.8
202407,2024-07-01,42,2,85,20,15,6825.5
202407,2024-07-01,43,2,87,30,18,24761.94
202407,2024-07-01,44,2,80,25,18,4984.8
202407,2024-07-01,45,2,75,20,15,9785.25
202407,2024-07-01,46,2,51,35,10,6238.83
202407,2024-07-01,47,2,57,25,18,30290.94
202407,2024-07-01,48,2,92,25,12,35534.08
202407,2024-07-01,49,2,90,30,10,54332.1
202407,2024-07-01,50,2,53,35,10,13570.65
202407,2024-07-01,51,2,72,30,18,6567.12
202407,2024-07-01,52,2,74,35,12,43682.94
202407,2024-07-01,53,2,86,20,12,37979.32
202407,2024-07-01,54,2,52,20,18,5183.88
202407,2024-07-01,55,2,45,30,15,16011.0
202407,2024-07-01,56,2,74,25,10,25210.32
202407,2024-07-01,57,2,67,25,10,30582.15
202407,2024-07-01,58,2,84,30,18,31360.56
202407,2024-07-01,59,2,74,20,15,7653.08
202407,2024-07-01,60,2,57,35,18,19977.36
202407,2024-07-01,61,2,91,25,15,42873.74
202407,2024-07-01,62,2,62,25,10,9169.18
202407,2024-07-01,63,2,79,20,18,25327.4
202407,2024-07-01,64,2,76,30,15,24996.4
202407,2024-07-01,65,2,89,25,12,28328.7
202407,2024-07-01,66,2,60,30,18,34893.6
202407,2024-07-01,67,2,83,35,18,10360.89
202407,2024-07-01,68,2,47,25,18,20103.78
202407,2024-07-01,69,2,61,30,18,24225.54
202407,2024-07-01,70,2,52,20,12,23823.8
202407,2024-07-01,71,2,61,20,12,22580.98
202407,2024-07-01,72,2,78,30,15,28588.56
202407,2024-07-01,73,2,84,20,12,22687.56
202407,2024-07-01,74,2,75,35,12,31432.5
202407,2024-07-01,75,2,76,35,15,13351.68
202407,2024-07-01,76,2,36,20,18,15752.52
202407,2024-07-01,77,2,64,30,10,6414.72
202407,2024-07-01,78,2,83,35,12,30292.51
202407,2024-07-01,79,2,53,35,10,11196.78
202407,2024-07-01,80,2,79,20,12,35953.69
202407,2024-07-01,81,2,85,25,18,18896.35
202407,2024-07-01,82,2,74,25,18,35054.54
202407,2024-07-01,83,2,69,25,15,28235.49
202407,2024-07-01,84,2,84,25,12,36561.0
202407,2024-07-01,85,2,66,20,15,12485.88
202407,2024-07-01,86,2,82,30,10,46899.9
202407,2024-07-01,87,2,84,30,15,38841.6
202407,2024-07-01,88,2,74,20,18,11472.96
202407,2024-07-01,89,2,87,35,18,12682.86
202407,2024-07-01,90,2,107,35,15,38437.61
202407,2024-07-01,91,2,81,30,18,36792.63
202407,2024-07-01,92,2,60,30,10,24417.6
202407,2024-07-01,93,2,66,25,18,21657.24
202407,2024-07-01,94,2,36,35,15,12837.96
202407,2024-07-01,95,2,68,25,12,12015.6
202407,2024-07-01,96,2,68,35,18,12548.04
202407,2024-07-01,97,2,78,30,18,30267.9
202407,2024-07-01,98,2,60,30,10,19258.8
202407,2024-07-01,99,2,56,20,10,23154.88
202407,2024-07-01,100,2,60,20,10,22100.4
202407,2024-07-01,1,3,48,35,10,9900.96
202407,2024-07-01,2,3,62,35,10,26570.72
202407,2024-07-01,3,3,48,35,10,17677.92
202407,2024-07-01,4,3,60,30,18,22019.4
202407,2024-07-01,5,3,60,25,12,31960.8
202407,2024-07-01,6,3,76,35,18,17269.48
202407,2024-07-01,7,3,61,20,12,12190.24
202407,2024-07-01,8,3,34,35,10,10529.12
202407,2024-07-01,9,3,60,30,18,6465.6
202407,2024-07-01,10,3,64,35,18,28950.4
202407,2024-07-01,11,3,82,20,15,43491.16
202407,2024-07-01,12,3,51,25,15,3574.08
202407,2024-07-01,13,3,85,30,15,11904.25
202407,2024-07-01,14,3,42,30,18,3666.6
202407,2024-07-01,15,3,54,25,10,22653.54
202407,2024-07-01,16,3,59,35,10,15678.66
202407,2024-07-01,17,3,0,20,10,0.0
202407,2024-07-01,18,3,49,25,15,20061.09
202407,2024-07-01,19,3,67,30,15,16285.02
202407,2024-07-01,20,3,50,25,18,31709.5
202407,2024-07-01,21,3,46,25,18,18495.22
202407,2024-07-01,22,3,65,25,18,5374.85
202407,2024-07-01,23,3,72,20,18,45121.68
202407,2024-07-01,24,3,22,25,18,5583.16
202407,2024-07-01,25,3,26,25,18,12610.78
202407,2024-07-01,26,3,71,30,12,14006.17
202407,2024-07-01,27,3,48,35,12,16772.16
202407,2024-07-01,28,3,52,20,12,29672.24
202407,2024-07-01,29,3,36,20,18,2305.44
202407,2024-07-01,30,3,63,30,12,30061.71
202407,2024-07-01,31,3,50,30,12,4658.5
202407,2024-07-01,32,3,33,20,10,6397.38
202407,2024-07-01,33,3,60,20,18,35125.2
202407,2024-07-01,34,3,38,20,12,15069.66
202407,2024-07-01,35,3,75,20,10,19878.75
202407,2024-07-01,36,3,73,35,10,10014.14
202407,2024-07-01,37,3,47,25,18,13029.34
202407,2024-07-01,38,3,49,30,12,8485.33
202407,2024-07-01,39,3,51,25,12,14164.23
202407,2024-07-01,40,3,62,30,12,21505.94
202407,2024-07-01,41,3,81,25,18,12553.38
202407,2024-07-01,42,3,86,30,10,6905.8
202407,2024-07-01,43,3,82,30,10,23338.84
202407,2024-07-01,44,3,41,25,10,2554.71
202407,2024-07-01,45,3,81,20,10,10568.07
202407,2024-07-01,46,3,72,35,10,8807.76
202407,2024-07-01,47,3,99,20,12,52610.58
202407,2024-07-01,48,3,72,30,15,27809.28
202407,2024-07-01,49,3,74,25,10,44673.06
202407,2024-07-01,50,3,104,20,18,26629.2
202407,2024-07-01,51,3,52,30,12,4742.92
202407,2024-07-01,52,3,60,35,10,35418.6
202407,2024-07-01,53,3,61,35,10,26938.82
202407,2024-07-01,54,3,63,35,10,6280.47
202407,2024-07-01,55,3,67,35,10,23838.6
202407,2024-07-01,56,3,70,25,18,23847.6
202407,2024-07-01,57,3,77,35,15,35146.65
202407,2024-07-01,58,3,63,35,12,23520.42
202407,2024-07-01,59,3,57,25,15,5894.94
202407,2024-07-01,60,3,101,20,12,35398.48
202407,2024-07-01,61,3,55,20,10,25912.7
202407,2024-07-01,62,3,86,30,15,12718.54
202407,2024-07-01,63,3,38,35,10,12182.8
202407,2024-07-01,64,3,90,25,15,29601.0
202407,2024-07-01,65,3,108,20,12,34376.4
202407,2024-07-01,66,3,48,20,10,27914.88
202407,2024-07-01,67,3,63,25,12,7864.29
202407,2024-07-01,68,3,83,30,10,35502.42
202407,2024-07-01,69,3,94,25,10,37331.16
202407,2024-07-01,70,3,69,30,12,31612.35
202407,2024-07-01,71,3,66,25,10,24431.88
202407,2024-07-01,72,3,41,25,15,15027.32
202407,2024-07-01,73,3,72,30,18,19446.48
202407,2024-07-01,74,3,81,25,10,33947.1
202407,2024-07-01,75,3,79,30,15,13878.72
202407,2024-07-01,76,3,74,35,18,32380.18
202407,2024-07-01,77,3,69,35,18,6915.87
202407,2024-07-01,78,3,64,25,15,23358.08
202407,2024-07-01,79,3,51,25,12,10774.26
202407,2024-07-01,80,3,97,30,18,44145.67
202407,2024-07-01,81,3,76,20,15,16895.56
202407,2024-07-01,82,3,43,25,12,20369.53
202407,2024-07-01,83,3,61,35,18,24961.81
202407,2024-07-01,84,3,78,35,18,33949.5
202407,2024-07-01,85,3,54,30,15,10215.72
202407,2024-07-01,86,3,77,20,18,44040.15
202407,2024-07-01,87,3,61,35,12,28206.4
202407,2024-07-01,88,3,67,30,15,10387.68
202407,2024-07-01,89,3,90,20,18,13120.2
202407,2024-07-01,90,3,45,25,10,16165.35
202407,2024-07-01,91,3,77,30,18,34975.71
202407,2024-07-01,92,3,86,30,15,34998.56
202407,2024-07-01,93,3,65,35,10,21329.1
202407,2024-07-01,94,3,50,20,12,17830.5
202407,2024-07-01,95,3,82,30,18,14489.4
202407,2024-07-01,96,3,93,25,15,17161.29
202407,2024-07-01,97,3,69,25,10,26775.45
202407,2024-07-01,98,3,79,25,15,25357.42
202407,2024-07-01,99,3,57,30,12,23568.36
202407,2024-07-01,100,3,73,30,10,26888.82
202407,2024-07-01,1,4,87,20,15,17945.49
202407,2024-07-01,2,4,43,20,15,18428.08
202407,2024-07-01,3,4,72,25,18,26516.88
202407,2024-07-01,4,4,26,30,12,9541.74
202407,2024-07-01,5,4,45,20,18,23970.6
202407,2024-07-01,6,4,71,30,12,16133.33
202407,2024-07-01,7,4,56,25,10,11191.04
202407,2024-07-01,8,4,50,30,10,15484.0
202407,2024-07-01,9,4,50,35,18,5388.0
202407,2024-07-01,10,4,38,30,15,17189.3
202407,2024-07-01,11,4,60,25,12,31822.8
202407,2024-07-01,12,4,87,20,18,6096.96
202407,2024-07-01,13,4,63,35,10,8823.15
202407,2024-07-01,14,4,53,30,18,4626.9
202407,2024-07-01,15,4,41,20,10,17199.91
202407,2024-07-01,16,4,28,35,12,7440.72
202407,2024-07-01,17,4,61,30,18,3678.3
202407,2024-07-01,18,4,70,25,10,28658.7
202407,2024-07-01,19,4,28,30,10,6805.68
202407,2024-07-01,20,4,76,20,18,48198.44
202407,2024-07-01,21,4,39,30,12,15680.73
202407,2024-07-01,22,4,41,35,10,3390.29
202407,2024-07-01,23,4,29,20,15,18174.01
202407,2024-07-01,24,4,83,20,10,21063.74
202407,2024-07-01,25,4,79,35,10,38317.37
202407,2024-07-01,26,4,31,35,15,6115.37
202407,2024-07-01,27,4,62,30,15,21664.04
202407,2024-07-01,28,4,33,30,18,18830.46
202407,2024-07-01,29,4,43,20,15,2753.72
202407,2024-07-01,30,4,72,35,10,34356.24
202407,2024-07-01,31,4,50,35,15,4658.5
202407,2024-07-01,32,4,46,35,18,8917.56
202407,2024-07-01,33,4,50,20,15,29271.0
202407,2024-07-01,34,4,53,20,10,21018.21
202407,2024-07-01,35,4,48,25,10,12722.4
202407,2024-07-01,36,4,27,20,12,3703.86
202407,2024-07-01,37,4,41,20,15,11366.02
202407,2024-07-01,38,4,70,35,12,12121.9
202407,2024-07-01,39,4,19,25,10,5276.87
202407,2024-07-01,40,4,67,25,15,23240.29
202407,2024-07-01,41,4,76,20,10,11778.48
202407,2024-07-01,42,4,75,30,10,6022.5
202407,2024-07-01,43,4,75,20,10,21346.5
202407,2024-07-01,44,4,80,30,10,4984.8
202407,2024-07-01,45,4,62,30,15,8089.14
202407,2024-07-01,46,4,52,35,15,6361.16
202407,2024-07-01,47,4,89,25,12,47296.38
202407,2024-07-01,48,4,78,35,10,30126.72
202407,2024-07-01,49,4,49,25,15,29580.81
202407,2024-07-01,50,4,61,25,18,15619.05
202407,2024-07-01,51,4,83,35,10,7570.43
202407,2024-07-01,52,4,54,25,18,31876.74
202407,2024-07-01,53,4,56,35,15,24730.72
202407,2024-07-01,54,4,83,30,18,8274.27
202407,2024-07-01,55,4,99,25,10,35224.2
202407,2024-07-01,56,4,36,30,15,12264.48
202407,2024-07-01,57,4,84,20,15,38341.8
202407,2024-07-01,58,4,89,25,12,33227.26
202407,2024-07-01,59,4,42,20,10,4343.64
202407,2024-07-01,60,4,73,35,10,25585.04
202407,2024-07-01,61,4,64,25,10,30152.96
202407,2024-07-01,62,4,69,25,18,10204.41
202407,2024-07-01,63,4,57,35,12,18274.2
202407,2024-07-01,64,4,97,35,10,31903.3
202407,2024-07-01,65,4,65,30,12,20689.5
202407,2024-07-01,66,4,71,30,15,41290.76
202407,2024-07-01,67,4,66,35,12,8238.78
202407,2024-07-01,68,4,92,20,12,39352.08
202407,2024-07-01,69,4,90,25,15,35742.6
202407,2024-07-01,70,4,64,35,18,29321.6
202407,2024-07-01,71,4,79,25,18,29244.22
202407,2024-07-01,72,4,123,25,10,45081.96
202407,2024-07-01,73,4,62,30,18,16745.58
202407,2024-07-01,74,4,50,25,15,20955.0
202407,2024-07-01,75,4,50,20,12,8784.0
202407,2024-07-01,76,4,86,35,10,37631.02
202407,2024-07-01,77,4,61,20,12,6114.03
202407,2024-07-01,78,4,80,20,18,29197.6
202407,2024-07-01,79,4,61,25,15,12886.86
202407,2024-07-01,80,4,79,20,18,35953.69
202407,2024-07-01,81,4,98,35,15,21786.38
202407,2024-07-01,82,4,52,30,10,24632.92
202407,2024-07-01,83,4,76,20,15,31099.96
202407,2024-07-01,84,4,79,35,12,34384.75
202407,2024-07-01,85,4,75,25,18,14188.5
202407,2024-07-01,86,4,81,35,15,46327.95
202407,2024-07-01,87,4,75,20,18,34680.0
202407,2024-07-01,88,4,67,30,15,10387.68
202407,2024-07-01,89,4,72,20,10,10496.16
202407,2024-07-01,90,4,59,35,18,21194.57
202407,2024-07-01,91,4,63,25,15,28616.49
202407,2024-07-01,92,4,71,25,18,28894.16
202407,2024-07-01,93,4,64,25,15,21000.96
202407,2024-07-01,94,4,77,35,18,27458.97
202407,2024-07-01,95,4,59,20,10,10425.3
202407,2024-07-01,96,4,120,25,10,22143.6
202407,2024-07-01,97,4,87,25,10,33760.35
202407,2024-07-01,98,4,96,20,10,30814.08
202407,2024-07-01,99,4,87,30,12,35972.76
202407,2024-07-01,100,4,77,20,10,28362.18
202407,2024-07-01,1,5,30,30,12,6188.1
202407,2024-07-01,2,5,74,35,18,31713.44
202407,2024-07-01,3,5,66,35,10,24307.14
202407,2024-07-01,4,5,56,25,15,20551.44
202407,2024-07-01,5,5,70,35,12,37287.6
202407,2024-07-01,6,5,78,25,12,17723.94
202407,2024-07-01,7,5,54,30,15,10791.36
202407,2024-07-01,8,5,53,30,10,16413.04
202407,2024-07-01,9,5,59,20,12,6357.84
202407,2024-07-01,10,5,72,35,15,32569.2
202407,2024-07-01,11,5,50,25,12,26519.0
202407,2024-07-01,12,5,66,30,10,4625.28
202407,2024-07-01,13,5,36,25,12,5041.8
202407,2024-07-01,14,5,59,30,18,5150.7
202407,2024-07-01,15,5,66,25,10,27687.66
202407,2024-07-01,16,5,53,35,18,14084.22
202407,2024-07-01,17,5,84,30,10,5065.2
202407,2024-07-01,18,5,62,25,15,25383.42
202407,2024-07-01,19,5,74,20,12,17986.44
202407,2024-07-01,20,5,30,20,15,19025.7
202407,2024-07-01,21,5,56,35,10,22515.92
202407,2024-07-01,22,5,19,35,12,1571.11
202407,2024-07-01,23,5,20,35,10,12533.8
202407,2024-07-01,24,5,63,20,10,15988.14
202407,2024-07-01,25,5,54,30,12,26191.62
202407,2024-07-01,26,5,36,25,12,7101.72
202407,2024-07-01,27,5,45,20,10,15723.9
202407,2024-07-01,28,5,85,30,15,48502.7
202407,2024-07-01,29,5,80,35,18,5123.2
202407,2024-07-01,30,5,32,30,15,15269.44
202407,2024-07-01,31,5,49,35,15,4565.33
202407,2024-07-01,32,5,45,30,18,8723.7
202407,2024-07-01,33,5,25,20,15,14635.5
202407,2024-07-01,34,5,45,30,15,17845.65
202407,2024-07-01,35,5,38,35,10,10071.9
202407,2024-07-01,36,5,42,30,10,5761.56
202407,2024-07-01,37,5,19,25,18,5267.18
202407,2024-07-01,38,5,52,25,12,9004.84
202407,2024-07-01,39,5,64,30,18,17774.72
202407,2024-07-01,40,5,59,20,12,20465.33
202407,2024-07-01,41,5,60,35,15,9298.8
202407,2024-07-01,42,5,79,25,10,6343.7
202407,2024-07-01,43,5,91,25,18,25900.42
202407,2024-07-01,44,5,77,20,15,4797.87
202407,2024-07-01,45,5,63,35,12,8219.61
202407,2024-07-01,46,5,46,30,15,5627.18
202407,2024-07-01,47,5,85,30,18,45170.7
202407,2024-07-01,48,5,69,35,15,26650.56
202407,2024-07-01,49,5,54,30,12,32599.26
202407,2024-07-01,50,5,74,20,15,18947.7
202407,2024-07-01,51,5,95,20,18,8664.95
202407,2024-07-01,52,5,72,35,15,42502.32
202407,2024-07-01,53,5,58,30,10,25613.96
202407,2024-07-01,54,5,70,20,18,6978.3
202407,2024-07-01,55,5,65,25,18,23127.0
202407,2024-07-01,56,5,97,25,15,33045.96
202407,2024-07-01,57,5,52,25,15,23735.4
202407,2024-07-01,58,5,85,35,15,31733.9
202407,2024-07-01,59,5,47,20,15,4860.74
202407,2024-07-01,60,5,107,20,18,37501.36
202407,2024-07-01,61,5,55,20,12,25912.7
202407,2024-07-01,62,5,59,30,10,8725.51
202407,2024-07-01,63,5,79,20,18,25327.4
202407,2024-07-01,64,5,113,30,10,37165.7
202407,2024-07-01,65,5,95,35,15,30238.5
202407,2024-07-01,66,5,85,20,10,49432.6
202407,2024-07-01,67,5,97,30,12,12108.51
202407,2024-07-01,68,5,73,30,15,31225.02
202407,2024-07-01,69,5,94,25,10,37331.16
202407,2024-07-01,70,5,58,30,12,26572.7
202407,2024-07-01,71,5,85,25,18,31465.3
202407,2024-07-01,72,5,63,20,15,23090.76
202407,2024-07-01,73,5,88,25,10,23767.92
202407,2024-07-01,74,5,58,35,15,24307.8
202407,2024-07-01,75,5,90,25,18,15811.2
202407,2024-07-01,76,5,67,35,18,29317.19
202407,2024-07-01,77,5,105,20,15,10524.15
202407,2024-07-01,78,5,84,30,15,30657.48
202407,2024-07-01,79,5,90,25,18,19013.4
202407,2024-07-01,80,5,49,30,12,22300.39
202407,2024-07-01,81,5,51,25,15,11337.81
202407,2024-07-01,82,5,71,25,18,33633.41
202407,2024-07-01,83,5,33,25,15,13503.93
202407,2024-07-01,84,5,79,30,10,34384.75
202407,2024-07-01,85,5,38,30,18,7188.84
202407,2024-07-01,86,5,78,25,18,44612.1
202407,2024-07-01,87,5,56,35,10,25894.4
202407,2024-07-01,88,5,75,25,18,11628.0
202407,2024-07-01,89,5,78,30,15,11370.84
202407,2024-07-01,90,5,43,35,15,15446.89
202407,2024-07-01,91,5,67,35,18,30433.41
202407,2024-07-01,92,5,83,35,18,33777.68
202407,2024-07-01,93,5,69,35,10,22641.66
202407,2024-07-01,94,5,75,20,18,26745.75
202407,2024-07-01,95,5,49,20,12,8658.3
202407,2024-07-01,96,5,47,30,12,8672.91
202407,2024-07-01,97,5,90,30,12,34924.5
202407,2024-07-01,98,5,64,30,10,20542.72
202407,2024-07-01,99,5,56,35,12,23154.88
202407,2024-07-01,100,5,62,35,10,22837.08
202407,2024-07-01,1,6,44,35,18,9075.88
202407,2024-07-01,2,6,61,20,10,26142.16
202407,2024-07-01,3,6,80,20,15,29463.2
202407,2024-07-01,4,6,64,20,15,23487.36
202407,2024-07-01,5,6,62,20,15,33026.16
202407,2024-07-01,6,6,53,35,15,12043.19
202407,2024-07-01,7,6,106,20,10,21183.04
202407,2024-07-01,8,6,48,20,12,14864.64
202407,2024-07-01,9,6,48,25,18,5172.48
202407,2024-07-01,10,6,45,25,12,20355.75
202407,2024-07-01,11,6,36,25,15,19093.68
202407,2024-07-01,12,6,37,30,10,2592.96
202407,2024-07-01,13,6,69,35,12,9663.45
202407,2024-07-01,14,6,71,20,10,6198.3
202407,2024-07-01,15,6,60,20,12,25170.6
202407,2024-07-01,16,6,55,20,10,14615.7
202407,2024-07-01,17,6,49,25,12,2954.7
202407,2024-07-01,18,6,38,20,18,15557.58
202407,2024-07-01,19,6,60,20,18,14583.6
202407,2024-07-01,20,6,52,35,10,32977.88
202407,2024-07-01,21,6,43,20,15,17289.01
202407,2024-07-01,22,6,82,35,18,6780.58
202407,2024-07-01,23,6,71,25,12,44494.99
202407,2024-07-01,24,6,52,30,18,13196.56
202407,2024-07-01,25,6,61,20,18,29586.83
202407,2024-07-01,26,6,52,25,10,10258.04
202407,2024-07-01,27,6,48,25,12,16772.16
202407,2024-07-01,28,6,90,25,12,51355.8
202407,2024-07-01,29,6,10,25,18,640.4
202407,2024-07-01,30,6,51,35,15,24335.67
202407,2024-07-01,31,6,43,30,10,4006.31
202407,2024-07-01,32,6,97,35,15,18804.42
202407,2024-07-01,33,6,65,30,18,38052.3
202407,2024-07-01,34,6,71,35,10,28156.47
202407,2024-07-01,35,6,37,35,18,9806.85
202407,2024-07-01,36,6,57,35,12,7819.26
202407,2024-07-01,37,6,70,20,15,19405.4
202407,2024-07-01,38,6,69,35,10,11948.73
202407,2024-07-01,39,6,16,35,10,4443.68
202407,2024-07-01,40,6,54,30,10,18730.98
202407,2024-07-01,41,6,61,35,10,9453.78
202407,2024-07-01,42,6,42,30,12,3372.6
202407,2024-07-01,43,6,38,35,18,10815.56
202407,2024-07-01,44,6,56,30,10,3489.36
202407,2024-07-01,45,6,62,25,15,8089.14
202407,2024-07-01,46,6,59,25,15,7217.47
202407,2024-07-01,47,6,69,35,10,36667.98
202407,2024-07-01,48,6,75,25,12,28968.0
202407,2024-07-01,49,6,59,30,15,35617.71
202407,2024-07-01,50,6,61,35,12,15619.05
202407,2024-07-01,51,6,89,30,15,8117.69
202407,2024-07-01,52,6,76,35,10,44863.56
202407,2024-07-01,53,6,48,35,18,21197.76
202407,2024-07-01,54,6,90,35,12,8972.1
202407,2024-07-01,55,6,70,30,12,24906.0
202407,2024-07-01,56,6,88,30,15,29979.84
202407,2024-07-01,57,6,86,35,10,39254.7
202407,2024-07-01,58,6,86,20,10,32107.24
202407,2024-07-01,59,6,80,25,12,8273.6
202407,2024-07-01,60,6,57,20,10,19977.36
202407,2024-07-01,61,6,91,35,18,42873.74
202407,2024-07-01,62,6,76,30,12,11239.64
202407,2024-07-01,63,6,112,25,10,35907.2
202407,2024-07-01,64,6,54,25,18,17760.6
202407,2024-07-01,65,6,88,35,10,28010.4
202407,2024-07-01,66,6,87,20,15,50595.72
202407,2024-07-01,67,6,54,20,10,6740.82
202407,2024-07-01,68,6,57,20,18,24381.18
202407,2024-07-01,69,6,54,30,10,21445.56
202407,2024-07-01,70,6,43,25,15,19700.45
202407,2024-07-01,71,6,73,20,18,27023.14
202407,2024-07-01,72,6,47,35,12,17226.44
202407,2024-07-01,73,6,70,25,12,18906.3
202407,2024-07-01,74,6,99,30,18,41490.9
202407,2024-07-01,75,6,74,35,15,13000.32
202407,2024-07-01,76,6,77,25,12,33692.89
202407,2024-07-01,77,6,85,25,18,8519.55
202407,2024-07-01,78,6,66,25,10,24088.02
202407,2024-07-01,79,6,69,20,10,14576.94
202407,2024-07-01,80,6,68,25,10,30947.48
202407,2024-07-01,81,6,69,25,10,15339.39
202407,2024-07-01,82,6,82,30,18,38844.22
202407,2024-07-01,83,6,53,20,15,21688.13
202407,2024-07-01,84,6,56,25,18,24374.0
202407,2024-07-01,85,6,88,25,12,16647.84
202407,2024-07-01,86,6,46,35,15,26309.7
202407,2024-07-01,87,6,61,30,12,28206.4
202407,2024-07-01,88,6,90,20,18,13953.6
202407,2024-07-01,89,6,68,35,18,9913.04
202407,2024-07-01,90,6,76,20,10,27301.48
202407,2024-07-01,91,6,59,25,15,26799.57
202407,2024-07-01,92,6,73,20,10,29708.08
202407,2024-07-01,93,6,57,35,12,18703.98
202407,2024-07-01,94,6,66,20,15,23536.26
202407,2024-07-01,95,6,74,20,12,13075.8
202407,2024-07-01,96,6,52,30,15,9595.56
202407,2024-07-01,97,6,65,35,15,25223.25
202407,2024-07-01,98,6,44,20,12,14123.12
202407,2024-07-01,99,6,45,30,10,18606.6
202407,2024-07-01,100,6,93,25,15,34255.62
202408,2024-08-01,1,1,48,35,10,9900.96
202408,2024-08-01,2,1,81,20,18,34713.36
202408,2024-08-01,3,1,71,30,10,26148.59
202408,2024-08-01,4,1,54,20,15,19817.46
202408,2024-08-01,5,1,85,35,15,45277.8
202408,2024-08-01,6,1,67,25,15,15224.41
202408,2024-08-01,7,1,70,20,12,13988.8
202408,2024-08-01,8,1,92,25,15,28490.56
202408,2024-08-01,9,1,41,20,12,4418.16
202408,2024-08-01,10,1,45,35,10,20355.75
202408,2024-08-01,11,1,71,20,15,37656.98
202408,2024-08-01,12,1,75,20,18,5256.0
202408,2024-08-01,13,1,78,20,18,10923.9
202408,2024-08-01,14,1,70,25,15,6111.0
202408,2024-08-01,15,1,60,20,10,25170.6
202408,2024-08-01,16,1,56,20,18,14881.44
202408,2024-08-01,17,1,56,25,15,3376.8
202408,2024-08-01,18,1,54,35,18,22108.14
202408,2024-08-01,19,1,42,30,12,10208.52
202408,2024-08-01,20,1,42,20,10,26635.98
202408,2024-08-01,21,1,72,20,12,28949.04
202408,2024-08-01,22,1,53,35,10,4382.57
202408,2024-08-01,23,1,51,35,10,31961.19
202408,2024-08-01,24,1,44,35,18,11166.32
202408,2024-08-01,25,1,63,25,18,30556.89
202408,2024-08-01,26,1,44,35,12,8679.88
202408,2024-08-01,27,1,40,20,18,13976.8
202408,2024-08-01,28,1,87,20,15,49643.94
202408,2024-08-01,29,1,54,30,12,3458.16
202408,2024-08-01,30,1,40,30,18,19086.8
202408,2024-08-01,31,1,48,20,12,4472.16
202408,2024-08-01,32,1,47,25,10,9111.42
202408,2024-08-01,33,1,49,20,12,28685.58
202408,2024-08-01,34,1,31,35,10,12293.67
202408,2024-08-01,35,1,34,20,12,9011.7
202408,2024-08-01,36,1,60,20,10,8230.8
202408,2024-08-01,37,1,34,20,12,9425.48
202408,2024-08-01,38,1,54,35,12,9351.18
202408,2024-08-01,39,1,47,30,10,13053.31
202408,2024-08-01,40,1,60,30,15,20812.2
202408,2024-08-01,41,1,96,25,15,14878.08
202408,2024-08-01,42,1,48,25,18,3854.4
202408,2024-08-01,43,1,91,35,10,25900.42
202408,2024-08-01,44,1,82,20,10,5109.42
202408,2024-08-01,45,1,67,30,12,8741.49
202408,2024-08-01,46,1,73,35,15,8930.09
202408,2024-08-01,47,1,63,25,18,33479.46
202408,2024-08-01,48,1,63,30,15,24333.12
202408,2024-08-01,49,1,77,30,12,46484.13
202408,2024-08-01,50,1,83,30,15,21252.15
202408,2024-08-01,51,1,68,20,10,6202.28
202408,2024-08-01,52,1,57,30,18,33647.67
202408,2024-08-01,53,1,63,35,15,27822.06
202408,2024-08-01,54,1,41,20,12,4087.29
202408,2024-08-01,55,1,60,25,12,21348.0
202408,2024-08-01,56,1,73,30,12,24869.64
202408,2024-08-01,57,1,42,20,15,19170.9
202408,2024-08-01,58,1,58,25,10,21653.72
202408,2024-08-01,59,1,86,25,18,8894.12
202408,2024-08-01,60,1,74,35,10,25935.52
202408,2024-08-01,61,1,101,20,18,47585.14
202408,2024-08-01,62,1,78,20,15,11535.42
202408,2024-08-01,63,1,63,30,18,20197.8
202408,2024-08-01,64,1,91,30,10,29929.9
202408,2024-08-01,65,1,57,20,15,18143.1
202408,2024-08-01,66,1,68,35,18,39546.08
202408,2024-08-01,67,1,101,20,18,12607.83
202408,2024-08-01,68,1,47,35,18,20103.78
202408,2024-08-01,69,1,56,20,12,22239.84
202408,2024-08-01,70,1,67,25,18,30696.05
202408,2024-08-01,71,1,58,25,18,21470.44
202408,2024-08-01,72,1,73,20,15,26755.96
202408,2024-08-01,73,1,72,20,15,19446.48
202408,2024-08-01,74,1,63,20,15,26403.3
202408,2024-08-01,75,1,106,30,12,18622.08
202408,2024-08-01,76,1,95,20,15,41569.15
202408,2024-08-01,77,1,78,35,18,7817.94
202408,2024-08-01,78,1,74,20,10,27007.78
202408,2024-08-01,79,1,50,35,15,10563.0
202408,2024-08-01,80,1,65,35,18,29582.15
202408,2024-08-01,81,1,69,30,12,15339.39
202408,2024-08-01,82,1,47,35,18,22264.37
202408,2024-08-01,83,1,56,25,12,22915.76
202408,2024-08-01,84,1,104,20,15,45266.0
202408,2024-08-01,85,1,58,30,10,10972.44
202408,2024-08-01,86,1,79,25,15,45184.05
202408,2024-08-01,87,1,66,30,18,30518.4
202408,2024-08-01,88,1,72,20,15,11162.88
202408,2024-08-01,89,1,83,30,15,12099.74
202408,2024-08-01,90,1,76,30,10,27301.48
202408,2024-08-01,91,1,59,20,15,26799.57
202408,2024-08-01,92,1,75,30,15,30522.0
202408,2024-08-01,93,1,56,25,18,18375.84
202408,2024-08-01,94,1,36,35,10,12837.96
202408,2024-08-01,95,1,57,35,10,10071.9
202408,2024-08-01,96,1,64,35,10,11809.92
202408,2024-08-01,97,1,88,30,18,34148.4
202408,2024-08-01,98,1,82,25,18,26320.36
202408,2024-08-01,99,1,69,20,10,28530.12
202408,2024-08-01,100,1,69,30,15,25415.46
202408,2024-08-01,1,2,57,20,18,11757.39
202408,2024-08-01,2,2,55,25,15,23570.8
202408,2024-08-01,3,2,86,30,15,31672.94
202408,2024-08-01,4,2,61,35,12,22386.39
202408,2024-08-01,5,2,35,25,12,18643.8
202408,2024-08-01,6,2,52,25,10,11815.96
202408,2024-08-01,7,2,62,25,10,12390.08
202408,2024-08-01,8,2,91,20,12,28180.88
202408,2024-08-01,9,2,39,35,15,4202.64
202408,2024-08-01,10,2,63,20,12,28498.05
202408,2024-08-01,11,2,35,20,15,18563.3
202408,2024-08-01,12,2,53,30,10,3714.24
202408,2024-08-01,13,2,50,30,10,7002.5
202408,2024-08-01,14,2,47,25,15,4103.1
202408,2024-08-01,15,2,48,20,10,20136.48
202408,2024-08-01,16,2,68,35,10,18070.32
202408,2024-08-01,17,2,72,20,12,4341.6
202408,2024-08-01,18,2,51,25,15,20879.91
202408,2024-08-01,19,2,40,30,18,9722.4
202408,2024-08-01,20,2,71,20,18,45027.49
202408,2024-08-01,21,2,47,30,12,18897.29
202408,2024-08-01,22,2,41,20,15,3390.29
202408,2024-08-01,23,2,42,30,15,26320.98
202408,2024-08-01,24,2,21,35,15,5329.38
202408,2024-08-01,25,2,45,35,15,21826.35
202408,2024-08-01,26,2,53,20,12,10455.31
202408,2024-08-01,27,2,46,30,10,16073.32
202408,2024-08-01,28,2,19,30,12,10841.78
202408,2024-08-01,29,2,43,20,10,2753.72
202408,2024-08-01,30,2,57,25,15,27198.69
202408,2024-08-01,31,2,55,30,12,5124.35
202408,2024-08-01,32,2,66,35,10,12794.76
202408,2024-08-01,33,2,64,25,18,37466.88
202408,2024-08-01,34,2,56,20,10,22207.92
202408,2024-08-01,35,2,60,25,18,15903.0
202408,2024-08-01,36,2,67,20,10,9191.06
202408,2024-08-01,37,2,74,35,18,20514.28
202408,2024-08-01,38,2,40,30,15,6926.8
202408,2024-08-01,39,2,78,25,15,21662.94
202408,2024-08-01,40,2,43,25,15,14915.41
202408,2024-08-01,41,2,34,25,15,5269.32
202408,2024-08-01,42,2,78,25,18,6263.4
202408,2024-08-01,43,2,88,30,10,25046.56
202408,2024-08-01,44,2,57,25,18,3551.67
202408,2024-08-01,45,2,82,35,15,10698.54
202408,2024-08-01,46,2,66,20,15,8073.78
202408,2024-08-01,47,2,54,20,15,28696.68
202408,2024-08-01,48,2,91,35,12,35147.84
202408,2024-08-01,49,2,74,35,18,44673.06
202408,2024-08-01,50,2,90,25,12,23044.5
202408,2024-08-01,51,2,68,25,18,6202.28
202408,2024-08-01,52,2,71,25,15,41912.01
202408,2024-08-01,53,2,38,30,15,16781.56
202408,2024-08-01,54,2,67,30,10,6679.23
202408,2024-08-01,55,2,76,20,18,27040.8
202408,2024-08-01,56,2,50,35,12,17034.0
202408,2024-08-01,57,2,50,35,12,22822.5
202408,2024-08-01,58,2,73,25,18,27253.82
202408,2024-08-01,59,2,88,20,12,9100.96
202408,2024-08-01,60,2,68,20,18,23832.64
202408,2024-08-01,61,2,49,30,18,23085.86
202408,2024-08-01,62,2,81,20,12,11979.09
202408,2024-08-01,63,2,60,20,18,19236.0
202408,2024-08-01,64,2,76,20,12,24996.4
202408,2024-08-01,65,2,57,20,12,18143.1
202408,2024-08-01,66,2,57,35,18,33148.92
202408,2024-08-01,67,2,64,30,12,7989.12
202408,2024-08-01,68,2,85,35,12,36357.9
202408,2024-08-01,69,2,64,30,10,25416.96
202408,2024-08-01,70,2,44,30,15,20158.6
202408,2024-08-01,71,2,65,20,10,24061.7
202408,2024-08-01,72,2,72,20,15,26389.44
202408,2024-08-01,73,2,59,35,18,15935.31
202408,2024-08-01,74,2,39,35,18,16344.9
202408,2024-08-01,75,2,79,30,18,13878.72
202408,2024-08-01,76,2,72,25,12,31505.04
202408,2024-08-01,77,2,87,20,12,8720.01
202408,2024-08-01,78,2,80,20,15,29197.6
202408,2024-08-01,79,2,79,35,18,16689.54
202408,2024-08-01,80,2,47,30,18,21390.17
202408,2024-08-01,81,2,83,25,15,18451.73
202408,2024-08-01,82,2,80,20,12,37896.8
202408,2024-08-01,83,2,84,30,18,34373.64
202408,2024-08-01,84,2,92,30,10,40043.0
202408,2024-08-01,85,2,51,35,15,9648.18
202408,2024-08-01,86,2,63,30,18,36032.85
202408,2024-08-01,87,2,91,30,12,42078.4
202408,2024-08-01,88,2,101,25,10,15659.04
202408,2024-08-01,89,2,63,25,18,9184.14
202408,2024-08-01,90,2,51,30,15,18320.73
202408,2024-08-01,91,2,66,20,15,29979.18
202408,2024-08-01,92,2,52,30,12,21161.92
202408,2024-08-01,93,2,53,20,15,17391.42
202408,2024-08-01,94,2,64,30,18,22823.04
202408,2024-08-01,95,2,80,35,12,14136.0
202408,2024-08-01,96,2,74,25,15,13655.22
202408,2024-08-01,97,2,74,30,10,28715.7
202408,2024-08-01,98,2,79,25,15,25357.42
202408,2024-08-01,99,2,77,25,10,31837.96
202408,2024-08-01,100,2,68,25,12,25047.12
202408,2024-08-01,1,3,52,20,10,10726.04
202408,2024-08-01,2,3,47,25,10,20142.32
202408,2024-08-01,3,3,68,35,10,25043.72
202408,2024-08-01,4,3,71,30,12,26056.29
202408,2024-08-01,5,3,73,30,18,38885.64
202408,2024-08-01,6,3,74,35,12,16815.02
202408,2024-08-01,7,3,86,35,15,17186.24
202408,2024-08-01,8,3,81,20,10,25084.08
202408,2024-08-01,9,3,56,35,18,6034.56
202408,2024-08-01,10,3,63,35,15,28498.05
202408,2024-08-01,11,3,65,20,12,34474.7
202408,2024-08-01,12,3,39,30,10,2733.12
202408,2024-08-01,13,3,58,30,10,8122.9
202408,2024-08-01,14,3,68,25,10,5936.4
202408,2024-08-01,15,3,85,30,12,35658.35
202408,2024-08-01,16,3,13,30,15,3454.62
202408,2024-08-01,17,3,56,35,10,3376.8
202408,2024-08-01,18,3,59,30,10,24155.19
202408,2024-08-01,19,3,74,35,10,17986.44
202408,2024-08-01,20,3,56,30,12,35514.64
202408,2024-08-01,21,3,51,20,10,20505.57
202408,2024-08-01,22,3,60,25,12,4961.4
202408,2024-08-01,23,3,88,35,12,55148.72
202408,2024-08-01,24,3,67,25,15,17003.26
202408,2024-08-01,25,3,4,35,12,1940.12
202408,2024-08-01,26,3,87,35,12,17162.49
202408,2024-08-01,27,3,52,35,15,18169.84
202408,2024-08-01,28,3,64,25,12,36519.68
202408,2024-08-01,29,3,48,20,12,3073.92
202408,2024-08-01,30,3,69,20,18,32924.73
202408,2024-08-01,31,3,17,20,18,1583.89
202408,2024-08-01,32,3,44,25,12,8529.84
202408,2024-08-01,33,3,73,20,18,42735.66
202408,2024-08-01,34,3,52,30,18,20621.64
202408,2024-08-01,35,3,52,25,15,13782.6
202408,2024-08-01,36,3,53,35,12,7270.54
202408,2024-08-01,37,3,35,30,12,9702.7
202408,2024-08-01,38,3,47,30,18,8138.99
202408,2024-08-01,39,3,71,35,18,19718.83
202408,2024-08-01,40,3,56,30,18,19424.72
202408,2024-08-01,41,3,91,30,10,14103.18
202408,2024-08-01,42,3,37,25,10,2971.1
202408,2024-08-01,43,3,41,30,18,11669.42
202408,2024-08-01,44,3,36,35,15,2243.16
202408,2024-08-01,45,3,97,25,18,12655.59
202408,2024-08-01,46,3,31,20,12,3792.23
202408,2024-08-01,47,3,40,35,15,21256.8
202408,2024-08-01,48,3,68,20,15,26264.32
202408,2024-08-01,49,3,125,35,12,75461.25
202408,2024-08-01,50,3,90,35,18,23044.5
202408,2024-08-01,51,3,79,35,12,7205.59
202408,2024-08-01,52,3,102,20,15,60211.62
202408,2024-08-01,53,3,73,30,12,32238.26
202408,2024-08-01,54,3,76,35,10,7576.44
202408,2024-08-01,55,3,99,30,15,35224.2
202408,2024-08-01,56,3,69,30,18,23506.92
202408,2024-08-01,57,3,43,35,18,19627.35
202408,2024-08-01,58,3,46,35,18,17173.64
202408,2024-08-01,59,3,58,30,10,5998.36
202408,2024-08-01,60,3,56,30,18,19626.88
202408,2024-08-01,61,3,60,25,15,28268.4
202408,2024-08-01,62,3,90,20,15,13310.1
202408,2024-08-01,63,3,81,35,18,25968.6
202408,2024-08-01,64,3,73,25,12,24009.7
202408,2024-08-01,65,3,73,25,10,23235.9
202408,2024-08-01,66,3,90,30,12,52340.4
202408,2024-08-01,67,3,75,20,10,9362.25
202408,2024-08-01,68,3,60,35,10,25664.4
202408,2024-08-01,69,3,56,30,15,22239.84
202408,2024-08-01,70,3,49,20,10,22449.35
202408,2024-08-01,71,3,50,25,15,18509.0
202408,2024-08-01,72,3,83,25,12,30421.16
202408,2024-08-01,73,3,74,35,12,19986.66
202408,2024-08-01,74,3,57,30,12,23888.7
202408,2024-08-01,75,3,44,30,15,7729.92
202408,2024-08-01,76,3,56,35,12,24503.92
202408,2024-08-01,77,3,96,25,10,9622.08
202408,2024-08-01,78,3,50,20,10,18248.5
202408,2024-08-01,79,3,56,20,18,11830.56
202408,2024-08-01,80,3,42,35,10,19114.62
202408,2024-08-01,81,3,112,25,15,24898.72
202408,2024-08-01,82,3,45,30,10,21316.95
202408,2024-08-01,83,3,84,25,12,34373.64
202408,2024-08-01,84,3,82,20,15,35690.5
202408,2024-08-01,85,3,82,20,18,15512.76
202408,2024-08-01,86,3,80,35,12,45756.0
202408,2024-08-01,87,3,65,30,10,30056.0
202408,2024-08-01,88,3,88,20,10,13643.52
202408,2024-08-01,89,3,35,35,10,5102.3
202408,2024-08-01,90,3,80,20,12,28738.4
202408,2024-08-01,91,3,76,20,18,34521.48
202408,2024-08-01,92,3,66,25,15,26859.36
202408,2024-08-01,93,3,63,30,18,20672.82
202408,2024-08-01,94,3,74,20,15,26389.14
202408,2024-08-01,95,3,81,30,18,14312.7
202408,2024-08-01,96,3,86,25,10,15869.58
202408,2024-08-01,97,3,92,30,18,35700.6
202408,2024-08-01,98,3,71,35,15,22789.58
202408,2024-08-01,99,3,72,35,10,29770.56
202408,2024-08-01,100,3,89,25,18,32782.26
202408,2024-08-01,1,4,60,30,18,12376.2
202408,2024-08-01,2,4,87,30,12,37284.72
202408,2024-08-01,3,4,63,35,10,23202.27
202408,2024-08-01,4,4,78,35,18,28625.22
202408,2024-08-01,5,4,45,30,10,23970.6
202408,2024-08-01,6,4,56,35,12,12724.88
202408,2024-08-01,7,4,50,20,18,9992.0
202408,2024-08-01,8,4,39,25,18,12077.52
202408,2024-08-01,9,4,48,30,18,5172.48
202408,2024-08-01,10,4,55,20,15,24879.25
202408,2024-08-01,11,4,63,30,12,33413.94
202408,2024-08-01,12,4,45,20,10,3153.6
202408,2024-08-01,13,4,65,25,12,9103.25
202408,2024-08-01,14,4,17,35,12,1484.1
202408,2024-08-01,15,4,56,20,12,23492.56
202408,2024-08-01,16,4,55,35,18,14615.7
202408,2024-08-01,17,4,37,25,10,2231.1
202408,2024-08-01,18,4,66,35,15,27021.06
202408,2024-08-01,19,4,72,35,15,17500.32
202408,2024-08-01,20,4,50,30,12,31709.5
202408,2024-08-01,21,4,27,20,15,10855.89
202408,2024-08-01,22,4,49,35,10,4051.81
202408,2024-08-01,23,4,74,30,12,46375.06
202408,2024-08-01,24,4,33,35,18,8374.74
202408,2024-08-01,25,4,70,30,12,33952.1
202408,2024-08-01,26,4,44,30,18,8679.88
202408,2024-08-01,27,4,44,35,10,15374.48
202408,2024-08-01,28,4,45,20,18,25677.9
202408,2024-08-01,29,4,52,20,18,3330.08
202408,2024-08-01,30,4,72,25,10,34356.24
202408,2024-08-01,31,4,15,25,10,1397.55
202408,2024-08-01,32,4,31,25,12,6009.66
202408,2024-08-01,33,4,76,35,10,44491.92
202408,2024-08-01,34,4,93,20,18,36881.01
202408,2024-08-01,35,4,47,35,12,12457.35
202408,2024-08-01,36,4,50,35,12,6859.0
202408,2024-08-01,37,4,62,35,18,17187.64
202408,2024-08-01,38,4,48,20,15,8312.16
202408,2024-08-01,39,4,74,20,18,20552.02
202408,2024-08-01,40,4,50,30,15,17343.5
202408,2024-08-01,41,4,91,30,15,14103.18
202408,2024-08-01,42,4,108,25,12,8672.4
202408,2024-08-01,43,4,77,30,12,21915.74
202408,2024-08-01,44,4,64,30,15,3987.84
202408,2024-08-01,45,4,109,35,18,14221.23
202408,2024-08-01,46,4,64,25,15,7829.12
202408,2024-08-01,47,4,83,25,12,44107.86
202408,2024-08-01,48,4,39,35,10,15063.36
202408,2024-08-01,49,4,77,30,18,46484.13
202408,2024-08-01,50,4,67,25,12,17155.35
202408,2024-08-01,51,4,96,35,10,8756.16
202408,2024-08-01,52,4,91,20,15,53718.21
202408,2024-08-01,53,4,39,25,12,17223.18
202408,2024-08-01,54,4,88,20,18,8772.72
202408,2024-08-01,55,4,74,30,10,26329.2
202408,2024-08-01,56,4,40,20,18,13627.2
202408,2024-08-01,57,4,61,25,10,27843.45
202408,2024-08-01,58,4,62,30,12,23147.08
202408,2024-08-01,59,4,66,30,10,6825.72
202408,2024-08-01,60,4,97,25,15,33996.56
202408,2024-08-01,61,4,90,30,18,42402.6
202408,2024-08-01,62,4,77,30,15,11387.53
202408,2024-08-01,63,4,71,35,15,22762.6
202408,2024-08-01,64,4,97,25,10,31903.3
202408,2024-08-01,65,4,45,25,10,14323.5
202408,2024-08-01,66,4,89,25,15,51758.84
202408,2024-08-01,67,4,80,25,15,9986.4
202408,2024-08-01,68,4,57,20,12,24381.18
202408,2024-08-01,69,4,81,35,15,32168.34
202408,2024-08-01,70,4,73,30,18,33444.95
202408,2024-08-01,71,4,67,25,12,24802.06
202408,2024-08-01,72,4,85,20,12,31154.2
202408,2024-08-01,73,4,57,25,10,15395.13
202408,2024-08-01,74,4,76,25,12,31851.6
202408,2024-08-01,75,4,42,25,18,7378.56
202408,2024-08-01,76,4,61,20,15,26691.77
202408,2024-08-01,77,4,112,20,10,11225.76
202408,2024-08-01,78,4,74,25,18,27007.78
202408,2024-08-01,79,4,61,35,18,12886.86
202408,2024-08-01,80,4,80,30,15,36408.8
202408,2024-08-01,81,4,100,20,12,22231.0
202408,2024-08-01,82,4,57,35,18,27001.47
202408,2024-08-01,83,4,89,35,18,36419.69
202408,2024-08-01,84,4,71,30,15,30902.75
202408,2024-08-01,85,4,52,30,10,9837.36
202408,2024-08-01,86,4,88,25,12,50331.6
202408,2024-08-01,87,4,89,30,12,41153.6
202408,2024-08-01,88,4,40,35,18,6201.6
202408,2024-08-01,89,4,87,35,15,12682.86
202408,2024-08-01,90,4,85,20,18,30534.55
202408,2024-08-01,91,4,68,30,12,30887.64
202408,2024-08-01,92,4,73,20,15,29708.08
202408,2024-08-01,93,4,91,35,15,29860.74
202408,2024-08-01,94,4,93,35,12,33164.73
202408,2024-08-01,95,4,82,25,18,14489.4
202408,2024-08-01,96,4,85,30,12,15685.05
202408,2024-08-01,97,4,69,20,12,26775.45
202408,2024-08-01,98,4,91,35,15,29209.18
202408,2024-08-01,99,4,42,25,10,17366.16
202408,2024-08-01,100,4,76,30,15,27993.84
202408,2024-08-01,1,5,24,20,15,4950.48
202408,2024-08-01,2,5,46,30,10,19713.76
202408,2024-08-01,3,5,47,30,10,17309.63
202408,2024-08-01,4,5,76,30,18,27891.24
202408,2024-08-01,5,5,37,35,10,19709.16
202408,2024-08-01,6,5,59,30,15,13406.57
202408,2024-08-01,7,5,101,20,10,20183.84
202408,2024-08-01,8,5,53,35,18,16413.04
202408,2024-08-01,9,5,41,35,12,4418.16
202408,2024-08-01,10,5,32,35,10,14475.2
202408,2024-08-01,11,5,44,20,15,23336.72
202408,2024-08-01,12,5,70,20,12,4905.6
202408,2024-08-01,13,5,54,25,12,7562.7
202408,2024-08-01,14,5,58,20,18,5063.4
202408,2024-08-01,15,5,51,20,10,21395.01
202408,2024-08-01,16,5,39,35,10,10363.86
202408,2024-08-01,17,5,29,30,10,1748.7
202408,2024-08-01,18,5,56,30,12,22926.96
202408,2024-08-01,19,5,70,20,15,17014.2
202408,2024-08-01,20,5,74,30,12,46930.06
202408,2024-08-01,21,5,75,30,10,30155.25
202408,2024-08-01,22,5,49,35,18,4051.81
202408,2024-08-01,23,5,57,20,10,35721.33
202408,2024-08-01,24,5,37,25,12,9389.86
202408,2024-08-01,25,5,73,30,10,35407.19
202408,2024-08-01,26,5,35,25,18,6904.45
202408,2024-08-01,27,5,68,20,15,23760.56
202408,2024-08-01,28,5,62,25,18,35378.44
202408,2024-08-01,29,5,48,25,10,3073.92
202408,2024-08-01,30,5,31,30,15,14792.27
202408,2024-08-01,31,5,27,30,10,2515.59
202408,2024-08-01,32,5,56,30,18,10856.16
202408,2024-08-01,33,5,32,20,18,18733.44
202408,2024-08-01,34,5,44,20,10,17449.08
202408,2024-08-01,35,5,54,20,12,14312.7
202408,2024-08-01,36,5,54,20,12,7407.72
202408,2024-08-01,37,5,50,30,10,13861.0
202408,2024-08-01,38,5,30,25,10,5195.1
202408,2024-08-01,39,5,62,25,15,17219.26
202408,2024-08-01,40,5,52,35,10,18037.24
202408,2024-08-01,41,5,70,25,15,10848.6
202408,2024-08-01,42,5,65,25,12,5219.5
202408,2024-08-01,43,5,70,30,10,19923.4
202408,2024-08-01,44,5,35,35,15,2180.85
202408,2024-08-01,45,5,68,25,15,8871.96
202408,2024-08-01,46,5,76,25,15,9297.08
202408,2024-08-01,47,5,65,35,12,34542.3
202408,2024-08-01,48,5,88,25,15,33989.12
202408,2024-08-01,49,5,76,25,12,45880.44
202408,2024-08-01,50,5,76,30,15,19459.8
202408,2024-08-01,51,5,84,35,15,7661.64
202408,2024-08-01,52,5,84,20,18,49586.04
202408,2024-08-01,53,5,84,30,15,37096.08
202408,2024-08-01,54,5,85,30,18,8473.65
202408,2024-08-01,55,5,97,25,10,34512.6
202408,2024-08-01,56,5,85,35,12,28957.8
202408,2024-08-01,57,5,50,25,18,22822.5
202408,2024-08-01,58,5,85,30,15,31733.9
202408,2024-08-01,59,5,59,25,15,6101.78
202408,2024-08-01,60,5,79,30,10,27687.92
202408,2024-08-01,61,5,89,25,15,41931.46
202408,2024-08-01,62,5,76,25,18,11239.64
202408,2024-08-01,63,5,64,30,10,20518.4
202408,2024-08-01,64,5,64,20,12,21049.6
202408,2024-08-01,65,5,92,35,12,29283.6
202408,2024-08-01,66,5,52,35,15,30241.12
202408,2024-08-01,67,5,90,30,18,11234.7
202408,2024-08-01,68,5,75,20,15,32080.5
202408,2024-08-01,69,5,73,20,15,28991.22
202408,2024-08-01,70,5,68,20,12,31154.2
202408,2024-08-01,71,5,96,35,18,35537.28
202408,2024-08-01,72,5,68,30,15,24923.36
202408,2024-08-01,73,5,77,20,12,20796.93
202408,2024-08-01,74,5,70,30,15,29337.0
202408,2024-08-01,75,5,79,25,18,13878.72
202408,2024-08-01,76,5,82,25,10,35880.74
202408,2024-08-01,77,5,89,35,18,8920.47
202408,2024-08-01,78,5,38,35,18,13868.86
202408,2024-08-01,79,5,79,35,12,16689.54
202408,2024-08-01,80,5,68,30,15,30947.48
202408,2024-08-01,81,5,108,30,18,24009.48
202408,2024-08-01,82,5,17,35,15,8053.07
202408,2024-08-01,83,5,80,20,12,32736.8
202408,2024-08-01,84,5,56,20,18,24374.0
202408,2024-08-01,85,5,18,35,15,3405.24
202408,2024-08-01,86,5,91,35,10,52047.45
202408,2024-08-01,87,5,54,25,12,24969.6
202408,2024-08-01,88,5,68,30,12,10542.72
202408,2024-08-01,89,5,69,25,12,10058.82
202408,2024-08-01,90,5,50,30,10,17961.5
202408,2024-08-01,91,5,59,20,15,26799.57
202408,2024-08-01,92,5,73,25,15,29708.08
202408,2024-08-01,93,5,88,35,18,28876.32
202408,2024-08-01,94,5,56,25,18,19970.16
202408,2024-08-01,95,5,71,20,12,12545.7
202408,2024-08-01,96,5,83,25,12,15315.99
202408,2024-08-01,97,5,67,30,15,25999.35
202408,2024-08-01,98,5,37,20,12,11876.26
202408,2024-08-01,99,5,60,25,12,24808.8
202408,2024-08-01,100,5,63,35,10,23205.42
202408,2024-08-01,1,6,75,25,12,15470.25
202408,2024-08-01,2,6,32,30,10,13713.92
202408,2024-08-01,3,6,70,35,12,25780.3
202408,2024-08-01,4,6,68,30,10,24955.32
202408,2024-08-01,5,6,55,35,18,29297.4
202408,2024-08-01,6,6,44,25,18,9998.12
202408,2024-08-01,7,6,39,35,18,7793.76
202408,2024-08-01,8,6,64,25,10,19819.52
202408,2024-08-01,9,6,32,35,12,3448.32
202408,2024-08-01,10,6,50,30,12,22617.5
202408,2024-08-01,11,6,8,35,15,4243.04
202408,2024-08-01,12,6,55,30,18,3854.4
202408,2024-08-01,13,6,56,35,10,7842.8
202408,2024-08-01,14,6,53,30,18,4626.9
202408,2024-08-01,15,6,44,20,12,18458.44
202408,2024-08-01,16,6,40,25,12,10629.6
202408,2024-08-01,17,6,87,30,15,5246.1
202408,2024-08-01,18,6,62,30,10,25383.42
202408,2024-08-01,19,6,35,35,10,8507.1
202408,2024-08-01,20,6,42,25,12,26635.98
202408,2024-08-01,21,6,57,35,12,22917.99
202408,2024-08-01,22,6,41,20,12,3390.29
202408,2024-08-01,23,6,61,30,18,38228.09
202408,2024-08-01,24,6,65,20,15,16495.7
202408,2024-08-01,25,6,56,35,12,27161.68
202408,2024-08-01,26,6,60,35,12,11836.2
202408,2024-08-01,27,6,88,30,15,30748.96
202408,2024-08-01,28,6,86,35,18,49073.32
202408,2024-08-01,29,6,3,20,15,192.12
202408,2024-08-01,30,6,0,35,12,0.0
202408,2024-08-01,31,6,82,25,18,7639.94
202408,2024-08-01,32,6,71,20,18,13764.06
202408,2024-08-01,33,6,44,20,15,25758.48
202408,2024-08-01,34,6,33,20,18,13086.81
202408,2024-08-01,35,6,29,20,12,7686.45
202408,2024-08-01,36,6,61,30,12,8367.98
202408,2024-08-01,37,6,79,35,18,21900.38
202408,2024-08-01,38,6,60,20,18,10390.2
202408,2024-08-01,39,6,66,35,18,18330.18
202408,2024-08-01,40,6,34,20,15,11793.58
202408,2024-08-01,41,6,60,35,15,9298.8
202408,2024-08-01,42,6,57,20,18,4577.1
202408,2024-08-01,43,6,67,30,18,19069.54
202408,2024-08-01,44,6,55,30,15,3427.05
202408,2024-08-01,45,6,90,20,12,11742.3
202408,2024-08-01,46,6,72,35,18,8807.76
202408,2024-08-01,47,6,91,20,12,48359.22
202408,2024-08-01,48,6,79,20,15,30512.96
202408,2024-08-01,49,6,97,30,12,58557.93
202408,2024-08-01,50,6,73,35,18,18691.65
202408,2024-08-01,51,6,43,20,18,3922.03
202408,2024-08-01,52,6,86,30,10,50766.66
202408,2024-08-01,53,6,72,20,18,31796.64
202408,2024-08-01,54,6,71,35,15,7077.99
202408,2024-08-01,55,6,92,20,15,32733.6
202408,2024-08-01,56,6,84,30,18,28617.12
202408,2024-08-01,57,6,56,30,15,25561.2
202408,2024-08-01,58,6,94,20,15,35093.96
202408,2024-08-01,59,6,62,25,15,6412.04
202408,2024-08-01,60,6,53,30,18,18575.44
202408,2024-08-01,61,6,66,20,18,31095.24
202408,2024-08-01,62,6,36,30,15,5324.04
202408,2024-08-01,63,6,15,20,10,4809.0
202408,2024-08-01,64,6,76,30,10,24996.4
202408,2024-08-01,65,6,106,35,12,33739.8
202408,2024-08-01,66,6,68,25,10,39546.08
202408,2024-08-01,67,6,71,20,12,8862.93
202408,2024-08-01,68,6,68,25,18,29086.32
202408,2024-08-01,69,6,107,35,15,42493.98
202408,2024-08-01,70,6,67,30,18,30696.05
202408,2024-08-01,71,6,72,25,18,26652.96
202408,2024-08-01,72,6,62,20,10,22724.24
202408,2024-08-01,73,6,77,30,15,20796.93
202408,2024-08-01,74,6,66,20,12,27660.6
202408,2024-08-01,75,6,65,20,18,11419.2
202408,2024-08-01,76,6,84,20,15,36755.88
202408,2024-08-01,77,6,90,30,18,9020.7
202408,2024-08-01,78,6,88,35,10,32117.36
202408,2024-08-01,79,6,81,25,15,17112.06
202408,2024-08-01,80,6,74,20,18,33678.14
202408,2024-08-01,81,6,47,20,12,10448.57
202408,2024-08-01,82,6,74,30,15,35054.54
202408,2024-08-01,83,6,44,25,10,18005.24
202408,2024-08-01,84,6,61,30,18,26550.25
202408,2024-08-01,85,6,70,25,18,13242.6
202408,2024-08-01,86,6,35,30,12,20018.25
202408,2024-08-01,87,6,65,30,10,30056.0
202408,2024-08-01,88,6,70,35,12,10852.8
202408,2024-08-01,89,6,46,30,15,6705.88
202408,2024-08-01,90,6,55,20,18,19757.65
202408,2024-08-01,91,6,51,25,10,23165.73
202408,2024-08-01,92,6,65,35,12,26452.4
202408,2024-08-01,93,6,61,30,15,20016.54
202408,2024-08-01,94,6,79,35,15,28172.19
202408,2024-08-01,95,6,52,20,12,9188.4
202408,2024-08-01,96,6,85,25,10,15685.05
202408,2024-08-01,97,6,69,30,12,26775.45
202408,2024-08-01,98,6,86,20,15,27604.28
202408,2024-08-01,99,6,76,35,18,31424.48
202408,2024-08-01,100,6,77,30,18,28362.18
202409,2024-09-01,1,1,57,35,10,11757.39
202409,2024-09-01,2,1,76,30,15,32570.56
202409,2024-09-01,3,1,57,30,15,20992.53
202409,2024-09-01,4,1,72,35,12,26423.28
202409,2024-09-01,5,1,82,35,18,43679.76
202409,2024-09-01,6,1,38,25,12,8634.74
202409,2024-09-01,7,1,35,35,15,6994.4
202409,2024-09-01,8,1,20,35,10,6193.6
202409,2024-09-01,9,1,50,20,18,5388.0
202409,2024-09-01,10,1,48,30,10,21712.8
202409,2024-09-01,11,1,49,25,15,25988.62
202409,2024-09-01,12,1,78,30,15,5466.24
202409,2024-09-01,13,1,53,30,18,7422.65
202409,2024-09-01,14,1,56,35,10,4888.8
202409,2024-09-01,15,1,58,25,12,24331.58
202409,2024-09-01,16,1,71,30,18,18867.54
202409,2024-09-01,17,1,55,35,10,3316.5
202409,2024-09-01,18,1,41,30,18,16785.81
202409,2024-09-01,19,1,38,25,18,9236.28
202409,2024-09-01,20,1,79,25,18,50101.01
202409,2024-09-01,21,1,26,20,10,10453.82
202409,2024-09-01,22,1,51,35,12,4217.19
202409,2024-09-01,23,1,18,25,10,11280.42
202409,2024-09-01,24,1,28,30,12,7105.84
202409,2024-09-01,25,1,57,25,18,27646.71
202409,2024-09-01,26,1,66,35,15,13019.82
202409,2024-09-01,27,1,38,25,18,13277.96
202409,2024-09-01,28,1,27,30,15,15406.74
202409,2024-09-01,29,1,65,30,10,4162.6
202409,2024-09-01,30,1,21,30,18,10020.57
202409,2024-09-01,31,1,54,25,18,5031.18
202409,2024-09-01,32,1,38,35,18,7366.68
202409,2024-09-01,33,1,70,30,18,40979.4
202409,2024-09-01,34,1,63,25,12,24983.91
202409,2024-09-01,35,1,62,35,15,16433.1
202409,2024-09-01,36,1,38,20,15,5212.84
202409,2024-09-01,37,1,67,35,12,18573.74
202409,2024-09-01,38,1,32,20,18,5541.44
202409,2024-09-01,39,1,66,35,18,18330.18
202409,2024-09-01,40,1,26,35,12,9018.62
202409,2024-09-01,41,1,95,20,12,14723.1
202409,2024-09-01,42,1,70,25,10,5621.0
202409,2024-09-01,43,1,102,35,10,29031.24
202409,2024-09-01,44,1,80,30,12,4984.8
202409,2024-09-01,45,1,64,25,18,8350.08
202409,2024-09-01,46,1,84,20,15,10275.72
202409,2024-09-01,47,1,102,20,18,54204.84
202409,2024-09-01,48,1,101,25,12,39010.24
202409,2024-09-01,49,1,44,35,15,26562.36
202409,2024-09-01,50,1,78,25,12,19971.9
202409,2024-09-01,51,1,41,35,12,3739.61
202409,2024-09-01,52,1,89,30,12,52537.59
202409,2024-09-01,53,1,95,30,10,41953.9
202409,2024-09-01,54,1,40,20,12,3987.6
202409,2024-09-01,55,1,37,35,18,13164.6
202409,2024-09-01,56,1,71,25,18,24188.28
202409,2024-09-01,57,1,71,25,12,32407.95
202409,2024-09-01,58,1,33,35,10,12320.22
202409,2024-09-01,59,1,53,30,12,5481.26
202409,2024-09-01,60,1,88,25,18,30842.24
202409,2024-09-01,61,1,82,20,10,38633.48
202409,2024-09-01,62,1,50,20,18,7394.5
202409,2024-09-01,63,1,47,35,18,15068.2
202409,2024-09-01,64,1,81,20,18,26640.9
202409,2024-09-01,65,1,55,30,10,17506.5
202409,2024-09-01,66,1,56,20,18,32567.36
202409,2024-09-01,67,1,48,35,10,5991.84
202409,2024-09-01,68,1,48,30,18,20531.52
202409,2024-09-01,69,1,79,20,15,31374.06
202409,2024-09-01,70,1,62,35,18,28405.3
202409,2024-09-01,71,1,65,35,10,24061.7
202409,2024-09-01,72,1,72,20,12,26389.44
202409,2024-09-01,73,1,68,30,10,18366.12
202409,2024-09-01,74,1,61,25,15,25565.1
202409,2024-09-01,75,1,74,35,15,13000.32
202409,2024-09-01,76,1,77,25,12,33692.89
202409,2024-09-01,77,1,84,35,12,8419.32
202409,2024-09-01,78,1,117,30,10,42701.49
202409,2024-09-01,79,1,76,30,10,16055.76
202409,2024-09-01,80,1,82,35,18,37319.02
202409,2024-09-01,81,1,65,25,15,14450.15
202409,2024-09-01,82,1,62,30,15,29370.02
202409,2024-09-01,83,1,120,35,15,49105.2
202409,2024-09-01,84,1,79,35,15,34384.75
202409,2024-09-01,85,1,63,30,10,11918.34
202409,2024-09-01,86,1,85,25,12,48615.75
202409,2024-09-01,87,1,52,30,10,24044.8
202409,2024-09-01,88,1,83,25,15,12868.32
202409,2024-09-01,89,1,67,30,15,9767.26
202409,2024-09-01,90,1,76,30,12,27301.48
202409,2024-09-01,91,1,74,30,18,33613.02
202409,2024-09-01,92,1,31,35,15,12615.76
202409,2024-09-01,93,1,92,25,12,30188.88
202409,2024-09-01,94,1,74,25,15,26389.14
202409,2024-09-01,95,1,79,35,15,13959.3
202409,2024-09-01,96,1,99,25,10,18268.47
202409,2024-09-01,97,1,89,25,15,34536.45
202409,2024-09-01,98,1,81,25,10,25999.38
202409,2024-09-01,99,1,57,30,15,23568.36
202409,2024-09-01,100,1,67,35,18,24678.78
202409,2024-09-01,1,2,50,25,15,10313.5
202409,2024-09-01,2,2,51,25,15,21856.56
202409,2024-09-01,3,2,46,30,18,16941.34
202409,2024-09-01,4,2,39,35,12,14312.61
202409,2024-09-01,5,2,77,35,12,41016.36
202409,2024-09-01,6,2,87,35,18,19769.01
202409,2024-09-01,7,2,50,20,10,9992.0
202409,2024-09-01,8,2,29,30,12,8980.72
202409,2024-09-01,9,2,36,30,12,3879.36
202409,2024-09-01,10,2,69,25,12,31212.15
202409,2024-09-01,11,2,64,30,10,33944.32
202409,2024-09-01,12,2,49,25,15,3433.92
202409,2024-09-01,13,2,66,35,18,9243.3
202409,2024-09-01,14,2,69,20,12,6023.7
202409,2024-09-01,15,2,44,25,15,18458.44
202409,2024-09-01,16,2,57,20,18,15147.18
202409,2024-09-01,17,2,45,20,15,2713.5
202409,2024-09-01,18,2,38,20,15,15557.58
202409,2024-09-01,19,2,46,20,10,11180.76
202409,2024-09-01,20,2,50,35,12,31709.5
202409,2024-09-01,21,2,51,25,15,20505.57
202409,2024-09-01,22,2,52,25,12,4299.88
202409,2024-09-01,23,2,65,25,18,40734.85
202409,2024-09-01,24,2,80,25,10,20302.4
202409,2024-09-01,25,2,43,30,15,20856.29
202409,2024-09-01,26,2,32,20,12,6312.64
202409,2024-09-01,27,2,65,20,12,22712.3
202409,2024-09-01,28,2,44,30,10,25107.28
202409,2024-09-01,29,2,21,25,12,1344.84
202409,2024-09-01,30,2,27,25,18,12883.59
202409,2024-09-01,31,2,59,35,10,5497.03
202409,2024-09-01,32,2,14,20,15,2714.04
202409,2024-09-01,33,2,71,20,12,41564.82
202409,2024-09-01,34,2,37,35,10,14673.09
202409,2024-09-01,35,2,52,35,10,13782.6
202409,2024-09-01,36,2,53,35,12,7270.54
202409,2024-09-01,37,2,58,20,12,16078.76
202409,2024-09-01,38,2,37,35,15,6407.29
202409,2024-09-01,39,2,60,20,18,16663.8
202409,2024-09-01,40,2,24,20,18,8324.88
202409,2024-09-01,41,2,109,25,18,16892.82
202409,2024-09-01,42,2,71,20,15,5701.3
202409,2024-09-01,43,2,70,35,15,19923.4
202409,2024-09-01,44,2,46,35,12,2866.26
202409,2024-09-01,45,2,66,30,18,8611.02
202409,2024-09-01,46,2,84,30,15,10275.72
202409,2024-09-01,47,2,51,30,12,27102.42
202409,2024-09-01,48,2,81,30,15,31285.44
202409,2024-09-01,49,2,64,30,18,38636.16
202409,2024-09-01,50,2,63,20,12,16131.15
202409,2024-09-01,51,2,76,35,10,6931.96
202409,2024-09-01,52,2,102,30,18,60211.62
202409,2024-09-01,53,2,80,35,12,35329.6
202409,2024-09-01,54,2,83,25,10,8274.27
202409,2024-09-01,55,2,70,35,15,24906.0
202409,2024-09-01,56,2,52,20,18,17715.36
202409,2024-09-01,57,2,50,30,12,22822.5
202409,2024-09-01,58,2,87,25,10,32480.58
202409,2024-09-01,59,2,81,25,12,8377.02
202409,2024-09-01,60,2,100,30,15,35048.0
202409,2024-09-01,61,2,81,30,18,38162.34
202409,2024-09-01,62,2,105,20,15,15528.45
202409,2024-09-01,63,2,83,25,12,26609.8
202409,2024-09-01,64,2,72,30,12,23680.8
202409,2024-09-01,65,2,56,25,18,17824.8
202409,2024-09-01,66,2,89,25,12,51758.84
202409,2024-09-01,67,2,98,25,15,12233.34
202409,2024-09-01,68,2,77,35,18,32935.98
202409,2024-09-01,69,2,70,30,12,27799.8
202409,2024-09-01,70,2,65,30,18,29779.75
202409,2024-09-01,71,2,81,30,15,29984.58
202409,2024-09-01,72,2,69,25,15,25289.88
202409,2024-09-01,73,2,59,30,15,15935.31
202409,2024-09-01,74,2,91,30,18,38138.1
202409,2024-09-01,75,2,74,30,18,13000.32
202409,2024-09-01,76,2,73,35,18,31942.61
202409,2024-09-01,77,2,35,20,18,3508.05
202409,2024-09-01,78,2,89,20,18,32482.33
202409,2024-09-01,79,2,82,30,12,17323.32
202409,2024-09-01,80,2,43,35,15,19569.73
202409,2024-09-01,81,2,85,20,12,18896.35
202409,2024-09-01,82,2,97,25,15,45949.87
202409,2024-09-01,83,2,93,30,15,38056.53
202409,2024-09-01,84,2,82,20,15,35690.5
202409,2024-09-01,85,2,50,35,18,9459.0
202409,2024-09-01,86,2,63,30,12,36032.85
202409,2024-09-01,87,2,77,25,18,35604.8
202409,2024-09-01,88,2,65,30,10,10077.6
202409,2024-09-01,89,2,69,20,12,10058.82
202409,2024-09-01,90,2,78,25,15,28019.94
202409,2024-09-01,91,2,54,35,18,24528.42
202409,2024-09-01,92,2,61,20,18,24824.56
202409,2024-09-01,93,2,55,35,12,18047.7
202409,2024-09-01,94,2,58,30,18,20683.38
202409,2024-09-01,95,2,93,20,10,16433.1
202409,2024-09-01,96,2,75,20,15,13839.75
202409,2024-09-01,97,2,100,30,15,38805.0
202409,2024-09-01,98,2,58,35,15,18616.84
202409,2024-09-01,99,2,78,20,18,32251.44
202409,2024-09-01,100,2,40,25,10,14733.6
202409,2024-09-01,1,3,44,30,18,9075.88
202409,2024-09-01,2,3,60,25,12,25713.6
202409,2024-09-01,3,3,38,30,12,13995.02
202409,2024-09-01,4,3,50,20,18,18349.5
202409,2024-09-01,5,3,62,25,15,33026.16
202409,2024-09-01,6,3,54,30,15,12270.42
202409,2024-09-01,7,3,69,20,12,13788.96
202409,2024-09-01,8,3,67,20,15,20748.56
202409,2024-09-01,9,3,86,30,18,9267.36
202409,2024-09-01,10,3,45,25,12,20355.75
202409,2024-09-01,11,3,46,30,18,24397.48
202409,2024-09-01,12,3,29,25,18,2032.32
202409,2024-09-01,13,3,40,30,15,5602.0
202409,2024-09-01,14,3,63,25,15,5499.9
202409,2024-09-01,15,3,64,30,10,26848.64
202409,2024-09-01,16,3,71,25,10,18867.54
202409,2024-09-01,17,3,57,35,18,3437.1
202409,2024-09-01,18,3,54,35,18,22108.14
202409,2024-09-01,19,3,55,20,10,13368.3
202409,2024-09-01,20,3,69,30,10,43759.11
202409,2024-09-01,21,3,39,35,10,15680.73
202409,2024-09-01,22,3,47,30,18,3886.43
202409,2024-09-01,23,3,21,30,15,13160.49
202409,2024-09-01,24,3,66,20,10,16749.48
202409,2024-09-01,25,3,39,20,10,18916.17
202409,2024-09-01,26,3,65,25,10,12822.55
202409,2024-09-01,27,3,73,35,12,25507.66
202409,2024-09-01,28,3,29,20,18,16547.98
202409,2024-09-01,29,3,60,30,18,3842.4
202409,2024-09-01,30,3,18,35,12,8589.06
202409,2024-09-01,31,3,58,30,10,5403.86
202409,2024-09-01,32,3,50,25,15,9693.0
202409,2024-09-01,33,3,45,35,18,26343.9
202409,2024-09-01,34,3,69,20,18,27363.33
202409,2024-09-01,35,3,62,30,10,16433.1
202409,2024-09-01,36,3,98,35,10,13443.64
202409,2024-09-01,37,3,43,20,12,11920.46
202409,2024-09-01,38,3,75,30,18,12987.75
202409,2024-09-01,39,3,85,25,15,23607.05
202409,2024-09-01,40,3,64,25,15,22199.68
202409,2024-09-01,41,3,41,35,12,6354.18
202409,2024-09-01,42,3,89,30,12,7146.7
202409,2024-09-01,43,3,83,25,12,23623.46
202409,2024-09-01,44,3,76,25,15,4735.56
202409,2024-09-01,45,3,92,25,10,12003.24
202409,2024-09-01,46,3,28,20,10,3425.24
202409,2024-09-01,47,3,53,25,15,28165.26
202409,2024-09-01,48,3,32,20,15,12359.68
202409,2024-09-01,49,3,80,30,12,48295.2
202409,2024-09-01,50,3,83,25,12,21252.15
202409,2024-09-01,51,3,55,30,12,5016.55
202409,2024-09-01,52,3,69,35,15,40731.39
202409,2024-09-01,53,3,90,25,12,39745.8
202409,2024-09-01,54,3,91,30,10,9071.79
202409,2024-09-01,55,3,70,25,18,24906.0
202409,2024-09-01,56,3,52,20,18,17715.36
202409,2024-09-01,57,3,53,20,18,24191.85
202409,2024-09-01,58,3,49,25,18,18293.66
202409,2024-09-01,59,3,74,20,18,7653.08
202409,2024-09-01,60,3,75,35,18,26286.0
202409,2024-09-01,61,3,48,25,12,22614.72
202409,2024-09-01,62,3,49,35,10,7246.61
202409,2024-09-01,63,3,65,20,12,20839.0
202409,2024-09-01,64,3,75,20,12,24667.5
202409,2024-09-01,65,3,78,25,10,24827.4
202409,2024-09-01,66,3,97,35,15,56411.32
202409,2024-09-01,67,3,105,30,18,13107.15
202409,2024-09-01,68,3,57,25,12,24381.18
202409,2024-09-01,69,3,94,20,15,37331.16
202409,2024-09-01,70,3,67,35,15,30696.05
202409,2024-09-01,71,3,64,20,18,23691.52
202409,2024-09-01,72,3,61,20,10,22357.72
202409,2024-09-01,73,3,55,35,18,14854.95
202409,2024-09-01,74,3,75,35,10,31432.5
202409,2024-09-01,75,3,78,30,15,13703.04
202409,2024-09-01,76,3,67,30,10,29317.19
202409,2024-09-01,77,3,45,35,15,4510.35
202409,2024-09-01,78,3,83,25,10,30292.51
202409,2024-09-01,79,3,107,35,18,22604.82
202409,2024-09-01,80,3,104,20,15,47331.44
202409,2024-09-01,81,3,66,30,10,14672.46
202409,2024-09-01,82,3,71,25,12,33633.41
202409,2024-09-01,83,3,95,25,10,38874.95
202409,2024-09-01,84,3,94,25,12,40913.5
202409,2024-09-01,85,3,76,25,18,14377.68
202409,2024-09-01,86,3,93,20,10,53191.35
202409,2024-09-01,87,3,101,25,15,46702.4
202409,2024-09-01,88,3,70,30,18,10852.8
202409,2024-09-01,89,3,94,25,18,13703.32
202409,2024-09-01,90,3,45,25,12,16165.35
202409,2024-09-01,91,3,67,25,12,30433.41
202409,2024-09-01,92,3,95,30,10,38661.2
202409,2024-09-01,93,3,27,25,10,8859.78
202409,2024-09-01,94,3,71,35,12,25319.31
202409,2024-09-01,95,3,82,30,18,14489.4
202409,2024-09-01,96,3,78,30,15,14393.34
202409,2024-09-01,97,3,57,30,10,22118.85
202409,2024-09-01,98,3,99,20,15,31777.02
202409,2024-09-01,99,3,76,20,18,31424.48
202409,2024-09-01,100,3,61,20,12,22468.74
202409,2024-09-01,1,4,82,35,10,16914.14
202409,2024-09-01,2,4,52,35,12,22285.12
202409,2024-09-01,3,4,68,25,10,25043.72
202409,2024-09-01,4,4,43,20,15,15780.57
202409,2024-09-01,5,4,57,25,10,30362.76
202409,2024-09-01,6,4,39,35,10,8861.97
202409,2024-09-01,7,4,86,20,18,17186.24
202409,2024-09-01,8,4,53,35,18,16413.04
202409,2024-09-01,9,4,43,35,12,4633.68
202409,2024-09-01,10,4,16,20,15,7237.6
202409,2024-09-01,11,4,47,35,18,24927.86
202409,2024-09-01,12,4,22,30,12,1541.76
202409,2024-09-01,13,4,66,30,15,9243.3
202409,2024-09-01,14,4,87,20,18,7595.1
202409,2024-09-01,15,4,44,35,12,18458.44
202409,2024-09-01,16,4,68,25,12,18070.32
202409,2024-09-01,17,4,40,25,12,2412.0
202409,2024-09-01,18,4,51,25,10,20879.91
202409,2024-09-01,19,4,40,20,18,9722.4
202409,2024-09-01,20,4,45,30,10,28538.55
202409,2024-09-01,21,4,57,25,12,22917.99
202409,2024-09-01,22,4,61,30,12,5044.09
202409,2024-09-01,23,4,30,30,15,18800.7
202409,2024-09-01,24,4,43,35,15,10912.54
202409,2024-09-01,25,4,34,25,15,16491.02
202409,2024-09-01,26,4,49,35,15,9666.23
202409,2024-09-01,27,4,57,25,10,19916.94
202409,2024-09-01,28,4,72,35,10,41084.64
202409,2024-09-01,29,4,40,25,12,2561.6
202409,2024-09-01,30,4,105,20,12,50102.85
202409,2024-09-01,31,4,38,20,12,3540.46
202409,2024-09-01,32,4,68,25,18,13182.48
202409,2024-09-01,33,4,65,30,10,38052.3
202409,2024-09-01,34,4,51,35,18,20225.07
202409,2024-09-01,35,4,52,30,12,13782.6
202409,2024-09-01,36,4,75,35,18,10288.5
202409,2024-09-01,37,4,50,25,18,13861.0
202409,2024-09-01,38,4,28,30,18,4848.76
202409,2024-09-01,39,4,72,20,15,19996.56
202409,2024-09-01,40,4,66,30,15,22893.42
202409,2024-09-01,41,4,42,25,15,6509.16
202409,2024-09-01,42,4,86,30,18,6905.8
202409,2024-09-01,43,4,32,35,10,9107.84
202409,2024-09-01,44,4,92,30,15,5732.52
202409,2024-09-01,45,4,70,20,15,9132.9
202409,2024-09-01,46,4,80,35,10,9786.4
202409,2024-09-01,47,4,48,25,10,25508.16
202409,2024-09-01,48,4,92,25,18,35534.08
202409,2024-09-01,49,4,59,20,10,35617.71
202409,2024-09-01,50,4,28,30,12,7169.4
202409,2024-09-01,51,4,67,30,15,6111.07
202409,2024-09-01,52,4,65,35,18,38370.15
202409,2024-09-01,53,4,38,20,12,16781.56
202409,2024-09-01,54,4,55,35,12,5482.95
202409,2024-09-01,55,4,55,25,12,19569.0
202409,2024-09-01,56,4,92,20,12,31342.56
202409,2024-09-01,57,4,31,30,12,14149.95
202409,2024-09-01,58,4,64,20,15,23893.76
202409,2024-09-01,59,4,91,25,12,9411.22
202409,2024-09-01,60,4,67,30,12,23482.16
202409,2024-09-01,61,4,51,20,12,24028.14
202409,2024-09-01,62,4,62,25,12,9169.18
202409,2024-09-01,63,4,69,35,12,22121.4
202409,2024-09-01,64,4,76,30,10,24996.4
202409,2024-09-01,65,4,58,35,15,18461.4
202409,2024-09-01,66,4,104,35,18,60482.24
202409,2024-09-01,67,4,58,35,18,7240.14
202409,2024-09-01,68,4,36,30,12,15398.64
202409,2024-09-01,69,4,77,30,10,30579.78
202409,2024-09-01,70,4,43,20,15,19700.45
202409,2024-09-01,71,4,72,30,12,26652.96
202409,2024-09-01,72,4,97,20,10,35552.44
202409,2024-09-01,73,4,108,35,12,29169.72
202409,2024-09-01,74,4,90,25,18,37719.0
202409,2024-09-01,75,4,73,25,12,12824.64
202409,2024-09-01,76,4,73,35,12,31942.61
202409,2024-09-01,77,4,58,35,18,5813.34
202409,2024-09-01,78,4,59,25,12,21533.23
202409,2024-09-01,79,4,96,30,10,20280.96
202409,2024-09-01,80,4,44,25,15,20024.84
202409,2024-09-01,81,4,63,25,18,14005.53
202409,2024-09-01,82,4,70,20,12,33159.7
202409,2024-09-01,83,4,90,25,18,36828.9
202409,2024-09-01,84,4,56,25,15,24374.0
202409,2024-09-01,85,4,71,30,10,13431.78
202409,2024-09-01,86,4,102,20,15,58338.9
202409,2024-09-01,87,4,84,20,18,38841.6
202409,2024-09-01,88,4,65,25,18,10077.6
202409,2024-09-01,89,4,46,30,10,6705.88
202409,2024-09-01,90,4,69,35,12,24786.87
202409,2024-09-01,91,4,29,20,15,13172.67
202409,2024-09-01,92,4,85,30,10,34591.6
202409,2024-09-01,93,4,88,35,15,28876.32
202409,2024-09-01,94,4,62,20,18,22109.82
202409,2024-09-01,95,4,67,35,12,11838.9
202409,2024-09-01,96,4,71,35,15,13101.63
202409,2024-09-01,97,4,61,25,10,23671.05
202409,2024-09-01,98,4,71,20,15,22789.58
202409,2024-09-01,99,4,69,25,18,28530.12
202409,2024-09-01,100,4,55,35,18,20258.7
202409,2024-09-01,1,5,76,20,10,15676.52
202409,2024-09-01,2,5,37,30,15,15856.72
202409,2024-09-01,3,5,47,30,15,17309.63
202409,2024-09-01,4,5,47,35,15,17248.53
202409,2024-09-01,5,5,31,30,10,16513.08
202409,2024-09-01,6,5,73,20,10,16587.79
202409,2024-09-01,7,5,104,35,12,20783.36
202409,2024-09-01,8,5,94,35,12,29109.92
202409,2024-09-01,9,5,88,35,15,9482.88
202409,2024-09-01,10,5,54,20,18,24426.9
202409,2024-09-01,11,5,45,35,18,23867.1
202409,2024-09-01,12,5,49,20,10,3433.92
202409,2024-09-01,13,5,33,20,10,4621.65
202409,2024-09-01,14,5,50,20,12,4365.0
202409,2024-09-01,15,5,52,30,18,21814.52
202409,2024-09-01,16,5,35,35,10,9300.9
202409,2024-09-01,17,5,80,30,18,4824.0
202409,2024-09-01,18,5,50,35,10,20470.5
202409,2024-09-01,19,5,70,35,18,17014.2
202409,2024-09-01,20,5,64,20,12,40588.16
202409,2024-09-01,21,5,67,25,10,26938.69
202409,2024-09-01,22,5,32,30,10,2646.08
202409,2024-09-01,23,5,42,30,18,26320.98
202409,2024-09-01,24,5,63,20,18,15988.14
202409,2024-09-01,25,5,46,30,15,22311.38
202409,2024-09-01,26,5,24,30,15,4734.48
202409,2024-09-01,27,5,29,25,15,10133.18
202409,2024-09-01,28,5,53,35,10,30242.86
202409,2024-09-01,29,5,59,30,18,3778.36
202409,2024-09-01,30,5,25,30,12,11929.25
202409,2024-09-01,31,5,35,25,15,3260.95
202409,2024-09-01,32,5,25,35,15,4846.5
202409,2024-09-01,33,5,60,25,18,35125.2
202409,2024-09-01,34,5,55,20,15,21811.35
202409,2024-09-01,35,5,45,30,12,11927.25
202409,2024-09-01,36,5,49,30,15,6721.82
202409,2024-09-01,37,5,46,20,10,12752.12
202409,2024-09-01,38,5,52,35,15,9004.84
202409,2024-09-01,39,5,76,35,12,21107.48
202409,2024-09-01,40,5,58,35,12,20118.46
202409,2024-09-01,41,5,69,30,18,10693.62
202409,2024-09-01,42,5,61,30,15,4898.3
202409,2024-09-01,43,5,69,35,15,19638.78
202409,2024-09-01,44,5,57,25,12,3551.67
202409,2024-09-01,45,5,65,30,10,8480.55
202409,2024-09-01,46,5,58,20,12,7095.14
202409,2024-09-01,47,5,63,30,15,33479.46
202409,2024-09-01,48,5,62,25,18,23946.88
202409,2024-09-01,49,5,81,20,12,48898.89
202409,2024-09-01,50,5,63,20,10,16131.15
202409,2024-09-01,51,5,48,35,15,4378.08
202409,2024-09-01,52,5,91,25,15,53718.21
202409,2024-09-01,53,5,69,30,18,30471.78
202409,2024-09-01,54,5,78,25,18,7775.82
202409,2024-09-01,55,5,100,20,15,35580.0
202409,2024-09-01,56,5,83,20,15,28276.44
202409,2024-09-01,57,5,61,25,18,27843.45
202409,2024-09-01,58,5,84,20,12,31360.56
202409,2024-09-01,59,5,66,25,15,6825.72
202409,2024-09-01,60,5,92,20,18,32244.16
202409,2024-09-01,61,5,98,25,12,46171.72
202409,2024-09-01,62,5,68,25,12,10056.52
202409,2024-09-01,63,5,102,35,12,32701.2
202409,2024-09-01,64,5,69,25,10,22694.1
202409,2024-09-01,65,5,80,30,12,25464.0
202409,2024-09-01,66,5,47,20,18,27333.32
202409,2024-09-01,67,5,73,35,18,9112.59
202409,2024-09-01,68,5,77,25,18,32935.98
202409,2024-09-01,69,5,59,25,18,23431.26
202409,2024-09-01,70,5,99,35,15,45356.85
202409,2024-09-01,71,5,90,30,15,33316.2
202409,2024-09-01,72,5,53,35,15,19425.56
202409,2024-09-01,73,5,85,30,12,22957.65
202409,2024-09-01,74,5,63,30,15,26403.3
202409,2024-09-01,75,5,67,20,12,11770.56
202409,2024-09-01,76,5,76,30,12,33255.32
202409,2024-09-01,77,5,67,25,10,6715.41
202409,2024-09-01,78,5,51,35,15,18613.47
202409,2024-09-01,79,5,105,20,12,22182.3
202409,2024-09-01,80,5,60,30,12,27306.6
202409,2024-09-01,81,5,69,35,15,15339.39
202409,2024-09-01,82,5,60,20,18,28422.6
202409,2024-09-01,83,5,93,35,18,38056.53
202409,2024-09-01,84,5,97,35,10,42219.25
202409,2024-09-01,85,5,95,25,10,17972.1
202409,2024-09-01,86,5,67,35,10,38320.65
202409,2024-09-01,87,5,107,30,18,49476.8
202409,2024-09-01,88,5,25,25,10,3876.0
202409,2024-09-01,89,5,52,30,10,7580.56
202409,2024-09-01,90,5,45,30,15,16165.35
202409,2024-09-01,91,5,82,20,18,37246.86
202409,2024-09-01,92,5,64,35,12,26045.44
202409,2024-09-01,93,5,59,35,12,19360.26
202409,2024-09-01,94,5,75,35,15,26745.75
202409,2024-09-01,95,5,89,30,15,15726.3
202409,2024-09-01,96,5,62,25,18,11440.86
202409,2024-09-01,97,5,24,25,15,9313.2
202409,2024-09-01,98,5,76,20,10,24394.48
202409,2024-09-01,99,5,87,30,10,35972.76
202409,2024-09-01,100,5,44,20,10,16206.96
202409,2024-09-01,1,6,54,35,12,11138.58
202409,2024-09-01,2,6,101,25,12,43284.56
202409,2024-09-01,3,6,67,25,12,24675.43
202409,2024-09-01,4,6,101,20,18,37065.99
202409,2024-09-01,5,6,82,20,15,43679.76
202409,2024-09-01,6,6,44,20,10,9998.12
202409,2024-09-01,7,6,55,35,18,10991.2
202409,2024-09-01,8,6,77,35,18,23845.36
202409,2024-09-01,9,6,49,35,12,5280.24
202409,2024-09-01,10,6,74,30,12,33473.9
202409,2024-09-01,11,6,26,20,15,13789.88
202409,2024-09-01,12,6,82,30,12,5746.56
202409,2024-09-01,13,6,34,35,15,4761.7
202409,2024-09-01,14,6,51,35,10,4452.3
202409,2024-09-01,15,6,66,25,15,27687.66
202409,2024-09-01,16,6,56,35,12,14881.44
202409,2024-09-01,17,6,65,25,15,3919.5
202409,2024-09-01,18,6,28,20,15,11463.48
202409,2024-09-01,19,6,42,35,10,10208.52
202409,2024-09-01,20,6,52,30,10,32977.88
202409,2024-09-01,21,6,47,20,10,18897.29
202409,2024-09-01,22,6,58,30,10,4796.02
202409,2024-09-01,23,6,24,25,10,15040.56
202409,2024-09-01,24,6,38,20,10,9643.64
202409,2024-09-01,25,6,53,30,18,25706.59
202409,2024-09-01,26,6,34,30,10,6707.18
202409,2024-09-01,27,6,49,30,10,17121.58
202409,2024-09-01,28,6,61,25,12,34807.82
202409,2024-09-01,29,6,65,35,12,4162.6
202409,2024-09-01,30,6,59,25,15,28153.03
202409,2024-09-01,31,6,50,20,12,4658.5
202409,2024-09-01,32,6,70,30,12,13570.2
202409,2024-09-01,33,6,34,35,12,19904.28
202409,2024-09-01,34,6,58,25,18,23001.06
202409,2024-09-01,35,6,47,20,10,12457.35
202409,2024-09-01,36,6,32,20,15,4389.76
202409,2024-09-01,37,6,36,30,10,9979.92
202409,2024-09-01,38,6,43,30,12,7446.31
202409,2024-09-01,39,6,56,25,10,15552.88
202409,2024-09-01,40,6,41,35,12,14221.67
202409,2024-09-01,41,6,75,25,15,11623.5
202409,2024-09-01,42,6,51,35,18,4095.3
202409,2024-09-01,43,6,33,35,10,9392.46
202409,2024-09-01,44,6,72,20,15,4486.32
202409,2024-09-01,45,6,41,25,15,5349.27
202409,2024-09-01,46,6,66,25,12,8073.78
202409,2024-09-01,47,6,39,35,12,20725.38
202409,2024-09-01,48,6,89,35,10,34375.36
202409,2024-09-01,49,6,85,30,10,51313.65
202409,2024-09-01,50,6,98,35,10,25092.9
202409,2024-09-01,51,6,35,20,15,3192.35
202409,2024-09-01,52,6,77,35,12,45453.87
202409,2024-09-01,53,6,65,30,15,28705.3
202409,2024-09-01,54,6,48,25,18,4785.12
202409,2024-09-01,55,6,74,25,15,26329.2
202409,2024-09-01,56,6,50,35,18,17034.0
202409,2024-09-01,57,6,53,35,18,24191.85
202409,2024-09-01,58,6,75,20,18,28000.5
202409,2024-09-01,59,6,79,20,18,8170.18
202409,2024-09-01,60,6,69,20,15,24183.12
202409,2024-09-01,61,6,46,35,18,21672.44
202409,2024-09-01,62,6,74,30,18,10943.86
202409,2024-09-01,63,6,86,30,10,27571.6
202409,2024-09-01,64,6,68,20,12,22365.2
202409,2024-09-01,65,6,75,20,15,23872.5
202409,2024-09-01,66,6,115,25,15,66879.4
202409,2024-09-01,67,6,45,20,10,5617.35
202409,2024-09-01,68,6,90,20,15,38496.6
202409,2024-09-01,69,6,73,35,12,28991.22
202409,2024-09-01,70,6,106,30,10,48563.9
202409,2024-09-01,71,6,65,35,12,24061.7
202409,2024-09-01,72,6,63,30,10,23090.76
202409,2024-09-01,73,6,105,25,10,28359.45
202409,2024-09-01,74,6,84,35,12,35204.4
202409,2024-09-01,75,6,87,25,15,15284.16
202409,2024-09-01,76,6,100,20,12,43757.0
202409,2024-09-01,77,6,64,35,12,6414.72
202409,2024-09-01,78,6,106,20,10,38686.82
202409,2024-09-01,79,6,46,35,12,9717.96
202409,2024-09-01,80,6,70,20,15,31857.7
202409,2024-09-01,81,6,68,20,12,15117.08
202409,2024-09-01,82,6,53,30,12,25106.63
202409,2024-09-01,83,6,63,35,12,25780.23
202409,2024-09-01,84,6,77,30,18,33514.25
202409,2024-09-01,85,6,68,20,12,12864.24
202409,2024-09-01,86,6,52,25,12,29741.4
202409,2024-09-01,87,6,57,30,18,26356.8
202409,2024-09-01,88,6,100,30,12,15504.0
202409,2024-09-01,89,6,87,30,18,12682.86
202409,2024-09-01,90,6,36,20,18,12932.28
202409,2024-09-01,91,6,118,35,18,53599.14
202409,2024-09-01,92,6,99,30,12,40289.04
202409,2024-09-01,93,6,47,35,15,15422.58
202409,2024-09-01,94,6,56,20,18,19970.16
202409,2024-09-01,95,6,53,20,18,9365.1
202409,2024-09-01,96,6,54,25,12,9964.62
202409,2024-09-01,97,6,52,20,10,20178.6
202409,2024-09-01,98,6,81,20,12,25999.38
202409,2024-09-01,99,6,64,35,10,26462.72
202409,2024-09-01,100,6,94,25,15,34623.96
202410,2024-10-01,1,1,30,25,15,6188.1
202410,2024-10-01,2,1,43,35,15,18428.08
202410,2024-10-01,3,1,23,30,15,8470.67
202410,2024-10-01,4,1,44,30,10,16147.56
202410,2024-10-01,5,1,0,20,18,0.0
202410,2024-10-01,6,1,31,25,10,7044.13
202410,2024-10-01,7,1,63,35,12,12589.92
202410,2024-10-01,8,1,28,25,10,8671.04
202410,2024-10-01,9,1,49,35,18,5280.24
202410,2024-10-01,10,1,67,20,10,30307.45
202410,2024-10-01,11,1,29,25,10,15381.02
202410,2024-10-01,12,1,60,35,12,4204.8
202410,2024-10-01,13,1,18,20,10,2520.9
202410,2024-10-01,14,1,23,25,18,2007.9
202410,2024-10-01,15,1,53,30,18,22234.03
202410,2024-10-01,16,1,63,25,18,16741.62
202410,2024-10-01,17,1,48,20,12,2894.4
202410,2024-10-01,18,1,66,25,15,27021.06
202410,2024-10-01,19,1,51,20,10,12396.06
202410,2024-10-01,20,1,49,25,15,31075.31
202410,2024-10-01,21,1,40,30,12,16082.8
202410,2024-10-01,22,1,36,30,18,2976.84
202410,2024-10-01,23,1,39,25,10,24440.91
202410,2024-10-01,24,1,51,35,18,12942.78
202410,2024-10-01,25,1,35,25,15,16976.05
202410,2024-10-01,26,1,83,20,12,16373.41
202410,2024-10-01,27,1,23,25,12,8036.66
202410,2024-10-01,28,1,68,30,18,38802.16
202410,2024-10-01,29,1,33,20,18,2113.32
202410,2024-10-01,30,1,54,20,12,25767.18
202410,2024-10-01,31,1,65,30,12,6056.05
202410,2024-10-01,32,1,44,25,15,8529.84
202410,2024-10-01,33,1,32,20,10,18733.44
202410,2024-10-01,34,1,32,20,18,12690.24
202410,2024-10-01,35,1,54,20,12,14312.7
202410,2024-10-01,36,1,30,30,15,4115.4
202410,2024-10-01,37,1,48,20,12,13306.56
202410,2024-10-01,38,1,29,20,12,5021.93
202410,2024-10-01,39,1,25,20,18,6943.25
202410,2024-10-01,40,1,17,20,10,5896.79
202410,2024-10-01,41,1,60,35,10,9298.8
202410,2024-10-01,42,1,74,25,10,5942.2
202410,2024-10-01,43,1,58,20,10,16507.96
202410,2024-10-01,44,1,66,35,18,4112.46
202410,2024-10-01,45,1,89,30,18,11611.83
202410,2024-10-01,46,1,59,35,12,7217.47
202410,2024-10-01,47,1,42,35,15,22319.64
202410,2024-10-01,48,1,57,30,18,22015.68
202410,2024-10-01,49,1,61,35,12,36825.09
202410,2024-10-01,50,1,51,35,15,13058.55
202410,2024-10-01,51,1,63,25,12,5746.23
202410,2024-10-01,52,1,75,30,12,44273.25
202410,2024-10-01,53,1,66,35,15,29146.92
202410,2024-10-01,54,1,75,25,15,7476.75
202410,2024-10-01,55,1,68,20,18,24194.4
202410,2024-10-01,56,1,36,30,12,12264.48
202410,2024-10-01,57,1,56,20,18,25561.2
202410,2024-10-01,58,1,55,35,12,20533.7
202410,2024-10-01,59,1,67,35,12,6929.14
202410,2024-10-01,60,1,71,30,12,24884.08
202410,2024-10-01,61,1,90,35,18,42402.6
202410,2024-10-01,62,1,59,35,18,8725.51
202410,2024-10-01,63,1,37,35,18,11862.2
202410,2024-10-01,64,1,33,35,18,10853.7
202410,2024-10-01,65,1,53,30,15,16869.9
202410,2024-10-01,66,1,76,30,18,44198.56
202410,2024-10-01,67,1,53,25,12,6615.99
202410,2024-10-01,68,1,88,25,12,37641.12
202410,2024-10-01,69,1,67,25,12,26608.38
202410,2024-10-01,70,1,56,30,18,25656.4
202410,2024-10-01,71,1,40,35,15,14807.2
202410,2024-10-01,72,1,54,30,12,19792.08
202410,2024-10-01,73,1,85,35,12,22957.65
202410,2024-10-01,74,1,75,35,10,31432.5
202410,2024-10-01,75,1,45,35,15,7905.6
202410,2024-10-01,76,1,80,35,10,35005.6
202410,2024-10-01,77,1,62,25,12,6214.26
202410,2024-10-01,78,1,39,30,12,14233.83
202410,2024-10-01,79,1,51,35,18,10774.26
202410,2024-10-01,80,1,6,25,18,2730.66
202410,2024-10-01,81,1,73,20,12,16228.63
202410,2024-10-01,82,1,63,35,12,29843.73
202410,2024-10-01,83,1,60,30,12,24552.6
202410,2024-10-01,84,1,57,35,12,24809.25
202410,2024-10-01,85,1,48,25,18,9080.64
202410,2024-10-01,86,1,29,30,18,16586.55
202410,2024-10-01,87,1,91,25,12,42078.4
202410,2024-10-01,88,1,35,35,15,5426.4
202410,2024-10-01,89,1,90,20,10,13120.2
202410,2024-10-01,90,1,87,20,10,31253.01
202410,2024-10-01,91,1,33,20,10,14989.59
202410,2024-10-01,92,1,73,20,15,29708.08
202410,2024-10-01,93,1,78,20,15,25594.92
202410,2024-10-01,94,1,52,30,12,18543.72
202410,2024-10-01,95,1,27,25,12,4770.9
202410,2024-10-01,96,1,66,30,10,12178.98
202410,2024-10-01,97,1,87,30,15,33760.35
202410,2024-10-01,98,1,62,35,18,19900.76
202410,2024-10-01,99,1,40,30,12,16539.2
202410,2024-10-01,100,1,95,30,15,34992.3
202410,2024-10-01,1,2,33,20,12,6806.91
202410,2024-10-01,2,2,34,25,12,14571.04
202410,2024-10-01,3,2,25,35,10,9207.25
202410,2024-10-01,4,2,70,35,12,25689.3
202410,2024-10-01,5,2,48,35,15,25568.64
202410,2024-10-01,6,2,26,25,10,5907.98
202410,2024-10-01,7,2,51,25,18,10191.84
202410,2024-10-01,8,2,42,20,10,13006.56
202410,2024-10-01,9,2,73,25,18,7866.48
202410,2024-10-01,10,2,52,35,18,23522.2
202410,2024-10-01,11,2,42,35,12,22275.96
202410,2024-10-01,12,2,62,20,15,4344.96
202410,2024-10-01,13,2,39,35,12,5461.95
202410,2024-10-01,14,2,51,35,10,4452.3
202410,2024-10-01,15,2,32,35,15,13424.32
202410,2024-10-01,16,2,79,30,10,20993.46
202410,2024-10-01,17,2,0,30,10,0.0
202410,2024-10-01,18,2,53,25,12,21698.73
202410,2024-10-01,19,2,55,30,18,13368.3
202410,2024-10-01,20,2,50,25,10,31709.5
202410,2024-10-01,21,2,18,25,15,7237.26
202410,2024-10-01,22,2,39,30,10,3224.91
202410,2024-10-01,23,2,20,30,18,12533.8
202410,2024-10-01,24,2,58,20,18,14719.24
202410,2024-10-01,25,2,44,25,15,21341.32
202410,2024-10-01,26,2,14,30,12,2761.78
202410,2024-10-01,27,2,14,30,10,4891.88
202410,2024-10-01,28,2,62,35,15,35378.44
202410,2024-10-01,29,2,45,25,10,2881.8
202410,2024-10-01,30,2,67,25,15,31970.39
202410,2024-10-01,31,2,36,30,18,3354.12
202410,2024-10-01,32,2,56,35,15,10856.16
202410,2024-10-01,33,2,6,20,15,3512.52
202410,2024-10-01,34,2,29,35,10,11500.53
202410,2024-10-01,35,2,36,30,10,9541.8
202410,2024-10-01,36,2,51,25,10,6996.18
202410,2024-10-01,37,2,46,20,15,12752.12
202410,2024-10-01,38,2,56,35,12,9697.52
202410,2024-10-01,39,2,9,35,18,2499.57
202410,2024-10-01,40,2,0,35,10,0.0
202410,2024-10-01,41,2,76,30,18,11778.48
202410,2024-10-01,42,2,54,30,15,4336.2
202410,2024-10-01,43,2,70,35,18,19923.4
202410,2024-10-01,44,2,75,30,12,4673.25
202410,2024-10-01,45,2,63,30,15,8219.61
202410,2024-10-01,46,2,90,25,18,11009.7
202410,2024-10-01,47,2,64,30,15,34010.88
202410,2024-10-01,48,2,58,20,18,22401.92
202410,2024-10-01,49,2,95,20,15,57350.55
202410,2024-10-01,50,2,84,20,10,21508.2
202410,2024-10-01,51,2,67,25,10,6111.07
202410,2024-10-01,52,2,45,25,10,26563.95
202410,2024-10-01,53,2,67,25,15,29588.54
202410,2024-10-01,54,2,20,20,12,1993.8
202410,2024-10-01,55,2,64,25,10,22771.2
202410,2024-10-01,56,2,54,20,10,18396.72
202410,2024-10-01,57,2,53,20,15,24191.85
202410,2024-10-01,58,2,23,20,12,8586.82
202410,2024-10-01,59,2,70,35,15,7239.4
202410,2024-10-01,60,2,57,20,10,19977.36
202410,2024-10-01,61,2,63,20,12,29681.82
202410,2024-10-01,62,2,59,25,10,8725.51
202410,2024-10-01,63,2,64,25,10,20518.4
202410,2024-10-01,64,2,86,20,10,28285.4
202410,2024-10-01,65,2,90,35,12,28647.0
202410,2024-10-01,66,2,66,25,10,38382.96
202410,2024-10-01,67,2,68,20,18,8488.44
202410,2024-10-01,68,2,19,30,12,8127.06
202410,2024-10-01,69,2,80,35,12,31771.2
202410,2024-10-01,70,2,63,35,12,28863.45
202410,2024-10-01,71,2,41,35,15,15177.38
202410,2024-10-01,72,2,71,20,18,26022.92
202410,2024-10-01,73,2,44,25,10,11883.96
202410,2024-10-01,74,2,88,20,12,36880.8
202410,2024-10-01,75,2,92,25,15,16162.56
202410,2024-10-01,76,2,64,25,12,28004.48
202410,2024-10-01,77,2,60,20,10,6013.8
202410,2024-10-01,78,2,75,25,12,27372.75
202410,2024-10-01,79,2,68,30,12,14365.68
202410,2024-10-01,80,2,78,25,18,35498.58
202410,2024-10-01,81,2,45,30,18,10003.95
202410,2024-10-01,82,2,95,30,12,45002.45
202410,2024-10-01,83,2,54,35,15,22097.34
202410,2024-10-01,84,2,80,30,12,34820.0
202410,2024-10-01,85,2,62,20,15,11729.16
202410,2024-10-01,86,2,67,30,12,38320.65
202410,2024-10-01,87,2,49,20,10,22657.6
202410,2024-10-01,88,2,60,20,18,9302.4
202410,2024-10-01,89,2,67,30,10,9767.26
202410,2024-10-01,90,2,53,35,10,19039.19
202410,2024-10-01,91,2,51,35,10,23165.73
202410,2024-10-01,92,2,110,20,15,44765.6
202410,2024-10-01,93,2,46,30,10,15094.44
202410,2024-10-01,94,2,67,30,15,23892.87
202410,2024-10-01,95,2,57,35,15,10071.9
202410,2024-10-01,96,2,39,35,15,7196.67
202410,2024-10-01,97,2,53,35,15,20566.65
202410,2024-10-01,98,2,76,35,15,24394.48
202410,2024-10-01,99,2,35,25,12,14471.8
202410,2024-10-01,100,2,81,25,10,29835.54
202410,2024-10-01,1,3,51,30,18,10519.77
202410,2024-10-01,2,3,86,35,18,36856.16
202410,2024-10-01,3,3,31,30,18,11416.99
202410,2024-10-01,4,3,85,35,18,31194.15
202410,2024-10-01,5,3,54,35,12,28764.72
202410,2024-10-01,6,3,0,25,18,0.0
202410,2024-10-01,7,3,89,35,10,17785.76
202410,2024-10-01,8,3,66,25,15,20438.88
202410,2024-10-01,9,3,78,35,12,8405.28
202410,2024-10-01,10,3,61,35,15,27593.35
202410,2024-10-01,11,3,18,20,18,9546.84
202410,2024-10-01,12,3,49,25,12,3433.92
202410,2024-10-01,13,3,51,25,12,7142.55
202410,2024-10-01,14,3,52,20,10,4539.6
202410,2024-10-01,15,3,30,35,18,12585.3
202410,2024-10-01,16,3,38,25,15,10098.12
202410,2024-10-01,17,3,52,30,12,3135.6
202410,2024-10-01,18,3,38,20,18,15557.58
202410,2024-10-01,19,3,52,35,12,12639.12
202410,2024-10-01,20,3,36,30,15,22830.84
202410,2024-10-01,21,3,20,25,12,8041.4
202410,2024-10-01,22,3,44,35,18,3638.36
202410,2024-10-01,23,3,36,35,18,22560.84
202410,2024-10-01,24,3,41,25,18,10404.98
202410,2024-10-01,25,3,57,20,15,27646.71
202410,2024-10-01,26,3,65,20,10,12822.55
202410,2024-10-01,27,3,49,30,18,17121.58
202410,2024-10-01,28,3,67,30,12,38231.54
202410,2024-10-01,29,3,63,25,18,4034.52
202410,2024-10-01,30,3,74,25,18,35310.58
202410,2024-10-01,31,3,65,35,10,6056.05
202410,2024-10-01,32,3,30,30,12,5815.8
202410,2024-10-01,33,3,63,30,15,36881.46
202410,2024-10-01,34,3,28,35,10,11103.96
202410,2024-10-01,35,3,54,25,15,14312.7
202410,2024-10-01,36,3,63,30,15,8642.34
202410,2024-10-01,37,3,55,25,15,15247.1
202410,2024-10-01,38,3,31,35,10,5368.27
202410,2024-10-01,39,3,61,20,18,16941.53
202410,2024-10-01,40,3,44,30,18,15262.28
202410,2024-10-01,41,3,63,25,12,9763.74
202410,2024-10-01,42,3,67,30,12,5380.1
202410,2024-10-01,43,3,44,30,18,12523.28
202410,2024-10-01,44,3,79,30,15,4922.49
202410,2024-10-01,45,3,44,30,12,5740.68
202410,2024-10-01,46,3,67,25,15,8196.11
202410,2024-10-01,47,3,86,25,12,45702.12
202410,2024-10-01,48,3,82,25,18,31671.68
202410,2024-10-01,49,3,59,35,10,35617.71
202410,2024-10-01,50,3,51,30,10,13058.55
202410,2024-10-01,51,3,53,35,12,4834.13
202410,2024-10-01,52,3,39,30,10,23022.09
202410,2024-10-01,53,3,77,35,18,34004.74
202410,2024-10-01,54,3,71,30,10,7077.99
202410,2024-10-01,55,3,26,35,18,9250.8
202410,2024-10-01,56,3,62,25,15,21122.16
202410,2024-10-01,57,3,47,25,15,21453.15
202410,2024-10-01,58,3,53,20,18,19787.02
202410,2024-10-01,59,3,48,25,12,4964.16
202410,2024-10-01,60,3,53,20,15,18575.44
202410,2024-10-01,61,3,55,30,18,25912.7
202410,2024-10-01,62,3,54,25,15,7986.06
202410,2024-10-01,63,3,74,30,18,23724.4
202410,2024-10-01,64,3,86,30,12,28285.4
202410,2024-10-01,65,3,33,25,10,10503.9
202410,2024-10-01,66,3,64,30,10,37219.84
202410,2024-10-01,67,3,36,25,15,4493.88
202410,2024-10-01,68,3,66,25,18,28230.84
202410,2024-10-01,69,3,77,35,10,30579.78
202410,2024-10-01,70,3,71,30,15,32528.65
202410,2024-10-01,71,3,40,25,12,14807.2
202410,2024-10-01,72,3,60,30,10,21991.2
202410,2024-10-01,73,3,31,20,18,8372.79
202410,2024-10-01,74,3,83,20,15,34785.3
202410,2024-10-01,75,3,39,35,12,6851.52
202410,2024-10-01,76,3,29,35,18,12689.53
202410,2024-10-01,77,3,37,25,18,3708.51
202410,2024-10-01,78,3,8,30,10,2919.76
202410,2024-10-01,79,3,27,30,18,5704.02
202410,2024-10-01,80,3,59,30,12,26851.49
202410,2024-10-01,81,3,38,35,15,8447.78
202410,2024-10-01,82,3,69,25,12,32685.99
202410,2024-10-01,83,3,75,30,10,30690.75
202410,2024-10-01,84,3,49,20,10,21327.25
202410,2024-10-01,85,3,33,30,18,6242.94
202410,2024-10-01,86,3,71,30,12,40608.45
202410,2024-10-01,87,3,80,30,18,36992.0
202410,2024-10-01,88,3,30,20,18,4651.2
202410,2024-10-01,89,3,51,30,18,7434.78
202410,2024-10-01,90,3,45,25,15,16165.35
202410,2024-10-01,91,3,62,20,15,28162.26
202410,2024-10-01,92,3,34,30,10,13836.64
202410,2024-10-01,93,3,91,20,12,29860.74
202410,2024-10-01,94,3,67,35,10,23892.87
202410,2024-10-01,95,3,88,20,12,15549.6
202410,2024-10-01,96,3,59,25,10,10887.27
202410,2024-10-01,97,3,61,25,12,23671.05
202410,2024-10-01,98,3,71,20,15,22789.58
202410,2024-10-01,99,3,71,30,15,29357.08
202410,2024-10-01,100,3,39,20,18,14365.26
202410,2024-10-01,1,4,38,30,10,7838.26
202410,2024-10-01,2,4,27,35,18,11571.12
202410,2024-10-01,3,4,37,20,18,13626.73
202410,2024-10-01,4,4,45,35,12,16514.55
202410,2024-10-01,5,4,43,20,12,22905.24
202410,2024-10-01,6,4,71,35,12,16133.33
202410,2024-10-01,7,4,46,20,15,9192.64
202410,2024-10-01,8,4,44,25,12,13625.92
202410,2024-10-01,9,4,57,20,10,6142.32
202410,2024-10-01,10,4,21,20,12,9499.35
202410,2024-10-01,11,4,54,35,10,28640.52
202410,2024-10-01,12,4,38,20,12,2663.04
202410,2024-10-01,13,4,19,25,12,2660.95
202410,2024-10-01,14,4,52,25,15,4539.6
202410,2024-10-01,15,4,29,30,18,12165.79
202410,2024-10-01,16,4,44,35,10,11692.56
202410,2024-10-01,17,4,54,30,18,3256.2
202410,2024-10-01,18,4,24,20,18,9825.84
202410,2024-10-01,19,4,34,20,10,8264.04
202410,2024-10-01,20,4,40,25,10,25367.6
202410,2024-10-01,21,4,33,25,12,13268.31
202410,2024-10-01,22,4,41,35,10,3390.29
202410,2024-10-01,23,4,38,30,10,23814.22
202410,2024-10-01,24,4,39,30,12,9897.42
202410,2024-10-01,25,4,35,35,12,16976.05
202410,2024-10-01,26,4,63,25,10,12428.01
202410,2024-10-01,27,4,56,30,15,19567.52
202410,2024-10-01,28,4,42,30,18,23966.04
202410,2024-10-01,29,4,66,25,12,4226.64
202410,2024-10-01,30,4,0,30,15,0.0
202410,2024-10-01,31,4,45,25,15,4192.65
202410,2024-10-01,32,4,13,30,18,2520.18
202410,2024-10-01,33,4,63,20,15,36881.46
202410,2024-10-01,34,4,49,35,10,19431.93
202410,2024-10-01,35,4,32,35,18,8481.6
202410,2024-10-01,36,4,52,25,12,7133.36
202410,2024-10-01,37,4,23,20,10,6376.06
202410,2024-10-01,38,4,14,35,10,2424.38
202410,2024-10-01,39,4,69,25,12,19163.37
202410,2024-10-01,40,4,45,30,12,15609.15
202410,2024-10-01,41,4,86,30,15,13328.28
202410,2024-10-01,42,4,30,35,10,2409.0
202410,2024-10-01,43,4,68,25,15,19354.16
202410,2024-10-01,44,4,47,25,10,2928.57
202410,2024-10-01,45,4,69,30,10,9002.43
202410,2024-10-01,46,4,69,25,12,8440.77
202410,2024-10-01,47,4,64,30,12,34010.88
202410,2024-10-01,48,4,66,35,18,25491.84
202410,2024-10-01,49,4,81,30,18,48898.89
202410,2024-10-01,50,4,61,35,12,15619.05
202410,2024-10-01,51,4,83,35,18,7570.43
202410,2024-10-01,52,4,87,30,12,51356.97
202410,2024-10-01,53,4,57,20,10,25172.34
202410,2024-10-01,54,4,74,20,10,7377.06
202410,2024-10-01,55,4,68,20,10,24194.4
202410,2024-10-01,56,4,24,30,10,8176.32
202410,2024-10-01,57,4,51,30,18,23278.95
202410,2024-10-01,58,4,59,35,12,22027.06
202410,2024-10-01,59,4,60,20,10,6205.2
202410,2024-10-01,60,4,59,30,12,20678.32
202410,2024-10-01,61,4,58,25,18,27326.12
202410,2024-10-01,62,4,44,30,10,6507.16
202410,2024-10-01,63,4,46,30,18,14747.6
202410,2024-10-01,64,4,82,20,15,26969.8
202410,2024-10-01,65,4,79,20,10,25145.7
202410,2024-10-01,66,4,73,30,12,42453.88
202410,2024-10-01,67,4,58,30,18,7240.14
202410,2024-10-01,68,4,85,25,10,36357.9
202410,2024-10-01,69,4,33,20,18,13105.62
202410,2024-10-01,70,4,64,25,10,29321.6
202410,2024-10-01,71,4,65,20,10,24061.7
202410,2024-10-01,72,4,71,25,18,26022.92
202410,2024-10-01,73,4,53,30,15,14314.77
202410,2024-10-01,74,4,54,20,18,22631.4
202410,2024-10-01,75,4,53,20,12,9311.04
202410,2024-10-01,76,4,57,25,10,24941.49
202410,2024-10-01,77,4,54,35,18,5412.42
202410,2024-10-01,78,4,47,20,10,17153.59
202410,2024-10-01,79,4,45,35,18,9506.7
202410,2024-10-01,80,4,55,35,18,25031.05
202410,2024-10-01,81,4,61,25,10,13560.91
202410,2024-10-01,82,4,89,20,10,42160.19
202410,2024-10-01,83,4,37,30,15,15140.77
202410,2024-10-01,84,4,67,35,12,29161.75
202410,2024-10-01,85,4,90,30,10,17026.2
202410,2024-10-01,86,4,66,30,12,37748.7
202410,2024-10-01,87,4,65,25,18,30056.0
202410,2024-10-01,88,4,59,20,10,9147.36
202410,2024-10-01,89,4,90,35,18,13120.2
202410,2024-10-01,90,4,74,25,10,26583.02
202410,2024-10-01,91,4,77,30,15,34975.71
202410,2024-10-01,92,4,54,20,15,21975.84
202410,2024-10-01,93,4,62,35,18,20344.68
202410,2024-10-01,94,4,74,25,15,26389.14
202410,2024-10-01,95,4,70,30,12,12369.0
202410,2024-10-01,96,4,34,30,15,6274.02
202410,2024-10-01,97,4,65,35,12,25223.25
202410,2024-10-01,98,4,39,35,15,12518.22
202410,2024-10-01,99,4,72,35,15,29770.56
202410,2024-10-01,100,4,42,30,12,15470.28
202410,2024-10-01,1,5,53,35,18,10932.31
202410,2024-10-01,2,5,16,30,18,6856.96
202410,2024-10-01,3,5,64,20,15,23570.56
202410,2024-10-01,4,5,40,25,15,14679.6
202410,2024-10-01,5,5,48,30,18,25568.64
202410,2024-10-01,6,5,47,35,12,10679.81
202410,2024-10-01,7,5,40,20,15,7993.6
202410,2024-10-01,8,5,51,25,15,15793.68
202410,2024-10-01,9,5,42,25,12,4525.92
202410,2024-10-01,10,5,73,25,18,33021.55
202410,2024-10-01,11,5,47,20,18,24927.86
202410,2024-10-01,12,5,50,20,10,3504.0
202410,2024-10-01,13,5,63,20,10,8823.15
202410,2024-10-01,14,5,0,30,12,0.0
202410,2024-10-01,15,5,35,25,15,14682.85
202410,2024-10-01,16,5,30,35,10,7972.2
202410,2024-10-01,17,5,20,30,15,1206.0
202410,2024-10-01,18,5,32,35,18,13101.12
202410,2024-10-01,19,5,22,25,15,5347.32
202410,2024-10-01,20,5,68,35,10,43124.92
202410,2024-10-01,21,5,39,25,18,15680.73
202410,2024-10-01,22,5,27,25,12,2232.63
202410,2024-10-01,23,5,27,20,10,16920.63
202410,2024-10-01,24,5,55,35,12,13957.9
202410,2024-10-01,25,5,60,20,15,29101.8
202410,2024-10-01,26,5,54,25,18,10652.58
202410,2024-10-01,27,5,57,30,12,19916.94
202410,2024-10-01,28,5,56,20,12,31954.72
202410,2024-10-01,29,5,48,20,10,3073.92
202410,2024-10-01,30,5,57,20,15,27198.69
202410,2024-10-01,31,5,50,20,12,4658.5
202410,2024-10-01,32,5,23,25,10,4458.78
202410,2024-10-01,33,5,53,20,15,31027.26
202410,2024-10-01,34,5,16,35,10,6345.12
202410,2024-10-01,35,5,12,35,15,3180.6
202410,2024-10-01,36,5,57,35,10,7819.26
202410,2024-10-01,37,5,16,30,15,4435.52
202410,2024-10-01,38,5,10,35,15,1731.7
202410,2024-10-01,39,5,61,25,15,16941.53
202410,2024-10-01,40,5,71,35,18,24627.77
202410,2024-10-01,41,5,77,20,18,11933.46
202410,2024-10-01,42,5,79,20,18,6343.7
202410,2024-10-01,43,5,80,30,15,22769.6
202410,2024-10-01,44,5,55,20,15,3427.05
202410,2024-10-01,45,5,63,35,18,8219.61
202410,2024-10-01,46,5,55,20,18,6728.15
202410,2024-10-01,47,5,79,30,18,41982.18
202410,2024-10-01,48,5,41,20,18,15835.84
202410,2024-10-01,49,5,61,20,18,36825.09
202410,2024-10-01,50,5,60,20,18,15363.0
202410,2024-10-01,51,5,22,30,10,2006.62
202410,2024-10-01,52,5,86,20,12,50766.66
202410,2024-10-01,53,5,29,20,18,12806.98
202410,2024-10-01,54,5,70,35,15,6978.3
202410,2024-10-01,55,5,76,25,18,27040.8
202410,2024-10-01,56,5,64,20,15,21803.52
202410,2024-10-01,57,5,36,30,18,16432.2
202410,2024-10-01,58,5,39,25,18,14560.26
202410,2024-10-01,59,5,52,20,10,5377.84
202410,2024-10-01,60,5,54,25,10,18925.92
202410,2024-10-01,61,5,30,35,10,14134.2
202410,2024-10-01,62,5,33,25,18,4880.37
202410,2024-10-01,63,5,77,30,18,24686.2
202410,2024-10-01,64,5,76,20,15,24996.4
202410,2024-10-01,65,5,87,20,18,27692.1
202410,2024-10-01,66,5,66,25,18,38382.96
202410,2024-10-01,67,5,57,30,12,7115.31
202410,2024-10-01,68,5,81,20,15,34646.94
202410,2024-10-01,69,5,38,30,18,15091.32
202410,2024-10-01,70,5,61,20,12,27947.15
202410,2024-10-01,71,5,58,20,12,21470.44
202410,2024-10-01,72,5,79,35,18,28955.08
202410,2024-10-01,73,5,66,25,10,17825.94
202410,2024-10-01,74,5,81,35,12,33947.1
202410,2024-10-01,75,5,66,35,10,11594.88
202410,2024-10-01,76,5,67,30,12,29317.19
202410,2024-10-01,77,5,44,25,15,4410.12
202410,2024-10-01,78,5,67,35,12,24452.99
202410,2024-10-01,79,5,75,35,10,15844.5
202410,2024-10-01,80,5,43,20,12,19569.73
202410,2024-10-01,81,5,78,25,12,17340.18
202410,2024-10-01,82,5,85,20,18,40265.35
202410,2024-10-01,83,5,55,35,15,22506.55
202410,2024-10-01,84,5,54,35,10,23503.5
202410,2024-10-01,85,5,49,30,10,9269.82
202410,2024-10-01,86,5,31,35,18,17730.45
202410,2024-10-01,87,5,33,20,15,15259.2
202410,2024-10-01,88,5,82,35,18,12713.28
202410,2024-10-01,89,5,60,20,10,8746.8
202410,2024-10-01,90,5,68,20,15,24427.64
202410,2024-10-01,91,5,38,30,18,17260.74
202410,2024-10-01,92,5,54,35,12,21975.84
202410,2024-10-01,93,5,33,25,10,10828.62
202410,2024-10-01,94,5,82,20,12,29242.02
202410,2024-10-01,95,5,50,20,12,8835.0
202410,2024-10-01,96,5,49,25,18,9041.97
202410,2024-10-01,97,5,48,30,15,18626.4
202410,2024-10-01,98,5,54,35,10,17332.92
202410,2024-10-01,99,5,75,25,18,31011.0
202410,2024-10-01,100,5,79,20,10,29098.86
202410,2024-10-01,1,6,36,25,12,7425.72
202410,2024-10-01,2,6,39,25,15,16713.84
202410,2024-10-01,3,6,36,25,18,13258.44
202410,2024-10-01,4,6,59,20,15,21652.41
202410,2024-10-01,5,6,78,20,10,41549.04
202410,2024-10-01,6,6,47,20,15,10679.81
202410,2024-10-01,7,6,63,20,15,12589.92
202410,2024-10-01,8,6,58,25,15,17961.44
202410,2024-10-01,9,6,60,25,18,6465.6
202410,2024-10-01,10,6,40,25,12,18094.0
202410,2024-10-01,11,6,16,35,18,8486.08
202410,2024-10-01,12,6,70,35,12,4905.6
202410,2024-10-01,13,6,33,20,12,4621.65
202410,2024-10-01,14,6,34,35,10,2968.2
202410,2024-10-01,15,6,35,25,12,14682.85
202410,2024-10-01,16,6,40,25,10,10629.6
202410,2024-10-01,17,6,31,35,10,1869.3
202410,2024-10-01,18,6,21,25,12,8597.61
202410,2024-10-01,19,6,53,35,15,12882.18
202410,2024-10-01,20,6,46,25,15,29172.74
202410,2024-10-01,21,6,82,35,10,32969.74
202410,2024-10-01,22,6,52,35,10,4299.88
202410,2024-10-01,23,6,71,30,18,44494.99
202410,2024-10-01,24,6,40,20,12,10151.2
202410,2024-10-01,25,6,29,30,18,14065.87
202410,2024-10-01,26,6,37,35,12,7298.99
202410,2024-10-01,27,6,42,25,18,14675.64
202410,2024-10-01,28,6,75,35,12,42796.5
202410,2024-10-01,29,6,56,25,15,3586.24
202410,2024-10-01,30,6,66,35,10,31493.22
202410,2024-10-01,31,6,60,35,10,5590.2
202410,2024-10-01,32,6,52,35,10,10080.72
202410,2024-10-01,33,6,38,20,12,22245.96
202410,2024-10-01,34,6,66,20,15,26173.62
202410,2024-10-01,35,6,48,30,18,12722.4
202410,2024-10-01,36,6,47,30,18,6447.46
202410,2024-10-01,37,6,13,30,15,3603.86
202410,2024-10-01,38,6,61,30,15,10563.37
202410,2024-10-01,39,6,36,35,18,9998.28
202410,2024-10-01,40,6,45,35,12,15609.15
202410,2024-10-01,41,6,59,35,15,9143.82
202410,2024-10-01,42,6,26,20,18,2087.8
202410,2024-10-01,43,6,56,30,10,15938.72
202410,2024-10-01,44,6,40,30,15,2492.4
202410,2024-10-01,45,6,64,30,15,8350.08
202410,2024-10-01,46,6,84,25,15,10275.72
202410,2024-10-01,47,6,83,30,12,44107.86
202410,2024-10-01,48,6,31,25,15,11973.44
202410,2024-10-01,49,6,75,30,12,45276.75
202410,2024-10-01,50,6,68,30,18,17411.4
202410,2024-10-01,51,6,48,30,15,4378.08
202410,2024-10-01,52,6,44,35,12,25973.64
202410,2024-10-01,53,6,76,25,15,33563.12
202410,2024-10-01,54,6,63,25,15,6280.47
202410,2024-10-01,55,6,84,30,12,29887.2
202410,2024-10-01,56,6,58,35,12,19759.44
202410,2024-10-01,57,6,78,20,15,35603.1
202410,2024-10-01,58,6,20,25,12,7466.8
202410,2024-10-01,59,6,65,30,12,6722.3
202410,2024-10-01,60,6,57,35,15,19977.36
202410,2024-10-01,61,6,49,25,18,23085.86
202410,2024-10-01,62,6,76,35,15,11239.64
202410,2024-10-01,63,6,66,35,15,21159.6
202410,2024-10-01,64,6,69,25,15,22694.1
202410,2024-10-01,65,6,47,20,15,14960.1
202410,2024-10-01,66,6,65,20,18,37801.4
202410,2024-10-01,67,6,57,35,10,7115.31
202410,2024-10-01,68,6,90,20,12,38496.6
202410,2024-10-01,69,6,57,30,18,22636.98
202410,2024-10-01,70,6,39,35,15,17867.85
202410,2024-10-01,71,6,57,35,12,21100.26
202410,2024-10-01,72,6,72,30,10,26389.44
202410,2024-10-01,73,6,62,35,18,16745.58
202410,2024-10-01,74,6,59,20,18,24726.9
202410,2024-10-01,75,6,45,35,18,7905.6
202410,2024-10-01,76,6,70,30,10,30629.9
202410,2024-10-01,77,6,71,25,12,7116.33
202410,2024-10-01,78,6,51,20,15,18613.47
202410,2024-10-01,79,6,58,20,10,12253.08
202410,2024-10-01,80,6,61,20,15,27761.71
202410,2024-10-01,81,6,59,20,15,13116.29
202410,2024-10-01,82,6,86,25,10,40739.06
202410,2024-10-01,83,6,69,35,12,28235.49
202410,2024-10-01,84,6,65,20,10,28291.25
202410,2024-10-01,85,6,66,20,10,12485.88
202410,2024-10-01,86,6,85,30,15,48615.75
202410,2024-10-01,87,6,62,30,18,28668.8
202410,2024-10-01,88,6,67,25,12,10387.68
202410,2024-10-01,89,6,23,25,15,3352.94
202410,2024-10-01,90,6,70,30,12,25146.1
202410,2024-10-01,91,6,86,25,10,39063.78
202410,2024-10-01,92,6,71,30,12,28894.16
202410,2024-10-01,93,6,86,25,18,28220.04
202410,2024-10-01,94,6,71,25,10,25319.31
202410,2024-10-01,95,6,58,25,10,10248.6
202410,2024-10-01,96,6,68,30,18,12548.04
202410,2024-10-01,97,6,92,20,10,35700.6
202410,2024-10-01,98,6,52,25,18,16690.96
202410,2024-10-01,99,6,65,25,12,26876.2
202410,2024-10-01,100,6,63,35,12,23205.42
202411,2024-11-01,1,1,47,25,12,9694.69
202411,2024-11-01,2,1,23,30,10,9856.88
202411,2024-11-01,3,1,36,20,12,13258.44
202411,2024-11-01,4,1,40,30,18,14679.6
202411,2024-11-01,5,1,14,35,18,7457.52
202411,2024-11-01,6,1,40,25,12,9089.2
202411,2024-11-01,7,1,60,20,10,11990.4
202411,2024-11-01,8,1,33,35,18,10219.44
202411,2024-11-01,9,1,41,35,12,4418.16
202411,2024-11-01,10,1,46,35,18,20808.1
202411,2024-11-01,11,1,29,20,15,15381.02
202411,2024-11-01,12,1,29,25,18,2032.32
202411,2024-11-01,13,1,59,35,15,8262.95
202411,2024-11-01,14,1,37,30,10,3230.1
202411,2024-11-01,15,1,32,35,18,13424.32
202411,2024-11-01,16,1,16,35,12,4251.84
202411,2024-11-01,17,1,23,30,12,1386.9
202411,2024-11-01,18,1,38,20,18,15557.58
202411,2024-11-01,19,1,43,25,18,10451.58
202411,2024-11-01,20,1,71,25,12,45027.49
202411,2024-11-01,21,1,58,30,15,23320.06
202411,2024-11-01,22,1,71,35,15,5870.99
202411,2024-11-01,23,1,40,25,15,25067.6
202411,2024-11-01,24,1,66,25,18,16749.48
202411,2024-11-01,25,1,31,35,10,15035.93
202411,2024-11-01,26,1,2,25,10,394.54
202411,2024-11-01,27,1,42,35,10,14675.64
202411,2024-11-01,28,1,58,35,15,33095.96
202411,2024-11-01,29,1,72,30,18,4610.88
202411,2024-11-01,30,1,47,20,18,22426.99
202411,2024-11-01,31,1,53,35,18,4938.01
202411,2024-11-01,32,1,27,35,10,5234.22
202411,2024-11-01,33,1,85,35,15,49760.7
202411,2024-11-01,34,1,59,30,12,23397.63
202411,2024-11-01,35,1,30,30,15,7951.5
202411,2024-11-01,36,1,47,30,18,6447.46
202411,2024-11-01,37,1,37,25,12,10257.14
202411,2024-11-01,38,1,28,25,12,4848.76
202411,2024-11-01,39,1,39,20,18,10831.47
202411,2024-11-01,40,1,23,30,10,7978.01
202411,2024-11-01,41,1,67,25,10,10383.66
202411,2024-11-01,42,1,58,25,10,4657.4
202411,2024-11-01,43,1,86,20,15,24477.32
202411,2024-11-01,44,1,69,20,15,4299.39
202411,2024-11-01,45,1,57,35,12,7436.79
202411,2024-11-01,46,1,51,30,12,6238.83
202411,2024-11-01,47,1,45,35,15,23913.9
202411,2024-11-01,48,1,37,25,12,14290.88
202411,2024-11-01,49,1,86,35,15,51917.34
202411,2024-11-01,50,1,39,25,10,9985.95
202411,2024-11-01,51,1,32,25,10,2918.72
202411,2024-11-01,52,1,48,20,12,28334.88
202411,2024-11-01,53,1,98,30,18,43278.76
202411,2024-11-01,54,1,67,35,12,6679.23
202411,2024-11-01,55,1,46,25,10,16366.8
202411,2024-11-01,56,1,78,25,10,26573.04
202411,2024-11-01,57,1,79,20,10,36059.55
202411,2024-11-01,58,1,99,30,12,36960.66
202411,2024-11-01,59,1,45,20,18,4653.9
202411,2024-11-01,60,1,50,30,12,17524.0
202411,2024-11-01,61,1,42,25,12,19787.88
202411,2024-11-01,62,1,56,25,10,8281.84
202411,2024-11-01,63,1,64,30,12,20518.4
202411,2024-11-01,64,1,58,30,10,19076.2
202411,2024-11-01,65,1,54,20,18,17188.2
202411,2024-11-01,66,1,50,25,12,29078.0
202411,2024-11-01,67,1,64,20,18,7989.12
202411,2024-11-01,68,1,63,25,12,26947.62
202411,2024-11-01,69,1,77,25,15,30579.78
202411,2024-11-01,70,1,67,30,18,30696.05
202411,2024-11-01,71,1,43,25,18,15917.74
202411,2024-11-01,72,1,43,25,10,15760.36
202411,2024-11-01,73,1,72,25,12,19446.48
202411,2024-11-01,74,1,48,20,10,20116.8
202411,2024-11-01,75,1,63,35,12,11067.84
202411,2024-11-01,76,1,45,20,15,19690.65
202411,2024-11-01,77,1,69,35,18,6915.87
202411,2024-11-01,78,1,90,35,18,32847.3
202411,2024-11-01,79,1,81,35,15,17112.06
202411,2024-11-01,80,1,74,35,15,33678.14
202411,2024-11-01,81,1,83,35,12,18451.73
202411,2024-11-01,82,1,75,35,12,35528.25
202411,2024-11-01,83,1,74,20,12,30281.54
202411,2024-11-01,84,1,46,20,15,20021.5
202411,2024-11-01,85,1,35,30,10,6621.3
202411,2024-11-01,86,1,69,35,18,39464.55
202411,2024-11-01,87,1,46,35,15,21270.4
202411,2024-11-01,88,1,53,30,10,8217.12
202411,2024-11-01,89,1,78,30,18,11370.84
202411,2024-11-01,90,1,75,25,10,26942.25
202411,2024-11-01,91,1,70,25,18,31796.1
202411,2024-11-01,92,1,66,25,18,26859.36
202411,2024-11-01,93,1,66,25,15,21657.24
202411,2024-11-01,94,1,59,35,12,21039.99
202411,2024-11-01,95,1,60,25,10,10602.0
202411,2024-11-01,96,1,72,25,18,13286.16
202411,2024-11-01,97,1,70,30,18,27163.5
202411,2024-11-01,98,1,42,35,18,13481.16
202411,2024-11-01,99,1,52,35,15,21500.96
202411,2024-11-01,100,1,49,25,18,18048.66
202411,2024-11-01,1,2,26,25,18,5363.02
202411,2024-11-01,2,2,65,20,12,27856.4
202411,2024-11-01,3,2,50,25,10,18414.5
202411,2024-11-01,4,2,30,30,15,11009.7
202411,2024-11-01,5,2,54,20,15,28764.72
202411,2024-11-01,6,2,27,35,18,6135.21
202411,2024-11-01,7,2,29,35,10,5795.36
202411,2024-11-01,8,2,47,30,15,14554.96
202411,2024-11-01,9,2,31,35,10,3340.56
202411,2024-11-01,10,2,66,35,10,29855.1
202411,2024-11-01,11,2,48,30,15,25458.24
202411,2024-11-01,12,2,16,25,15,1121.28
202411,2024-11-01,13,2,71,25,10,9943.55
202411,2024-11-01,14,2,32,20,12,2793.6
202411,2024-11-01,15,2,37,30,10,15521.87
202411,2024-11-01,16,2,43,20,12,11426.82
202411,2024-11-01,17,2,39,30,10,2351.7
202411,2024-11-01,18,2,25,35,18,10235.25
202411,2024-11-01,19,2,70,30,18,17014.2
202411,2024-11-01,20,2,42,30,15,26635.98
202411,2024-11-01,21,2,47,30,15,18897.29
202411,2024-11-01,22,2,46,20,10,3803.74
202411,2024-11-01,23,2,35,35,18,21934.15
202411,2024-11-01,24,2,32,35,10,8120.96
202411,2024-11-01,25,2,55,20,12,26676.65
202411,2024-11-01,26,2,22,35,15,4339.94
202411,2024-11-01,27,2,52,35,15,18169.84
202411,2024-11-01,28,2,11,25,12,6276.82
202411,2024-11-01,29,2,68,25,10,4354.72
202411,2024-11-01,30,2,46,35,15,21949.82
202411,2024-11-01,31,2,22,35,12,2049.74
202411,2024-11-01,32,2,57,20,10,11050.02
202411,2024-11-01,33,2,56,30,10,32783.52
202411,2024-11-01,34,2,57,25,12,22604.49
202411,2024-11-01,35,2,40,35,12,10602.0
202411,2024-11-01,36,2,43,35,12,5898.74
202411,2024-11-01,37,2,25,35,15,6930.5
202411,2024-11-01,38,2,62,25,10,10736.54
202411,2024-11-01,39,2,34,20,12,9442.82
202411,2024-11-01,40,2,61,20,15,21159.07
202411,2024-11-01,41,2,58,35,10,8988.84
202411,2024-11-01,42,2,52,25,18,4175.6
202411,2024-11-01,43,2,54,25,18,15369.48
202411,2024-11-01,44,2,89,20,10,5545.59
202411,2024-11-01,45,2,57,35,15,7436.79
202411,2024-11-01,46,2,71,30,18,8685.43
202411,2024-11-01,47,2,30,30,15,15942.6
202411,2024-11-01,48,2,45,30,12,17380.8
202411,2024-11-01,49,2,37,30,12,22336.53
202411,2024-11-01,50,2,58,25,10,14850.9
202411,2024-11-01,51,2,56,35,18,5107.76
202411,2024-11-01,52,2,48,30,15,28334.88
202411,2024-11-01,53,2,55,30,18,24289.1
202411,2024-11-01,54,2,45,35,10,4486.05
202411,2024-11-01,55,2,68,30,15,24194.4
202411,2024-11-01,56,2,73,20,12,24869.64
202411,2024-11-01,57,2,69,25,12,31495.05
202411,2024-11-01,58,2,73,25,18,27253.82
202411,2024-11-01,59,2,63,25,10,6515.46
202411,2024-11-01,60,2,73,30,18,25585.04
202411,2024-11-01,61,2,44,35,18,20730.16
202411,2024-11-01,62,2,81,30,15,11979.09
202411,2024-11-01,63,2,65,20,12,20839.0
202411,2024-11-01,64,2,53,25,18,17431.7
202411,2024-11-01,65,2,62,20,15,19734.6
202411,2024-11-01,66,2,28,20,18,16283.68
202411,2024-11-01,67,2,51,35,18,6366.33
202411,2024-11-01,68,2,41,25,18,17537.34
202411,2024-11-01,69,2,35,35,10,13899.9
202411,2024-11-01,70,2,20,30,15,9163.0
202411,2024-11-01,71,2,42,20,15,15547.56
202411,2024-11-01,72,2,84,25,18,30787.68
202411,2024-11-01,73,2,52,35,18,14044.68
202411,2024-11-01,74,2,93,25,18,38976.3
202411,2024-11-01,75,2,43,35,12,7554.24
202411,2024-11-01,76,2,70,30,12,30629.9
202411,2024-11-01,77,2,60,25,15,6013.8
202411,2024-11-01,78,2,73,25,15,26642.81
202411,2024-11-01,79,2,25,35,10,5281.5
202411,2024-11-01,80,2,16,20,10,7281.76
202411,2024-11-01,81,2,33,20,10,7336.23
202411,2024-11-01,82,2,57,25,18,27001.47
202411,2024-11-01,83,2,65,35,10,26598.65
202411,2024-11-01,84,2,60,25,10,26115.0
202411,2024-11-01,85,2,58,20,18,10972.44
202411,2024-11-01,86,2,75,25,10,42896.25
202411,2024-11-01,87,2,41,25,15,18958.4
202411,2024-11-01,88,2,74,30,15,11472.96
202411,2024-11-01,89,2,54,20,10,7872.12
202411,2024-11-01,90,2,66,25,15,23709.18
202411,2024-11-01,91,2,45,30,10,20440.35
202411,2024-11-01,92,2,72,20,10,29301.12
202411,2024-11-01,93,2,92,20,10,30188.88
202411,2024-11-01,94,2,31,25,12,11054.91
202411,2024-11-01,95,2,51,35,18,9011.7
202411,2024-11-01,96,2,64,20,15,11809.92
202411,2024-11-01,97,2,36,30,10,13969.8
202411,2024-11-01,98,2,54,30,12,17332.92
202411,2024-11-01,99,2,31,20,18,12817.88
202411,2024-11-01,100,2,107,30,12,39412.38
202411,2024-11-01,1,3,38,20,18,7838.26
202411,2024-11-01,2,3,56,25,15,23999.36
202411,2024-11-01,3,3,45,20,18,16573.05
202411,2024-11-01,4,3,52,30,12,19083.48
202411,2024-11-01,5,3,51,35,18,27166.68
202411,2024-11-01,6,3,50,30,15,11361.5
202411,2024-11-01,7,3,42,30,18,8393.28
202411,2024-11-01,8,3,61,35,12,18890.48
202411,2024-11-01,9,3,49,30,15,5280.24
202411,2024-11-01,10,3,32,25,12,14475.2
202411,2024-11-01,11,3,37,35,12,19624.06
202411,2024-11-01,12,3,22,25,10,1541.76
202411,2024-11-01,13,3,30,20,10,4201.5
202411,2024-11-01,14,3,51,20,12,4452.3
202411,2024-11-01,15,3,22,20,18,9229.22
202411,2024-11-01,16,3,32,25,12,8503.68
202411,2024-11-01,17,3,15,20,15,904.5
202411,2024-11-01,18,3,81,30,15,33162.21
202411,2024-11-01,19,3,30,25,18,7291.8
202411,2024-11-01,20,3,28,35,18,17757.32
202411,2024-11-01,21,3,27,20,15,10855.89
202411,2024-11-01,22,3,75,25,18,6201.75
202411,2024-11-01,23,3,71,20,15,44494.99
202411,2024-11-01,24,3,12,25,18,3045.36
202411,2024-11-01,25,3,30,25,15,14550.9
202411,2024-11-01,26,3,59,20,10,11638.93
202411,2024-11-01,27,3,47,20,15,16422.74
202411,2024-11-01,28,3,39,35,12,22254.18
202411,2024-11-01,29,3,72,35,18,4610.88
202411,2024-11-01,30,3,84,35,15,40082.28
202411,2024-11-01,31,3,38,35,12,3540.46
202411,2024-11-01,32,3,44,30,18,8529.84
202411,2024-11-01,33,3,12,30,12,7025.04
202411,2024-11-01,34,3,40,20,12,15862.8
202411,2024-11-01,35,3,96,30,18,25444.8
202411,2024-11-01,36,3,7,20,18,960.26
202411,2024-11-01,37,3,32,30,12,8871.04
202411,2024-11-01,38,3,15,20,12,2597.55
202411,2024-11-01,39,3,40,25,18,11109.2
202411,2024-11-01,40,3,46,30,12,15956.02
202411,2024-11-01,41,3,78,25,18,12088.44
202411,2024-11-01,42,3,75,20,10,6022.5
202411,2024-11-01,43,3,94,30,15,26754.28
202411,2024-11-01,44,3,68,30,15,4237.08
202411,2024-11-01,45,3,73,20,10,9524.31
202411,2024-11-01,46,3,50,35,12,6116.5
202411,2024-11-01,47,3,65,25,12,34542.3
202411,2024-11-01,48,3,66,30,15,25491.84
202411,2024-11-01,49,3,84,35,12,50709.96
202411,2024-11-01,50,3,56,35,10,14338.8
202411,2024-11-01,51,3,39,35,15,3557.19
202411,2024-11-01,52,3,17,35,10,10035.27
202411,2024-11-01,53,3,72,30,15,31796.64
202411,2024-11-01,54,3,58,20,18,5782.02
202411,2024-11-01,55,3,56,20,18,19924.8
202411,2024-11-01,56,3,47,35,18,16011.96
202411,2024-11-01,57,3,25,25,15,11411.25
202411,2024-11-01,58,3,36,25,18,13440.24
202411,2024-11-01,59,3,67,30,15,6929.14
202411,2024-11-01,60,3,77,20,12,26986.96
202411,2024-11-01,61,3,77,30,18,36277.78
202411,2024-11-01,62,3,92,30,10,13605.88
202411,2024-11-01,63,3,43,25,10,13785.8
202411,2024-11-01,64,3,33,25,18,10853.7
202411,2024-11-01,65,3,64,25,18,20371.2
202411,2024-11-01,66,3,53,20,18,30822.68
202411,2024-11-01,67,3,55,20,10,6865.65
202411,2024-11-01,68,3,78,30,18,33363.72
202411,2024-11-01,69,3,49,20,15,19459.86
202411,2024-11-01,70,3,24,20,18,10995.6
202411,2024-11-01,71,3,85,25,15,31465.3
202411,2024-11-01,72,3,53,20,12,19425.56
202411,2024-11-01,73,3,72,35,15,19446.48
202411,2024-11-01,74,3,66,25,12,27660.6
202411,2024-11-01,75,3,48,20,18,8432.64
202411,2024-11-01,76,3,72,20,15,31505.04
202411,2024-11-01,77,3,71,25,18,7116.33
202411,2024-11-01,78,3,63,20,10,22993.11
202411,2024-11-01,79,3,47,25,15,9929.22
202411,2024-11-01,80,3,48,25,15,21845.28
202411,2024-11-01,81,3,61,30,18,13560.91
202411,2024-11-01,82,3,79,25,18,37423.09
202411,2024-11-01,83,3,59,25,12,24143.39
202411,2024-11-01,84,3,50,30,10,21762.5
202411,2024-11-01,85,3,85,30,15,16080.3
202411,2024-11-01,86,3,52,20,10,29741.4
202411,2024-11-01,87,3,84,25,10,38841.6
202411,2024-11-01,88,3,46,20,12,7131.84
202411,2024-11-01,89,3,78,20,15,11370.84
202411,2024-11-01,90,3,56,25,10,20116.88
202411,2024-11-01,91,3,46,35,15,20894.58
202411,2024-11-01,92,3,33,20,18,13429.68
202411,2024-11-01,93,3,68,20,18,22313.52
202411,2024-11-01,94,3,51,30,10,18187.11
202411,2024-11-01,95,3,70,30,10,12369.0
202411,2024-11-01,96,3,56,30,12,10333.68
202411,2024-11-01,97,3,93,35,12,36088.65
202411,2024-11-01,98,3,67,30,10,21505.66
202411,2024-11-01,99,3,78,20,10,32251.44
202411,2024-11-01,100,3,48,25,12,17680.32
202411,2024-11-01,1,4,28,30,12,5775.56
202411,2024-11-01,2,4,43,25,18,18428.08
202411,2024-11-01,3,4,18,30,10,6629.22
202411,2024-11-01,4,4,49,30,18,17982.51
202411,2024-11-01,5,4,52,35,10,27699.36
202411,2024-11-01,6,4,43,35,12,9770.89
202411,2024-11-01,7,4,24,25,12,4796.16
202411,2024-11-01,8,4,41,35,10,12696.88
202411,2024-11-01,9,4,70,25,18,7543.2
202411,2024-11-01,10,4,41,35,18,18546.35
202411,2024-11-01,11,4,33,30,15,17502.54
202411,2024-11-01,12,4,52,25,10,3644.16
202411,2024-11-01,13,4,38,20,18,5321.9
202411,2024-11-01,14,4,56,25,10,4888.8
202411,2024-11-01,15,4,22,30,10,9229.22
202411,2024-11-01,16,4,63,30,15,16741.62
202411,2024-11-01,17,4,49,35,10,2954.7
202411,2024-11-01,18,4,54,30,18,22108.14
202411,2024-11-01,19,4,30,20,12,7291.8
202411,2024-11-01,20,4,23,20,10,14586.37
202411,2024-11-01,21,4,42,25,18,16886.94
202411,2024-11-01,22,4,40,35,15,3307.6
202411,2024-11-01,23,4,61,20,10,38228.09
202411,2024-11-01,24,4,42,30,12,10658.76
202411,2024-11-01,25,4,69,30,18,33467.07
202411,2024-11-01,26,4,35,30,10,6904.45
202411,2024-11-01,27,4,48,20,10,16772.16
202411,2024-11-01,28,4,29,30,12,16547.98
202411,2024-11-01,29,4,52,30,18,3330.08
202411,2024-11-01,30,4,19,25,15,9066.23
202411,2024-11-01,31,4,45,30,18,4192.65
202411,2024-11-01,32,4,60,20,15,11631.6
202411,2024-11-01,33,4,80,20,18,46833.6
202411,2024-11-01,34,4,45,30,15,17845.65
202411,2024-11-01,35,4,45,35,10,11927.25
202411,2024-11-01,36,4,44,20,15,6035.92
202411,2024-11-01,37,4,37,30,12,10257.14
202411,2024-11-01,38,4,81,20,12,14026.77
202411,2024-11-01,39,4,36,20,15,9998.28
202411,2024-11-01,40,4,21,20,10,7284.27
202411,2024-11-01,41,4,76,30,15,11778.48
202411,2024-11-01,42,4,79,30,10,6343.7
202411,2024-11-01,43,4,76,25,12,21631.12
202411,2024-11-01,44,4,50,20,12,3115.5
202411,2024-11-01,45,4,74,20,15,9654.78
202411,2024-11-01,46,4,57,30,10,6972.81
202411,2024-11-01,47,4,95,30,15,50484.9
202411,2024-11-01,48,4,55,20,18,21243.2
202411,2024-11-01,49,4,85,20,15,51313.65
202411,2024-11-01,50,4,49,35,10,12546.45
202411,2024-11-01,51,4,38,30,15,3465.98
202411,2024-11-01,52,4,58,20,12,34237.98
202411,2024-11-01,53,4,53,20,10,23405.86
202411,2024-11-01,54,4,80,20,10,7975.2
202411,2024-11-01,55,4,82,35,10,29175.6
202411,2024-11-01,56,4,36,35,15,12264.48
202411,2024-11-01,57,4,76,35,10,34690.2
202411,2024-11-01,58,4,50,30,12,18667.0
202411,2024-11-01,59,4,64,25,10,6618.88
202411,2024-11-01,60,4,53,30,12,18575.44
202411,2024-11-01,61,4,87,25,10,40989.18
202411,2024-11-01,62,4,40,20,18,5915.6
202411,2024-11-01,63,4,69,25,12,22121.4
202411,2024-11-01,64,4,56,25,12,18418.4
202411,2024-11-01,65,4,43,35,10,13686.9
202411,2024-11-01,66,4,51,30,12,29659.56
202411,2024-11-01,67,4,75,35,12,9362.25
202411,2024-11-01,68,4,83,20,18,35502.42
202411,2024-11-01,69,4,64,25,18,25416.96
202411,2024-11-01,70,4,71,25,15,32528.65
202411,2024-11-01,71,4,62,30,12,22951.16
202411,2024-11-01,72,4,73,35,18,26755.96
202411,2024-11-01,73,4,50,30,15,13504.5
202411,2024-11-01,74,4,75,25,10,31432.5
202411,2024-11-01,75,4,58,35,15,10189.44
202411,2024-11-01,76,4,45,35,10,19690.65
202411,2024-11-01,77,4,65,20,18,6514.95
202411,2024-11-01,78,4,50,25,15,18248.5
202411,2024-11-01,79,4,55,25,12,11619.3
202411,2024-11-01,80,4,66,20,12,30037.26
202411,2024-11-01,81,4,39,25,10,8670.09
202411,2024-11-01,82,4,44,25,12,20843.24
202411,2024-11-01,83,4,53,20,10,21688.13
202411,2024-11-01,84,4,48,35,12,20892.0
202411,2024-11-01,85,4,58,25,15,10972.44
202411,2024-11-01,86,4,62,20,10,35460.9
202411,2024-11-01,87,4,62,25,10,28668.8
202411,2024-11-01,88,4,77,20,18,11938.08
202411,2024-11-01,89,4,72,20,15,10496.16
202411,2024-11-01,90,4,67,25,18,24068.41
202411,2024-11-01,91,4,32,25,12,14535.36
202411,2024-11-01,92,4,61,20,15,24824.56
202411,2024-11-01,93,4,78,30,18,25594.92
202411,2024-11-01,94,4,51,35,15,18187.11
202411,2024-11-01,95,4,49,35,12,8658.3
202411,2024-11-01,96,4,32,25,12,5904.96
202411,2024-11-01,97,4,69,35,15,26775.45
202411,2024-11-01,98,4,54,25,12,17332.92
202411,2024-11-01,99,4,70,35,18,28943.6
202411,2024-11-01,100,4,53,30,18,19522.02
202411,2024-11-01,1,5,62,20,15,12788.74
202411,2024-11-01,2,5,37,20,18,15856.72
202411,2024-11-01,3,5,27,35,12,9943.83
202411,2024-11-01,4,5,19,20,10,6972.81
202411,2024-11-01,5,5,25,35,15,13317.0
202411,2024-11-01,6,5,67,25,18,15224.41
202411,2024-11-01,7,5,45,20,15,8992.8
202411,2024-11-01,8,5,84,25,15,26013.12
202411,2024-11-01,9,5,1,30,12,107.76
202411,2024-11-01,10,5,45,35,10,20355.75
202411,2024-11-01,11,5,35,35,10,18563.3
202411,2024-11-01,12,5,45,35,15,3153.6
202411,2024-11-01,13,5,39,30,12,5461.95
202411,2024-11-01,14,5,61,35,12,5325.3
202411,2024-11-01,15,5,40,30,18,16780.4
202411,2024-11-01,16,5,35,35,15,9300.9
202411,2024-11-01,17,5,18,25,18,1085.4
202411,2024-11-01,18,5,55,25,18,22517.55
202411,2024-11-01,19,5,26,25,10,6319.56
202411,2024-11-01,20,5,79,25,18,50101.01
202411,2024-11-01,21,5,33,35,12,13268.31
202411,2024-11-01,22,5,50,25,10,4134.5
202411,2024-11-01,23,5,39,30,15,24440.91
202411,2024-11-01,24,5,60,30,10,15226.8
202411,2024-11-01,25,5,23,30,15,11155.69
202411,2024-11-01,26,5,18,35,10,3550.86
202411,2024-11-01,27,5,67,20,10,23411.14
202411,2024-11-01,28,5,62,25,15,35378.44
202411,2024-11-01,29,5,41,30,12,2625.64
202411,2024-11-01,30,5,65,25,18,31016.05
202411,2024-11-01,31,5,56,20,12,5217.52
202411,2024-11-01,32,5,43,20,15,8335.98
202411,2024-11-01,33,5,34,35,15,19904.28
202411,2024-11-01,34,5,58,20,18,23001.06
202411,2024-11-01,35,5,24,25,12,6361.2
202411,2024-11-01,36,5,72,20,15,9876.96
202411,2024-11-01,37,5,69,35,15,19128.18
202411,2024-11-01,38,5,58,30,12,10043.86
202411,2024-11-01,39,5,86,35,15,23884.78
202411,2024-11-01,40,5,31,20,18,10752.97
202411,2024-11-01,41,5,75,35,12,11623.5
202411,2024-11-01,42,5,72,25,15,5781.6
202411,2024-11-01,43,5,48,20,15,13661.76
202411,2024-11-01,44,5,91,30,18,5670.21
202411,2024-11-01,45,5,65,25,15,8480.55
202411,2024-11-01,46,5,57,35,12,6972.81
202411,2024-11-01,47,5,35,35,10,18599.7
202411,2024-11-01,48,5,35,20,10,13518.4
202411,2024-11-01,49,5,51,25,12,30788.19
202411,2024-11-01,50,5,60,35,10,15363.0
202411,2024-11-01,51,5,56,25,18,5107.76
202411,2024-11-01,52,5,72,35,10,42502.32
202411,2024-11-01,53,5,56,20,18,24730.72
202411,2024-11-01,54,5,77,25,12,7676.13
202411,2024-11-01,55,5,101,25,12,35935.8
202411,2024-11-01,56,5,80,30,10,27254.4
202411,2024-11-01,57,5,88,20,15,40167.6
202411,2024-11-01,58,5,37,20,18,13813.58
202411,2024-11-01,59,5,50,20,15,5171.0
202411,2024-11-01,60,5,33,35,12,11565.84
202411,2024-11-01,61,5,55,20,15,25912.7
202411,2024-11-01,62,5,29,25,10,4288.81
202411,2024-11-01,63,5,69,20,15,22121.4
202411,2024-11-01,64,5,45,25,10,14800.5
202411,2024-11-01,65,5,61,35,15,19416.3
202411,2024-11-01,66,5,83,25,10,48269.48
202411,2024-11-01,67,5,93,35,12,11609.19
202411,2024-11-01,68,5,45,35,15,19248.3
202411,2024-11-01,69,5,79,20,10,31374.06
202411,2024-11-01,70,5,51,25,15,23365.65
202411,2024-11-01,71,5,76,20,18,28133.68
202411,2024-11-01,72,5,37,30,15,13561.24
202411,2024-11-01,73,5,49,35,12,13234.41
202411,2024-11-01,74,5,86,20,10,36042.6
202411,2024-11-01,75,5,38,20,15,6675.84
202411,2024-11-01,76,5,67,25,12,29317.19
202411,2024-11-01,77,5,67,25,12,6715.41
202411,2024-11-01,78,5,66,20,12,24088.02
202411,2024-11-01,79,5,85,25,12,17957.1
202411,2024-11-01,80,5,72,25,12,32767.92
202411,2024-11-01,81,5,40,30,18,8892.4
202411,2024-11-01,82,5,70,20,18,33159.7
202411,2024-11-01,83,5,56,25,12,22915.76
202411,2024-11-01,84,5,43,20,10,18715.75
202411,2024-11-01,85,5,72,25,15,13620.96
202411,2024-11-01,86,5,43,30,18,24593.85
202411,2024-11-01,87,5,48,25,10,22195.2
202411,2024-11-01,88,5,47,25,18,7286.88
202411,2024-11-01,89,5,57,35,10,8309.46
202411,2024-11-01,90,5,19,25,15,6825.37
202411,2024-11-01,91,5,64,20,12,29070.72
202411,2024-11-01,92,5,44,35,10,17906.24
202411,2024-11-01,93,5,30,20,12,9844.2
202411,2024-11-01,94,5,73,25,10,26032.53
202411,2024-11-01,95,5,31,25,18,5477.7
202411,2024-11-01,96,5,84,20,18,15500.52
202411,2024-11-01,97,5,22,25,12,8537.1
202411,2024-11-01,98,5,57,30,15,18295.86
202411,2024-11-01,99,5,60,35,12,24808.8
202411,2024-11-01,100,5,45,25,18,16575.3
202411,2024-11-01,1,6,81,35,12,16707.87
202411,2024-11-01,2,6,57,35,15,24427.92
202411,2024-11-01,3,6,53,30,15,19519.37
202411,2024-11-01,4,6,38,25,10,13945.62
202411,2024-11-01,5,6,51,25,18,27166.68
202411,2024-11-01,6,6,48,30,18,10907.04
202411,2024-11-01,7,6,46,35,10,9192.64
202411,2024-11-01,8,6,30,20,12,9290.4
202411,2024-11-01,9,6,54,20,12,5819.04
202411,2024-11-01,10,6,0,20,18,0.0
202411,2024-11-01,11,6,15,35,12,7955.7
202411,2024-11-01,12,6,33,20,12,2312.64
202411,2024-11-01,13,6,54,25,12,7562.7
202411,2024-11-01,14,6,57,25,10,4976.1
202411,2024-11-01,15,6,36,20,12,15102.36
202411,2024-11-01,16,6,64,20,15,17007.36
202411,2024-11-01,17,6,52,20,15,3135.6
202411,2024-11-01,18,6,36,30,15,14738.76
202411,2024-11-01,19,6,51,25,12,12396.06
202411,2024-11-01,20,6,48,20,18,30441.12
202411,2024-11-01,21,6,61,35,12,24526.27
202411,2024-11-01,22,6,33,25,12,2728.77
202411,2024-11-01,23,6,49,20,12,30707.81
202411,2024-11-01,24,6,21,35,10,5329.38
202411,2024-11-01,25,6,36,35,10,17461.08
202411,2024-11-01,26,6,42,30,18,8285.34
202411,2024-11-01,27,6,53,25,15,18519.26
202411,2024-11-01,28,6,29,30,10,16547.98
202411,2024-11-01,29,6,47,20,10,3009.88
202411,2024-11-01,30,6,15,20,10,7157.55
202411,2024-11-01,31,6,50,20,10,4658.5
202411,2024-11-01,32,6,57,30,12,11050.02
202411,2024-11-01,33,6,52,20,10,30441.84
202411,2024-11-01,34,6,48,25,18,19035.36
202411,2024-11-01,35,6,28,20,18,7421.4
202411,2024-11-01,36,6,46,30,10,6310.28
202411,2024-11-01,37,6,58,20,12,16078.76
202411,2024-11-01,38,6,43,30,15,7446.31
202411,2024-11-01,39,6,54,35,10,14997.42
202411,2024-11-01,40,6,55,30,15,19077.85
202411,2024-11-01,41,6,75,30,12,11623.5
202411,2024-11-01,42,6,59,20,12,4737.7
202411,2024-11-01,43,6,105,35,15,29885.1
202411,2024-11-01,44,6,88,35,10,5483.28
202411,2024-11-01,45,6,74,25,12,9654.78
202411,2024-11-01,46,6,74,30,10,9052.42
202411,2024-11-01,47,6,61,30,18,32416.62
202411,2024-11-01,48,6,45,35,10,17380.8
202411,2024-11-01,49,6,86,35,18,51917.34
202411,2024-11-01,50,6,75,20,10,19203.75
202411,2024-11-01,51,6,96,20,10,8756.16
202411,2024-11-01,52,6,52,30,12,30696.12
202411,2024-11-01,53,6,47,35,15,20756.14
202411,2024-11-01,54,6,70,30,10,6978.3
202411,2024-11-01,55,6,34,30,15,12097.2
202411,2024-11-01,56,6,70,25,18,23847.6
202411,2024-11-01,57,6,43,35,10,19627.35
202411,2024-11-01,58,6,55,25,18,20533.7
202411,2024-11-01,59,6,50,25,15,5171.0
202411,2024-11-01,60,6,61,25,15,21379.28
202411,2024-11-01,61,6,85,30,10,40046.9
202411,2024-11-01,62,6,79,30,15,11683.31
202411,2024-11-01,63,6,34,25,18,10900.4
202411,2024-11-01,64,6,58,20,10,19076.2
202411,2024-11-01,65,6,82,35,10,26100.6
202411,2024-11-01,66,6,73,35,12,42453.88
202411,2024-11-01,67,6,57,25,18,7115.31
202411,2024-11-01,68,6,66,35,15,28230.84
202411,2024-11-01,69,6,89,20,12,35345.46
202411,2024-11-01,70,6,35,25,10,16035.25
202411,2024-11-01,71,6,63,20,15,23321.34
202411,2024-11-01,72,6,88,20,10,32253.76
202411,2024-11-01,73,6,56,35,15,15125.04
202411,2024-11-01,74,6,66,20,10,27660.6
202411,2024-11-01,75,6,52,30,15,9135.36
202411,2024-11-01,76,6,46,25,18,20128.22
202411,2024-11-01,77,6,68,35,12,6815.64
202411,2024-11-01,78,6,57,25,18,20803.29
202411,2024-11-01,79,6,54,25,10,11408.04
202411,2024-11-01,80,6,70,35,15,31857.7
202411,2024-11-01,81,6,65,25,12,14450.15
202411,2024-11-01,82,6,61,20,12,28896.31
202411,2024-11-01,83,6,97,35,15,39693.37
202411,2024-11-01,84,6,46,25,15,20021.5
202411,2024-11-01,85,6,29,35,15,5486.22
202411,2024-11-01,86,6,68,25,10,38892.6
202411,2024-11-01,87,6,67,25,18,30980.8
202411,2024-11-01,88,6,51,25,15,7907.04
202411,2024-11-01,89,6,56,35,12,8163.68
202411,2024-11-01,90,6,48,20,15,17243.04
202411,2024-11-01,91,6,53,30,10,24074.19
202411,2024-11-01,92,6,51,35,10,20754.96
202411,2024-11-01,93,6,46,35,15,15094.44
202411,2024-11-01,94,6,63,35,12,22466.43
202411,2024-11-01,95,6,81,30,15,14312.7
202411,2024-11-01,96,6,65,30,10,11994.45
202411,2024-11-01,97,6,75,25,18,29103.75
202411,2024-11-01,98,6,57,25,15,18295.86
202411,2024-11-01,99,6,66,30,12,27289.68
202411,2024-11-01,100,6,89,30,12,32782.26
202412,2024-12-01,1,1,33,20,10,6806.91
202412,2024-12-01,2,1,40,35,18,17142.4
202412,2024-12-01,3,1,23,30,18,8470.67
202412,2024-12-01,4,1,58,30,15,21285.42
202412,2024-12-01,5,1,66,20,12,35156.88
202412,2024-12-01,6,1,43,20,15,9770.89
202412,2024-12-01,7,1,69,25,12,13788.96
202412,2024-12-01,8,1,69,30,15,21367.92
202412,2024-12-01,9,1,61,25,18,6573.36
202412,2024-12-01,10,1,61,20,15,27593.35
202412,2024-12-01,11,1,61,20,15,32353.18
202412,2024-12-01,12,1,54,20,15,3784.32
202412,2024-12-01,13,1,36,25,12,5041.8
202412,2024-12-01,14,1,36,25,12,3142.8
202412,2024-12-01,15,1,58,30,12,24331.58
202412,2024-12-01,16,1,48,30,15,12755.52
202412,2024-12-01,17,1,37,20,18,2231.1
202412,2024-12-01,18,1,32,25,12,13101.12
202412,2024-12-01,19,1,61,20,10,14826.66
202412,2024-12-01,20,1,39,20,18,24733.41
202412,2024-12-01,21,1,68,35,10,27340.76
202412,2024-12-01,22,1,30,20,12,2480.7
202412,2024-12-01,23,1,38,25,10,23814.22
202412,2024-12-01,24,1,70,25,18,17764.6
202412,2024-12-01,25,1,52,25,12,25221.56
202412,2024-12-01,26,1,19,35,15,3748.13
202412,2024-12-01,27,1,19,25,10,6638.98
202412,2024-12-01,28,1,51,35,10,29101.62
202412,2024-12-01,29,1,30,20,10,1921.2
202412,2024-12-01,30,1,45,35,15,21472.65
202412,2024-12-01,31,1,43,35,10,4006.31
202412,2024-12-01,32,1,21,35,18,4071.06
202412,2024-12-01,33,1,42,20,10,24587.64
202412,2024-12-01,34,1,75,25,12,29742.75
202412,2024-12-01,35,1,41,20,10,10867.05
202412,2024-12-01,36,1,48,20,15,6584.64
202412,2024-12-01,37,1,68,35,10,18850.96
202412,2024-12-01,38,1,19,25,10,3290.23
202412,2024-12-01,39,1,30,25,18,8331.9
202412,2024-12-01,40,1,68,30,18,23587.16
202412,2024-12-01,41,1,76,35,15,11778.48
202412,2024-12-01,42,1,103,30,10,8270.9
202412,2024-12-01,43,1,61,35,10,17361.82
202412,2024-12-01,44,1,47,25,18,2928.57
202412,2024-12-01,45,1,103,30,15,13438.41
202412,2024-12-01,46,1,73,25,10,8930.09
202412,2024-12-01,47,1,70,20,15,37199.4
202412,2024-12-01,48,1,73,20,10,28195.52
202412,2024-12-01,49,1,56,30,10,33806.64
202412,2024-12-01,50,1,52,30,12,13314.6
202412,2024-12-01,51,1,54,25,18,4925.34
202412,2024-12-01,52,1,58,35,15,34237.98
202412,2024-12-01,53,1,73,20,12,32238.26
202412,2024-12-01,54,1,79,35,12,7875.51
202412,2024-12-01,55,1,47,25,12,16722.6
202412,2024-12-01,56,1,74,25,12,25210.32
202412,2024-12-01,57,1,63,20,12,28756.35
202412,2024-12-01,58,1,36,35,15,13440.24
202412,2024-12-01,59,1,47,30,15,4860.74
202412,2024-12-01,60,1,58,35,10,20327.84
202412,2024-12-01,61,1,59,20,15,27797.26
202412,2024-12-01,62,1,80,20,15,11831.2
202412,2024-12-01,63,1,51,25,18,16350.6
202412,2024-12-01,64,1,67,20,15,22036.3
202412,2024-12-01,65,1,79,20,15,25145.7
202412,2024-12-01,66,1,110,25,18,63971.6
202412,2024-12-01,67,1,79,35,18,9861.57
202412,2024-12-01,68,1,63,35,10,26947.62
202412,2024-12-01,69,1,45,20,10,17871.3
202412,2024-12-01,70,1,49,25,18,22449.35
202412,2024-12-01,71,1,96,20,10,35537.28
202412,2024-12-01,72,1,58,25,10,21258.16
202412,2024-12-01,73,1,51,25,15,13774.59
202412,2024-12-01,74,1,70,35,18,29337.0
202412,2024-12-01,75,1,53,20,10,9311.04
202412,2024-12-01,76,1,50,35,12,21878.5
202412,2024-12-01,77,1,44,35,10,4410.12
202412,2024-12-01,78,1,74,30,12,27007.78
202412,2024-12-01,79,1,40,20,12,8450.4
202412,2024-12-01,80,1,57,25,15,25941.27
202412,2024-12-01,81,1,62,30,15,13783.22
202412,2024-12-01,82,1,56,20,18,26527.76
202412,2024-12-01,83,1,66,25,18,27007.86
202412,2024-12-01,84,1,48,20,18,20892.0
202412,2024-12-01,85,1,67,35,18,12675.06
202412,2024-12-01,86,1,16,25,12,9151.2
202412,2024-12-01,87,1,56,30,15,25894.4
202412,2024-12-01,88,1,63,20,10,9767.52
202412,2024-12-01,89,1,99,25,15,14432.22
202412,2024-12-01,90,1,64,20,18,22990.72
202412,2024-12-01,91,1,66,25,15,29979.18
202412,2024-12-01,92,1,68,30,12,27673.28
202412,2024-12-01,93,1,48,35,12,15750.72
202412,2024-12-01,94,1,70,35,10,24962.7
202412,2024-12-01,95,1,85,25,12,15019.5
202412,2024-12-01,96,1,68,30,10,12548.04
202412,2024-12-01,97,1,39,20,10,15133.95
202412,2024-12-01,98,1,78,30,18,25036.44
202412,2024-12-01,99,1,122,20,10,50444.56
202412,2024-12-01,100,1,83,30,10,30572.22
202412,2024-12-01,1,2,28,30,15,5775.56
202412,2024-12-01,2,2,38,25,10,16285.28
202412,2024-12-01,3,2,23,35,15,8470.67
202412,2024-12-01,4,2,35,25,18,12844.65
202412,2024-12-01,5,2,55,35,18,29297.4
202412,2024-12-01,6,2,43,30,18,9770.89
202412,2024-12-01,7,2,63,20,15,12589.92
202412,2024-12-01,8,2,55,25,15,17032.4
202412,2024-12-01,9,2,9,35,12,969.84
202412,2024-12-01,10,2,45,25,15,20355.75
202412,2024-12-01,11,2,15,20,15,7955.7
202412,2024-12-01,12,2,62,20,15,4344.96
202412,2024-12-01,13,2,4,25,12,560.2
202412,2024-12-01,14,2,51,25,10,4452.3
202412,2024-12-01,15,2,30,25,12,12585.3
202412,2024-12-01,16,2,26,30,12,6909.24
202412,2024-12-01,17,2,99,35,18,5969.7
202412,2024-12-01,18,2,67,20,18,27430.47
202412,2024-12-01,19,2,34,20,18,8264.04
202412,2024-12-01,20,2,69,25,18,43759.11
202412,2024-12-01,21,2,30,20,18,12062.1
202412,2024-12-01,22,2,21,35,10,1736.49
202412,2024-12-01,23,2,88,35,12,55148.72
202412,2024-12-01,24,2,46,25,15,11673.88
202412,2024-12-01,25,2,52,25,12,25221.56
202412,2024-12-01,26,2,45,30,15,8877.15
202412,2024-12-01,27,2,33,25,12,11530.86
202412,2024-12-01,28,2,45,20,15,25677.9
202412,2024-12-01,29,2,50,20,15,3202.0
202412,2024-12-01,30,2,66,35,10,31493.22
202412,2024-12-01,31,2,40,25,18,3726.8
202412,2024-12-01,32,2,59,30,10,11437.74
202412,2024-12-01,33,2,50,25,18,29271.0
202412,2024-12-01,34,2,27,30,12,10707.39
202412,2024-12-01,35,2,62,35,15,16433.1
202412,2024-12-01,36,2,48,20,18,6584.64
202412,2024-12-01,37,2,42,35,15,11643.24
202412,2024-12-01,38,2,12,35,10,2078.04
202412,2024-12-01,39,2,56,25,10,15552.88
202412,2024-12-01,40,2,65,35,18,22546.55
202412,2024-12-01,41,2,79,20,12,12243.42
202412,2024-12-01,42,2,47,25,15,3774.1
202412,2024-12-01,43,2,38,30,10,10815.56
202412,2024-12-01,44,2,46,30,12,2866.26
202412,2024-12-01,45,2,60,30,18,7828.2
202412,2024-12-01,46,2,45,25,12,5504.85
202412,2024-12-01,47,2,51,30,15,27102.42
202412,2024-12-01,48,2,15,20,10,5793.6
202412,2024-12-01,49,2,55,25,18,33202.95
202412,2024-12-01,50,2,41,25,10,10498.05
202412,2024-12-01,51,2,75,20,18,6840.75
202412,2024-12-01,52,2,63,35,18,37189.53
202412,2024-12-01,53,2,44,20,10,19431.28
202412,2024-12-01,54,2,50,20,18,4984.5
202412,2024-12-01,55,2,65,25,10,23127.0
202412,2024-12-01,56,2,57,20,12,19418.76
202412,2024-12-01,57,2,69,30,10,31495.05
202412,2024-12-01,58,2,91,20,10,33973.94
202412,2024-12-01,59,2,46,35,10,4757.32
202412,2024-12-01,60,2,42,30,10,14720.16
202412,2024-12-01,61,2,54,30,10,25441.56
202412,2024-12-01,62,2,51,30,10,7542.39
202412,2024-12-01,63,2,71,35,18,22762.6
202412,2024-12-01,64,2,81,25,12,26640.9
202412,2024-12-01,65,2,80,35,18,25464.0
202412,2024-12-01,66,2,61,25,10,35475.16
202412,2024-12-01,67,2,40,30,12,4993.2
202412,2024-12-01,68,2,85,30,15,36357.9
202412,2024-12-01,69,2,46,20,18,18268.44
202412,2024-12-01,70,2,68,35,18,31154.2
202412,2024-12-01,71,2,35,30,18,12956.3
202412,2024-12-01,72,2,51,25,10,18692.52
202412,2024-12-01,73,2,54,35,12,14584.86
202412,2024-12-01,74,2,34,35,18,14249.4
202412,2024-12-01,75,2,58,25,12,10189.44
202412,2024-12-01,76,2,77,30,10,33692.89
202412,2024-12-01,77,2,77,20,18,7717.71
202412,2024-12-01,78,2,89,35,18,32482.33
202412,2024-12-01,79,2,43,20,12,9084.18
202412,2024-12-01,80,2,62,20,15,28216.82
202412,2024-12-01,81,2,50,20,18,11115.5
202412,2024-12-01,82,2,65,30,10,30791.15
202412,2024-12-01,83,2,104,25,12,42557.84
202412,2024-12-01,84,2,66,25,18,28726.5
202412,2024-12-01,85,2,89,25,10,16837.02
202412,2024-12-01,86,2,63,25,15,36032.85
202412,2024-12-01,87,2,61,30,12,28206.4
202412,2024-12-01,88,2,41,25,15,6356.64
202412,2024-12-01,89,2,30,35,10,4373.4
202412,2024-12-01,90,2,80,35,10,28738.4
202412,2024-12-01,91,2,54,35,10,24528.42
202412,2024-12-01,92,2,33,25,12,13429.68
202412,2024-12-01,93,2,70,20,10,22969.8
202412,2024-12-01,94,2,88,25,10,31381.68
202412,2024-12-01,95,2,74,35,10,13075.8
202412,2024-12-01,96,2,58,25,18,10702.74
202412,2024-12-01,97,2,55,25,15,21342.75
202412,2024-12-01,98,2,50,25,18,16049.0
202412,2024-12-01,99,2,63,35,15,26049.24
202412,2024-12-01,100,2,89,35,10,32782.26
202412,2024-12-01,1,3,47,25,12,9694.69
202412,2024-12-01,2,3,38,35,10,16285.28
202412,2024-12-01,3,3,50,30,15,18414.5
202412,2024-12-01,4,3,25,30,10,9174.75
202412,2024-12-01,5,3,18,25,15,9588.24
202412,2024-12-01,6,3,45,20,12,10225.35
202412,2024-12-01,7,3,33,35,15,6594.72
202412,2024-12-01,8,3,5,20,10,1548.4
202412,2024-12-01,9,3,56,35,15,6034.56
202412,2024-12-01,10,3,38,30,10,17189.3
202412,2024-12-01,11,3,72,25,18,38187.36
202412,2024-12-01,12,3,30,25,15,2102.4
202412,2024-12-01,13,3,37,20,18,5181.85
202412,2024-12-01,14,3,33,35,10,2880.9
202412,2024-12-01,15,3,39,25,18,16360.89
202412,2024-12-01,16,3,45,35,12,11958.3
202412,2024-12-01,17,3,69,25,10,4160.7
202412,2024-12-01,18,3,49,20,12,20061.09
202412,2024-12-01,19,3,39,20,18,9479.34
202412,2024-12-01,20,3,46,25,10,29172.74
202412,2024-12-01,21,3,77,25,15,30959.39
202412,2024-12-01,22,3,17,35,12,1405.73
202412,2024-12-01,23,3,29,30,18,18174.01
202412,2024-12-01,24,3,70,35,12,17764.6
202412,2024-12-01,25,3,37,35,12,17946.11
202412,2024-12-01,26,3,56,25,10,11047.12
202412,2024-12-01,27,3,54,25,15,18868.68
202412,2024-12-01,28,3,33,35,10,18830.46
202412,2024-12-01,29,3,38,30,12,2433.52
202412,2024-12-01,30,3,48,35,10,22904.16
202412,2024-12-01,31,3,71,35,18,6615.07
202412,2024-12-01,32,3,73,35,10,14151.78
202412,2024-12-01,33,3,32,35,18,18733.44
202412,2024-12-01,34,3,42,20,18,16655.94
202412,2024-12-01,35,3,51,35,12,13517.55
202412,2024-12-01,36,3,34,35,12,4664.12
202412,2024-12-01,37,3,32,20,15,8871.04
202412,2024-12-01,38,3,42,20,18,7273.14
202412,2024-12-01,39,3,88,25,10,24440.24
202412,2024-12-01,40,3,41,25,12,14221.67
202412,2024-12-01,41,3,36,25,15,5579.28
202412,2024-12-01,42,3,50,30,12,4015.0
202412,2024-12-01,43,3,35,20,18,9961.7
202412,2024-12-01,44,3,18,30,10,1121.58
202412,2024-12-01,45,3,81,30,18,10568.07
202412,2024-12-01,46,3,33,20,15,4036.89
202412,2024-12-01,47,3,74,35,12,39325.08
202412,2024-12-01,48,3,53,20,12,20470.72
202412,2024-12-01,49,3,72,20,12,43465.68
202412,2024-12-01,50,3,65,30,18,16643.25
202412,2024-12-01,51,3,69,35,10,6293.49
202412,2024-12-01,52,3,51,30,12,30105.81
202412,2024-12-01,53,3,14,35,15,6182.68
202412,2024-12-01,54,3,68,20,12,6778.92
202412,2024-12-01,55,3,72,25,10,25617.6
202412,2024-12-01,56,3,58,30,10,19759.44
202412,2024-12-01,57,3,44,25,18,20083.8
202412,2024-12-01,58,3,34,30,15,12693.56
202412,2024-12-01,59,3,98,25,15,10135.16
202412,2024-12-01,60,3,53,30,10,18575.44
202412,2024-12-01,61,3,85,20,15,40046.9
202412,2024-12-01,62,3,87,30,18,12866.43
202412,2024-12-01,63,3,59,35,10,18915.4
202412,2024-12-01,64,3,42,35,10,13813.8
202412,2024-12-01,65,3,70,30,12,22281.0
202412,2024-12-01,66,3,80,25,18,46524.8
202412,2024-12-01,67,3,32,35,18,3994.56
202412,2024-12-01,68,3,69,35,12,29514.06
202412,2024-12-01,69,3,52,25,10,20651.28
202412,2024-12-01,70,3,57,35,15,26114.55
202412,2024-12-01,71,3,59,35,10,21840.62
202412,2024-12-01,72,3,71,20,18,26022.92
202412,2024-12-01,73,3,17,35,18,4591.53
202412,2024-12-01,74,3,55,35,12,23050.5
202412,2024-12-01,75,3,94,35,18,16513.92
202412,2024-12-01,76,3,81,25,12,35443.17
202412,2024-12-01,77,3,56,30,12,5612.88
202412,2024-12-01,78,3,68,35,10,24817.96
202412,2024-12-01,79,3,78,30,10,16478.28
202412,2024-12-01,80,3,79,35,12,35953.69
202412,2024-12-01,81,3,48,25,15,10670.88
202412,2024-12-01,82,3,63,20,15,29843.73
202412,2024-12-01,83,3,59,20,15,24143.39
202412,2024-12-01,84,3,22,35,18,9575.5
202412,2024-12-01,85,3,68,30,18,12864.24
202412,2024-12-01,86,3,60,20,10,34317.0
202412,2024-12-01,87,3,86,20,12,39766.4
202412,2024-12-01,88,3,36,30,12,5581.44
202412,2024-12-01,89,3,74,30,15,10787.72
202412,2024-12-01,90,3,91,30,15,32689.93
202412,2024-12-01,91,3,66,25,18,29979.18
202412,2024-12-01,92,3,69,35,18,28080.24
202412,2024-12-01,93,3,70,25,12,22969.8
202412,2024-12-01,94,3,82,30,15,29242.02
202412,2024-12-01,95,3,66,25,12,11662.2
202412,2024-12-01,96,3,60,25,15,11071.8
202412,2024-12-01,97,3,44,35,12,17074.2
202412,2024-12-01,98,3,68,25,10,21826.64
202412,2024-12-01,99,3,43,30,18,17779.64
202412,2024-12-01,100,3,82,25,15,30203.88
202412,2024-12-01,1,4,25,20,15,5156.75
202412,2024-12-01,2,4,52,25,15,22285.12
202412,2024-12-01,3,4,52,35,12,19151.08
202412,2024-12-01,4,4,37,30,18,13578.63
202412,2024-12-01,5,4,36,25,12,19176.48
202412,2024-12-01,6,4,50,35,12,11361.5
202412,2024-12-01,7,4,16,25,15,3197.44
202412,2024-12-01,8,4,79,30,10,24464.72
202412,2024-12-01,9,4,40,25,10,4310.4
202412,2024-12-01,10,4,29,35,15,13118.15
202412,2024-12-01,11,4,30,30,10,15911.4
202412,2024-12-01,12,4,44,35,15,3083.52
202412,2024-12-01,13,4,77,35,15,10783.85
202412,2024-12-01,14,4,34,20,15,2968.2
202412,2024-12-01,15,4,30,35,15,12585.3
202412,2024-12-01,16,4,34,30,12,9035.16
202412,2024-12-01,17,4,51,20,12,3075.3
202412,2024-12-01,18,4,21,30,10,8597.61
202412,2024-12-01,19,4,25,20,10,6076.5
202412,2024-12-01,20,4,22,35,18,13952.18
202412,2024-12-01,21,4,52,25,10,20907.64
202412,2024-12-01,22,4,41,25,15,3390.29
202412,2024-12-01,23,4,71,25,15,44494.99
202412,2024-12-01,24,4,25,20,10,6344.5
202412,2024-12-01,25,4,37,30,12,17946.11
202412,2024-12-01,26,4,52,35,15,10258.04
202412,2024-12-01,27,4,56,20,15,19567.52
202412,2024-12-01,28,4,36,30,18,20542.32
202412,2024-12-01,29,4,33,20,15,2113.32
202412,2024-12-01,30,4,31,30,12,14792.27
202412,2024-12-01,31,4,40,20,12,3726.8
202412,2024-12-01,32,4,52,25,15,10080.72
202412,2024-12-01,33,4,46,25,18,26929.32
202412,2024-12-01,34,4,43,35,10,17052.51
202412,2024-12-01,35,4,84,25,18,22264.2
202412,2024-12-01,36,4,53,35,15,7270.54
202412,2024-12-01,37,4,10,20,10,2772.2
202412,2024-12-01,38,4,39,30,12,6753.63
202412,2024-12-01,39,4,38,20,15,10553.74
202412,2024-12-01,40,4,34,20,10,11793.58
202412,2024-12-01,41,4,79,30,12,12243.42
202412,2024-12-01,42,4,47,35,18,3774.1
202412,2024-12-01,43,4,69,20,18,19638.78
202412,2024-12-01,44,4,65,20,12,4050.15
202412,2024-12-01,45,4,48,35,10,6262.56
202412,2024-12-01,46,4,46,30,15,5627.18
202412,2024-12-01,47,4,51,25,12,27102.42
202412,2024-12-01,48,4,62,30,18,23946.88
202412,2024-12-01,49,4,58,25,12,35014.02
202412,2024-12-01,50,4,37,30,18,9473.85
202412,2024-12-01,51,4,91,35,10,8300.11
202412,2024-12-01,52,4,55,30,18,32467.05
202412,2024-12-01,53,4,68,35,18,30030.16
202412,2024-12-01,54,4,51,30,15,5084.19
202412,2024-12-01,55,4,52,25,12,18501.6
202412,2024-12-01,56,4,72,35,15,24528.96
202412,2024-12-01,57,4,55,30,15,25104.75
202412,2024-12-01,58,4,60,30,18,22400.4
202412,2024-12-01,59,4,62,30,15,6412.04
202412,2024-12-01,60,4,69,30,12,24183.12
202412,2024-12-01,61,4,54,25,15,25441.56
202412,2024-12-01,62,4,48,20,10,7098.72
202412,2024-12-01,63,4,54,35,15,17312.4
202412,2024-12-01,64,4,43,20,12,14142.7
202412,2024-12-01,65,4,76,20,10,24190.8
202412,2024-12-01,66,4,78,20,12,45361.68
202412,2024-12-01,67,4,61,30,15,7614.63
202412,2024-12-01,68,4,71,25,12,30369.54
202412,2024-12-01,69,4,65,20,12,25814.1
202412,2024-12-01,70,4,39,25,10,17867.85
202412,2024-12-01,71,4,60,30,15,22210.8
202412,2024-12-01,72,4,83,20,12,30421.16
202412,2024-12-01,73,4,47,20,15,12694.23
202412,2024-12-01,74,4,80,30,18,33528.0
202412,2024-12-01,75,4,59,20,12,10365.12
202412,2024-12-01,76,4,48,35,12,21003.36
202412,2024-12-01,77,4,86,20,15,8619.78
202412,2024-12-01,78,4,11,30,15,4014.67
202412,2024-12-01,79,4,61,35,18,12886.86
202412,2024-12-01,80,4,105,35,12,47786.55
202412,2024-12-01,81,4,49,35,12,10893.19
202412,2024-12-01,82,4,78,35,18,36949.38
202412,2024-12-01,83,4,56,35,15,22915.76
202412,2024-12-01,84,4,65,35,12,28291.25
202412,2024-12-01,85,4,54,20,12,10215.72
202412,2024-12-01,86,4,65,30,12,37176.75
202412,2024-12-01,87,4,60,30,15,27744.0
202412,2024-12-01,88,4,63,25,10,9767.52
202412,2024-12-01,89,4,40,25,12,5831.2
202412,2024-12-01,90,4,50,20,12,17961.5
202412,2024-12-01,91,4,74,25,10,33613.02
202412,2024-12-01,92,4,60,25,12,24417.6
202412,2024-12-01,93,4,68,25,10,22313.52
202412,2024-12-01,94,4,67,30,10,23892.87
202412,2024-12-01,95,4,31,20,18,5477.7
202412,2024-12-01,96,4,38,20,10,7012.14
202412,2024-12-01,97,4,29,25,18,11253.45
202412,2024-12-01,98,4,49,30,18,15728.02
202412,2024-12-01,99,4,59,25,12,24395.32
202412,2024-12-01,100,4,77,35,15,28362.18
202412,2024-12-01,1,5,38,20,12,7838.26
202412,2024-12-01,2,5,39,35,18,16713.84
202412,2024-12-01,3,5,63,20,18,23202.27
202412,2024-12-01,4,5,27,25,12,9908.73
202412,2024-12-01,5,5,56,30,18,29830.08
202412,2024-12-01,6,5,22,35,15,4999.06
202412,2024-12-01,7,5,58,30,15,11590.72
202412,2024-12-01,8,5,80,30,18,24774.4
202412,2024-12-01,9,5,35,25,18,3771.6
202412,2024-12-01,10,5,66,25,10,29855.1
202412,2024-12-01,11,5,19,30,12,10077.22
202412,2024-12-01,12,5,39,20,18,2733.12
202412,2024-12-01,13,5,21,35,12,2941.05
202412,2024-12-01,14,5,28,20,18,2444.4
202412,2024-12-01,15,5,47,20,12,19716.97
202412,2024-12-01,16,5,37,35,10,9832.38
202412,2024-12-01,17,5,40,35,12,2412.0
202412,2024-12-01,18,5,33,20,18,13510.53
202412,2024-12-01,19,5,61,25,12,14826.66
202412,2024-12-01,20,5,16,35,12,10147.04
202412,2024-12-01,21,5,76,25,10,30557.32
202412,2024-12-01,22,5,30,30,12,2480.7
202412,2024-12-01,23,5,69,25,12,43241.61
202412,2024-12-01,24,5,29,25,18,7359.62
202412,2024-12-01,25,5,21,25,10,10185.63
202412,2024-12-01,26,5,44,35,15,8679.88
202412,2024-12-01,27,5,60,20,15,20965.2
202412,2024-12-01,28,5,16,25,12,9129.92
202412,2024-12-01,29,5,50,25,12,3202.0
202412,2024-12-01,30,5,60,30,15,28630.2
202412,2024-12-01,31,5,57,25,12,5310.69
202412,2024-12-01,32,5,48,30,15,9305.28
202412,2024-12-01,33,5,72,30,18,42150.24
202412,2024-12-01,34,5,76,20,18,30139.32
202412,2024-12-01,35,5,61,35,18,16168.05
202412,2024-12-01,36,5,42,25,12,5761.56
202412,2024-12-01,37,5,33,35,15,9148.26
202412,2024-12-01,38,5,2,25,10,346.34
202412,2024-12-01,39,5,38,30,15,10553.74
202412,2024-12-01,40,5,53,30,18,18384.11
202412,2024-12-01,41,5,32,20,12,4959.36
202412,2024-12-01,42,5,72,35,18,5781.6
202412,2024-12-01,43,5,60,20,12,17077.2
202412,2024-12-01,44,5,78,25,18,4860.18
202412,2024-12-01,45,5,41,20,12,5349.27
202412,2024-12-01,46,5,63,20,15,7706.79
202412,2024-12-01,47,5,62,25,18,32948.04
202412,2024-12-01,48,5,75,35,10,28968.0
202412,2024-12-01,49,5,61,25,18,36825.09
202412,2024-12-01,50,5,48,30,12,12290.4
202412,2024-12-01,51,5,78,25,12,7114.38
202412,2024-12-01,52,5,55,25,10,32467.05
202412,2024-12-01,53,5,76,20,12,33563.12
202412,2024-12-01,54,5,61,30,18,6081.09
202412,2024-12-01,55,5,82,20,12,29175.6
202412,2024-12-01,56,5,43,25,10,14649.24
202412,2024-12-01,57,5,49,20,15,22366.05
202412,2024-12-01,58,5,35,35,18,13066.9
202412,2024-12-01,59,5,48,35,15,4964.16
202412,2024-12-01,60,5,48,25,15,16823.04
202412,2024-12-01,61,5,80,30,12,37691.2
202412,2024-12-01,62,5,69,25,18,10204.41
202412,2024-12-01,63,5,90,20,10,28854.0
202412,2024-12-01,64,5,90,25,10,29601.0
202412,2024-12-01,65,5,78,30,15,24827.4
202412,2024-12-01,66,5,80,25,18,46524.8
202412,2024-12-01,67,5,56,20,15,6990.48
202412,2024-12-01,68,5,64,20,18,27375.36
202412,2024-12-01,69,5,63,20,15,25019.82
202412,2024-12-01,70,5,74,25,12,33903.1
202412,2024-12-01,71,5,83,20,10,30724.94
202412,2024-12-01,72,5,63,25,12,23090.76
202412,2024-12-01,73,5,90,30,10,24308.1
202412,2024-12-01,74,5,52,20,15,21793.2
202412,2024-12-01,75,5,69,25,18,12121.92
202412,2024-12-01,76,5,53,30,12,23191.21
202412,2024-12-01,77,5,67,20,12,6715.41
202412,2024-12-01,78,5,46,20,18,16788.62
202412,2024-12-01,79,5,82,35,10,17323.32
202412,2024-12-01,80,5,61,25,18,27761.71
202412,2024-12-01,81,5,87,20,10,19340.97
202412,2024-12-01,82,5,81,25,18,38370.51
202412,2024-12-01,83,5,64,20,12,26189.44
202412,2024-12-01,84,5,77,25,10,33514.25
202412,2024-12-01,85,5,68,25,12,12864.24
202412,2024-12-01,86,5,61,20,18,34888.95
202412,2024-12-01,87,5,49,35,18,22657.6
202412,2024-12-01,88,5,75,25,10,11628.0
202412,2024-12-01,89,5,50,20,10,7289.0
202412,2024-12-01,90,5,59,20,10,21194.57
202412,2024-12-01,91,5,43,35,18,19531.89
202412,2024-12-01,92,5,63,20,12,25638.48
202412,2024-12-01,93,5,49,25,10,16078.86
202412,2024-12-01,94,5,46,20,10,16404.06
202412,2024-12-01,95,5,59,35,12,10425.3
202412,2024-12-01,96,5,44,30,18,8119.32
202412,2024-12-01,97,5,67,25,12,25999.35
202412,2024-12-01,98,5,56,25,10,17974.88
202412,2024-12-01,99,5,57,30,12,23568.36
202412,2024-12-01,100,5,40,35,18,14733.6
202412,2024-12-01,1,6,66,30,12,13613.82
202412,2024-12-01,2,6,48,20,12,20570.88
202412,2024-12-01,3,6,42,35,15,15468.18
202412,2024-12-01,4,6,51,20,12,18716.49
202412,2024-12-01,5,6,50,30,12,26634.0
202412,2024-12-01,6,6,18,20,10,4090.14
202412,2024-12-01,7,6,58,30,10,11590.72
202412,2024-12-01,8,6,30,35,12,9290.4
202412,2024-12-01,9,6,17,30,10,1831.92
202412,2024-12-01,10,6,48,30,12,21712.8
202412,2024-12-01,11,6,57,25,15,30231.66
202412,2024-12-01,12,6,46,35,12,3223.68
202412,2024-12-01,13,6,81,20,12,11344.05
202412,2024-12-01,14,6,38,30,15,3317.4
202412,2024-12-01,15,6,57,35,10,23912.07
202412,2024-12-01,16,6,63,20,12,16741.62
202412,2024-12-01,17,6,45,30,12,2713.5
202412,2024-12-01,18,6,27,35,10,11054.07
202412,2024-12-01,19,6,69,20,12,16771.14
202412,2024-12-01,20,6,27,35,10,17123.13
202412,2024-12-01,21,6,77,25,15,30959.39
202412,2024-12-01,22,6,90,25,18,7442.1
202412,2024-12-01,23,6,67,30,15,41988.23
202412,2024-12-01,24,6,43,30,18,10912.54
202412,2024-12-01,25,6,44,30,12,21341.32
202412,2024-12-01,26,6,54,25,10,10652.58
202412,2024-12-01,27,6,49,30,10,17121.58
202412,2024-12-01,28,6,27,25,10,15406.74
202412,2024-12-01,29,6,58,25,18,3714.32
202412,2024-12-01,30,6,57,20,18,27198.69
202412,2024-12-01,31,6,22,20,15,2049.74
202412,2024-12-01,32,6,45,25,18,8723.7
202412,2024-12-01,33,6,41,25,18,24002.22
202412,2024-12-01,34,6,47,30,10,18638.79
202412,2024-12-01,35,6,33,25,10,8746.65
202412,2024-12-01,36,6,41,35,10,5624.38
202412,2024-12-01,37,6,45,35,18,12474.9
202412,2024-12-01,38,6,38,20,18,6580.46
202412,2024-12-01,39,6,38,25,12,10553.74
202412,2024-12-01,40,6,37,25,15,12834.19
202412,2024-12-01,41,6,65,20,15,10073.7
202412,2024-12-01,42,6,59,30,15,4737.7
202412,2024-12-01,43,6,67,25,10,19069.54
202412,2024-12-01,44,6,67,25,15,4174.77
202412,2024-12-01,45,6,47,20,12,6132.09
202412,2024-12-01,46,6,77,20,10,9419.41
202412,2024-12-01,47,6,62,20,15,32948.04
202412,2024-12-01,48,6,28,35,18,10814.72
202412,2024-12-01,49,6,59,35,15,35617.71
202412,2024-12-01,50,6,73,35,15,18691.65
202412,2024-12-01,51,6,61,20,15,5563.81
202412,2024-12-01,52,6,68,35,15,40141.08
202412,2024-12-01,53,6,76,30,15,33563.12
202412,2024-12-01,54,6,72,35,12,7177.68
202412,2024-12-01,55,6,58,25,15,20636.4
202412,2024-12-01,56,6,51,35,10,17374.68
202412,2024-12-01,57,6,55,25,15,25104.75
202412,2024-12-01,58,6,70,35,18,26133.8
202412,2024-12-01,59,6,39,20,10,4033.38
202412,2024-12-01,60,6,78,20,10,27337.44
202412,2024-12-01,61,6,61,20,10,28739.54
202412,2024-12-01,62,6,54,20,12,7986.06
202412,2024-12-01,63,6,60,20,18,19236.0
202412,2024-12-01,64,6,62,25,10,20391.8
202412,2024-12-01,65,6,45,35,18,14323.5
202412,2024-12-01,66,6,69,30,10,40127.64
202412,2024-12-01,67,6,49,35,12,6116.67
202412,2024-12-01,68,6,85,35,10,36357.9
202412,2024-12-01,69,6,45,20,10,17871.3
202412,2024-12-01,70,6,77,30,18,35277.55
202412,2024-12-01,71,6,67,20,12,24802.06
202412,2024-12-01,72,6,67,20,10,24556.84
202412,2024-12-01,73,6,75,30,10,20256.75
202412,2024-12-01,74,6,74,35,10,31013.4
202412,2024-12-01,75,6,64,25,10,11243.52
202412,2024-12-01,76,6,64,35,18,28004.48
202412,2024-12-01,77,6,55,20,12,5512.65
202412,2024-12-01,78,6,96,20,18,35037.12
202412,2024-12-01,79,6,38,25,15,8027.88
202412,2024-12-01,80,6,44,20,10,20024.84
202412,2024-12-01,81,6,85,30,15,18896.35
202412,2024-12-01,82,6,60,30,18,28422.6
202412,2024-12-01,83,6,62,30,12,25371.02
202412,2024-12-01,84,6,34,35,12,14798.5
202412,2024-12-01,85,6,62,20,12,11729.16
202412,2024-12-01,86,6,37,20,10,21162.15
202412,2024-12-01,87,6,39,35,12,18033.6
202412,2024-12-01,88,6,82,30,15,12713.28
202412,2024-12-01,89,6,1,35,18,145.78
202412,2024-12-01,90,6,55,35,15,19757.65
202412,2024-12-01,91,6,75,35,10,34067.25
202412,2024-12-01,92,6,57,25,10,23196.72
202412,2024-12-01,93,6,58,20,15,19032.12
202412,2024-12-01,94,6,74,25,12,26389.14
202412,2024-12-01,95,6,63,35,12,11132.1
202412,2024-12-01,96,6,71,35,15,13101.63
202412,2024-12-01,97,6,71,35,18,27551.55
202412,2024-12-01,98,6,57,35,12,18295.86
202412,2024-12-01,99,6,59,20,15,24395.32
202412,2024-12-01,100,6,80,20,12,29467.2
202501,2025-01-01,1,1,83,25,18,17120.41
202501,2025-01-01,2,1,43,20,10,18428.08
202501,2025-01-01,3,1,39,20,15,14363.31
202501,2025-01-01,4,1,37,35,18,13578.63
202501,2025-01-01,5,1,35,35,10,18643.8
202501,2025-01-01,6,1,74,30,15,16815.02
202501,2025-01-01,7,1,67,20,10,13389.28
202501,2025-01-01,8,1,45,20,10,13935.6
202501,2025-01-01,9,1,90,35,18,9698.4
202501,2025-01-01,10,1,57,35,10,25783.95
202501,2025-01-01,11,1,59,30,10,31292.42
202501,2025-01-01,12,1,46,20,15,3223.68
202501,2025-01-01,13,1,82,25,10,11484.1
202501,2025-01-01,14,1,79,30,10,6896.7
202501,2025-01-01,15,1,27,30,12,11326.77
202501,2025-01-01,16,1,59,20,15,15678.66
202501,2025-01-01,17,1,80,25,10,4824.0
202501,2025-01-01,18,1,52,30,10,21289.32
202501,2025-01-01,19,1,51,30,18,12396.06
202501,2025-01-01,20,1,56,35,18,35514.64
202501,2025-01-01,21,1,14,25,10,5628.98
202501,2025-01-01,22,1,47,25,18,3886.43
202501,2025-01-01,23,1,83,35,10,52015.27
202501,2025-01-01,24,1,43,35,18,10912.54
202501,2025-01-01,25,1,71,30,10,34437.13
202501,2025-01-01,26,1,65,35,18,12822.55
202501,2025-01-01,27,1,79,20,12,27604.18
202501,2025-01-01,28,1,45,25,18,25677.9
202501,2025-01-01,29,1,77,30,10,4931.08
202501,2025-01-01,30,1,114,35,18,54397.38
202501,2025-01-01,31,1,66,30,12,6149.22
202501,2025-01-01,32,1,73,25,12,14151.78
202501,2025-01-01,33,1,85,30,18,49760.7
202501,2025-01-01,34,1,42,25,12,16655.94
202501,2025-01-01,35,1,24,30,10,6361.2
202501,2025-01-01,36,1,25,35,10,3429.5
202501,2025-01-01,37,1,86,20,15,23840.92
202501,2025-01-01,38,1,47,25,18,8138.99
202501,2025-01-01,39,1,65,25,10,18052.45
202501,2025-01-01,40,1,51,25,18,17690.37
202501,2025-01-01,41,1,76,20,18,11778.48
202501,2025-01-01,42,1,78,25,10,6263.4
202501,2025-01-01,43,1,56,20,18,15938.72
202501,2025-01-01,44,1,79,20,12,4922.49
202501,2025-01-01,45,1,79,20,15,10307.13
202501,2025-01-01,46,1,59,20,10,7217.47
202501,2025-01-01,47,1,47,25,15,24976.74
202501,2025-01-01,48,1,63,35,12,24333.12
202501,2025-01-01,49,1,75,20,10,45276.75
202501,2025-01-01,50,1,85,35,10,21764.25
202501,2025-01-01,51,1,54,30,10,4925.34
202501,2025-01-01,52,1,46,20,18,27154.26
202501,2025-01-01,53,1,75,30,15,33121.5
202501,2025-01-01,54,1,74,25,12,7377.06
202501,2025-01-01,55,1,53,20,18,18857.4
202501,2025-01-01,56,1,91,30,12,31001.88
202501,2025-01-01,57,1,38,35,15,17345.1
202501,2025-01-01,58,1,53,35,10,19787.02
202501,2025-01-01,59,1,73,25,10,7549.66
202501,2025-01-01,60,1,66,20,15,23131.68
202501,2025-01-01,61,1,64,20,18,30152.96
202501,2025-01-01,62,1,82,35,15,12126.98
202501,2025-01-01,63,1,98,35,10,31418.8
202501,2025-01-01,64,1,76,25,12,24996.4
202501,2025-01-01,65,1,89,35,10,28328.7
202501,2025-01-01,66,1,62,30,18,36056.72
202501,2025-01-01,67,1,65,20,10,8113.95
202501,2025-01-01,68,1,60,25,18,25664.4
202501,2025-01-01,69,1,35,30,12,13899.9
202501,2025-01-01,70,1,98,35,12,44898.7
202501,2025-01-01,71,1,76,35,18,28133.68
202501,2025-01-01,72,1,69,35,10,25289.88
202501,2025-01-01,73,1,65,30,10,17555.85
202501,2025-01-01,74,1,93,30,12,38976.3
202501,2025-01-01,75,1,61,20,15,10716.48
202501,2025-01-01,76,1,90,20,18,39381.3
202501,2025-01-01,77,1,67,20,15,6715.41
202501,2025-01-01,78,1,68,35,10,24817.96
202501,2025-01-01,79,1,82,35,12,17323.32
202501,2025-01-01,80,1,53,25,18,24120.83
202501,2025-01-01,81,1,64,30,12,14227.84
202501,2025-01-01,82,1,103,30,18,48792.13
202501,2025-01-01,83,1,53,30,10,21688.13
202501,2025-01-01,84,1,94,35,18,40913.5
202501,2025-01-01,85,1,94,25,15,17782.92
202501,2025-01-01,86,1,67,20,18,38320.65
202501,2025-01-01,87,1,90,30,18,41616.0
202501,2025-01-01,88,1,76,35,12,11783.04
202501,2025-01-01,89,1,88,30,18,12828.64
202501,2025-01-01,90,1,48,20,15,17243.04
202501,2025-01-01,91,1,81,35,15,36792.63
202501,2025-01-01,92,1,69,25,10,28080.24
202501,2025-01-01,93,1,72,35,10,23626.08
202501,2025-01-01,94,1,78,25,15,27815.58
202501,2025-01-01,95,1,75,20,18,13252.5
202501,2025-01-01,96,1,53,25,12,9780.09
202501,2025-01-01,97,1,60,30,12,23283.0
202501,2025-01-01,98,1,100,35,15,32098.0
202501,2025-01-01,99,1,24,25,10,9923.52
202501,2025-01-01,100,1,95,25,15,34992.3
202501,2025-01-01,1,2,67,35,12,13820.09
202501,2025-01-01,2,2,47,20,18,20142.32
202501,2025-01-01,3,2,49,25,15,18046.21
202501,2025-01-01,4,2,76,35,18,27891.24
202501,2025-01-01,5,2,57,25,18,30362.76
202501,2025-01-01,6,2,35,20,18,7953.05
202501,2025-01-01,7,2,54,20,10,10791.36
202501,2025-01-01,8,2,44,20,15,13625.92
202501,2025-01-01,9,2,55,20,12,5926.8
202501,2025-01-01,10,2,31,20,12,14022.85
202501,2025-01-01,11,2,44,30,12,23336.72
202501,2025-01-01,12,2,43,25,18,3013.44
202501,2025-01-01,13,2,42,20,12,5882.1
202501,2025-01-01,14,2,40,25,18,3492.0
202501,2025-01-01,15,2,64,35,10,26848.64
202501,2025-01-01,16,2,43,30,12,11426.82
202501,2025-01-01,17,2,53,25,10,3195.9
202501,2025-01-01,18,2,20,30,15,8188.2
202501,2025-01-01,19,2,54,20,18,13125.24
202501,2025-01-01,20,2,25,30,10,15854.75
202501,2025-01-01,21,2,67,25,15,26938.69
202501,2025-01-01,22,2,73,30,15,6036.37
202501,2025-01-01,23,2,84,35,12,52641.96
202501,2025-01-01,24,2,27,30,10,6852.06
202501,2025-01-01,25,2,55,20,18,26676.65
202501,2025-01-01,26,2,45,30,10,8877.15
202501,2025-01-01,27,2,35,25,15,12229.7
202501,2025-01-01,28,2,74,30,10,42225.88
202501,2025-01-01,29,2,78,35,18,4995.12
202501,2025-01-01,30,2,37,20,18,17655.29
202501,2025-01-01,31,2,69,35,10,6428.73
202501,2025-01-01,32,2,69,25,15,13376.34
202501,2025-01-01,33,2,64,20,10,37466.88
202501,2025-01-01,34,2,59,35,18,23397.63
202501,2025-01-01,35,2,53,25,10,14047.65
202501,2025-01-01,36,2,4,30,10,548.72
202501,2025-01-01,37,2,39,35,15,10811.58
202501,2025-01-01,38,2,70,35,10,12121.9
202501,2025-01-01,39,2,53,25,15,14719.69
202501,2025-01-01,40,2,35,25,18,12140.45
202501,2025-01-01,41,2,80,35,15,12398.4
202501,2025-01-01,42,2,79,35,12,6343.7
202501,2025-01-01,43,2,35,35,18,9961.7
202501,2025-01-01,44,2,82,30,18,5109.42
202501,2025-01-01,45,2,49,30,10,6393.03
202501,2025-01-01,46,2,91,30,15,11132.03
202501,2025-01-01,47,2,85,30,15,45170.7
202501,2025-01-01,48,2,84,20,10,32444.16
202501,2025-01-01,49,2,106,20,12,63991.14
202501,2025-01-01,50,2,104,25,10,26629.2
202501,2025-01-01,51,2,73,35,15,6658.33
202501,2025-01-01,52,2,60,25,18,35418.6
202501,2025-01-01,53,2,90,20,15,39745.8
202501,2025-01-01,54,2,60,20,10,5981.4
202501,2025-01-01,55,2,64,35,10,22771.2
202501,2025-01-01,56,2,70,35,10,23847.6
202501,2025-01-01,57,2,99,25,18,45188.55
202501,2025-01-01,58,2,59,25,18,22027.06
202501,2025-01-01,59,2,43,30,12,4447.06
202501,2025-01-01,60,2,89,35,12,31192.72
202501,2025-01-01,61,2,91,20,15,42873.74
202501,2025-01-01,62,2,65,30,15,9612.85
202501,2025-01-01,63,2,104,20,18,33342.4
202501,2025-01-01,64,2,67,35,10,22036.3
202501,2025-01-01,65,2,34,20,10,10822.2
202501,2025-01-01,66,2,81,30,12,47106.36
202501,2025-01-01,67,2,69,30,15,8613.27
202501,2025-01-01,68,2,73,25,10,31225.02
202501,2025-01-01,69,2,69,30,18,27402.66
202501,2025-01-01,70,2,70,35,15,32070.5
202501,2025-01-01,71,2,101,35,18,37388.18
202501,2025-01-01,72,2,76,35,18,27855.52
202501,2025-01-01,73,2,70,20,15,18906.3
202501,2025-01-01,74,2,121,35,15,50711.1
202501,2025-01-01,75,2,55,25,10,9662.4
202501,2025-01-01,76,2,51,30,15,22316.07
202501,2025-01-01,77,2,71,35,15,7116.33
202501,2025-01-01,78,2,67,35,18,24452.99
202501,2025-01-01,79,2,80,30,10,16900.8
202501,2025-01-01,80,2,66,35,15,30037.26
202501,2025-01-01,81,2,68,30,12,15117.08
202501,2025-01-01,82,2,106,25,10,50213.26
202501,2025-01-01,83,2,49,35,12,20051.29
202501,2025-01-01,84,2,66,25,15,28726.5
202501,2025-01-01,85,2,70,30,18,13242.6
202501,2025-01-01,86,2,81,35,12,46327.95
202501,2025-01-01,87,2,67,25,18,30980.8
202501,2025-01-01,88,2,59,30,15,9147.36
202501,2025-01-01,89,2,74,20,10,10787.72
202501,2025-01-01,90,2,80,35,15,28738.4
202501,2025-01-01,91,2,61,30,12,27708.03
202501,2025-01-01,92,2,68,20,10,27673.28
202501,2025-01-01,93,2,45,35,12,14766.3
202501,2025-01-01,94,2,88,25,10,31381.68
202501,2025-01-01,95,2,70,25,12,12369.0
202501,2025-01-01,96,2,77,30,12,14208.81
202501,2025-01-01,97,2,98,35,18,38028.9
202501,2025-01-01,98,2,64,35,18,20542.72
202501,2025-01-01,99,2,81,30,18,33491.88
202501,2025-01-01,100,2,70,25,15,25783.8
202501,2025-01-01,1,3,82,20,18,16914.14
202501,2025-01-01,2,3,53,20,10,22713.68
202501,2025-01-01,3,3,42,20,12,15468.18
202501,2025-01-01,4,3,45,30,10,16514.55
202501,2025-01-01,5,3,58,20,15,30895.44
202501,2025-01-01,6,3,44,30,18,9998.12
202501,2025-01-01,7,3,66,20,10,13189.44
202501,2025-01-01,8,3,70,20,10,21677.6
202501,2025-01-01,9,3,49,35,18,5280.24
202501,2025-01-01,10,3,41,35,18,18546.35
202501,2025-01-01,11,3,42,25,12,22275.96
202501,2025-01-01,12,3,94,20,12,6587.52
202501,2025-01-01,13,3,47,30,18,6582.35
202501,2025-01-01,14,3,41,20,15,3579.3
202501,2025-01-01,15,3,69,35,12,28946.19
202501,2025-01-01,16,3,48,35,15,12755.52
202501,2025-01-01,17,3,46,25,18,2773.8
202501,2025-01-01,18,3,78,20,12,31933.98
202501,2025-01-01,19,3,58,20,12,14097.48
202501,2025-01-01,20,3,40,20,12,25367.6
202501,2025-01-01,21,3,25,30,12,10051.75
202501,2025-01-01,22,3,33,35,15,2728.77
202501,2025-01-01,23,3,74,25,18,46375.06
202501,2025-01-01,24,3,80,30,18,20302.4
202501,2025-01-01,25,3,31,20,18,15035.93
202501,2025-01-01,26,3,56,30,12,11047.12
202501,2025-01-01,27,3,60,30,15,20965.2
202501,2025-01-01,28,3,53,25,15,30242.86
202501,2025-01-01,29,3,17,25,10,1088.68
202501,2025-01-01,30,3,57,25,15,27198.69
202501,2025-01-01,31,3,57,30,15,5310.69
202501,2025-01-01,32,3,35,30,10,6785.1
202501,2025-01-01,33,3,75,20,18,43906.5
202501,2025-01-01,34,3,54,30,15,21414.78
202501,2025-01-01,35,3,31,30,15,8216.55
202501,2025-01-01,36,3,73,35,15,10014.14
202501,2025-01-01,37,3,41,25,12,11366.02
202501,2025-01-01,38,3,59,20,10,10217.03
202501,2025-01-01,39,3,43,25,12,11942.39
202501,2025-01-01,40,3,56,25,18,19424.72
202501,2025-01-01,41,3,35,30,18,5424.3
202501,2025-01-01,42,3,94,20,18,7548.2
202501,2025-01-01,43,3,81,35,18,23054.22
202501,2025-01-01,44,3,119,25,12,7414.89
202501,2025-01-01,45,3,105,30,12,13699.35
202501,2025-01-01,46,3,71,35,12,8685.43
202501,2025-01-01,47,3,82,20,12,43576.44
202501,2025-01-01,48,3,53,35,12,20470.72
202501,2025-01-01,49,3,81,20,18,48898.89
202501,2025-01-01,50,3,76,30,10,19459.8
202501,2025-01-01,51,3,67,20,10,6111.07
202501,2025-01-01,52,3,76,35,12,44863.56
202501,2025-01-01,53,3,72,20,15,31796.64
202501,2025-01-01,54,3,66,30,12,6579.54
202501,2025-01-01,55,3,83,20,18,29531.4
202501,2025-01-01,56,3,89,25,15,30320.52
202501,2025-01-01,57,3,69,25,15,31495.05
202501,2025-01-01,58,3,81,25,15,30240.54
202501,2025-01-01,59,3,54,25,15,5584.68
202501,2025-01-01,60,3,55,20,10,19276.4
202501,2025-01-01,61,3,77,20,10,36277.78
202501,2025-01-01,62,3,78,35,18,11535.42
202501,2025-01-01,63,3,81,35,15,25968.6
202501,2025-01-01,64,3,52,20,18,17102.8
202501,2025-01-01,65,3,78,30,12,24827.4
202501,2025-01-01,66,3,58,30,15,33730.48
202501,2025-01-01,67,3,75,30,15,9362.25
202501,2025-01-01,68,3,87,30,15,37213.38
202501,2025-01-01,69,3,89,35,10,35345.46
202501,2025-01-01,70,3,68,25,15,31154.2
202501,2025-01-01,71,3,52,20,18,19249.36
202501,2025-01-01,72,3,81,25,18,29688.12
202501,2025-01-01,73,3,89,20,10,24038.01
202501,2025-01-01,74,3,87,30,12,36461.7
202501,2025-01-01,75,3,49,20,12,8608.32
202501,2025-01-01,76,3,29,35,15,12689.53
202501,2025-01-01,77,3,71,35,18,7116.33
202501,2025-01-01,78,3,47,25,10,17153.59
202501,2025-01-01,79,3,39,30,15,8239.14
202501,2025-01-01,80,3,37,35,12,16839.07
202501,2025-01-01,81,3,86,35,10,19118.66
202501,2025-01-01,82,3,52,30,18,24632.92
202501,2025-01-01,83,3,61,25,15,24961.81
202501,2025-01-01,84,3,89,35,12,38737.25
202501,2025-01-01,85,3,97,20,10,18350.46
202501,2025-01-01,86,3,71,35,15,40608.45
202501,2025-01-01,87,3,102,25,15,47164.8
202501,2025-01-01,88,3,120,25,12,18604.8
202501,2025-01-01,89,3,77,25,18,11225.06
202501,2025-01-01,90,3,96,25,12,34486.08
202501,2025-01-01,91,3,86,25,10,39063.78
202501,2025-01-01,92,3,81,25,10,32963.76
202501,2025-01-01,93,3,76,35,10,24938.64
202501,2025-01-01,94,3,64,35,12,22823.04
202501,2025-01-01,95,3,97,25,12,17139.9
202501,2025-01-01,96,3,92,20,12,16976.76
202501,2025-01-01,97,3,55,25,12,21342.75
202501,2025-01-01,98,3,113,20,10,36270.74
202501,2025-01-01,99,3,67,20,10,27703.16
202501,2025-01-01,100,3,84,25,12,30940.56
202501,2025-01-01,1,4,25,25,10,5156.75
202501,2025-01-01,2,4,33,20,10,14142.48
202501,2025-01-01,3,4,80,35,18,29463.2
202501,2025-01-01,4,4,46,35,18,16881.54
202501,2025-01-01,5,4,43,20,10,22905.24
202501,2025-01-01,6,4,44,20,18,9998.12
202501,2025-01-01,7,4,33,35,10,6594.72
202501,2025-01-01,8,4,35,20,10,10838.8
202501,2025-01-01,9,4,61,30,12,6573.36
202501,2025-01-01,10,4,55,30,18,24879.25
202501,2025-01-01,11,4,65,20,15,34474.7
202501,2025-01-01,12,4,51,20,12,3574.08
202501,2025-01-01,13,4,74,30,15,10363.7
202501,2025-01-01,14,4,49,25,10,4277.7
202501,2025-01-01,15,4,46,20,18,19297.46
202501,2025-01-01,16,4,44,30,18,11692.56
202501,2025-01-01,17,4,73,25,12,4401.9
202501,2025-01-01,18,4,76,30,15,31115.16
202501,2025-01-01,19,4,72,35,15,17500.32
202501,2025-01-01,20,4,19,20,10,12049.61
202501,2025-01-01,21,4,36,20,12,14474.52
202501,2025-01-01,22,4,51,20,18,4217.19
202501,2025-01-01,23,4,76,35,12,47628.44
202501,2025-01-01,24,4,41,20,15,10404.98
202501,2025-01-01,25,4,30,30,15,14550.9
202501,2025-01-01,26,4,24,35,18,4734.48
202501,2025-01-01,27,4,34,20,15,11880.28
202501,2025-01-01,28,4,29,20,10,16547.98
202501,2025-01-01,29,4,11,35,18,704.44
202501,2025-01-01,30,4,63,35,18,30061.71
202501,2025-01-01,31,4,84,30,10,7826.28
202501,2025-01-01,32,4,45,20,10,8723.7
202501,2025-01-01,33,4,69,35,15,40393.98
202501,2025-01-01,34,4,95,30,10,37674.15
202501,2025-01-01,35,4,54,20,12,14312.7
202501,2025-01-01,36,4,28,30,10,3841.04
202501,2025-01-01,37,4,35,35,15,9702.7
202501,2025-01-01,38,4,40,20,18,6926.8
202501,2025-01-01,39,4,57,30,18,15830.61
202501,2025-01-01,40,4,85,20,10,29483.95
202501,2025-01-01,41,4,68,30,12,10538.64
202501,2025-01-01,42,4,110,35,18,8833.0
202501,2025-01-01,43,4,54,25,15,15369.48
202501,2025-01-01,44,4,63,25,18,3925.53
202501,2025-01-01,45,4,28,35,12,3653.16
202501,2025-01-01,46,4,67,35,18,8196.11
202501,2025-01-01,47,4,62,20,12,32948.04
202501,2025-01-01,48,4,76,35,10,29354.24
202501,2025-01-01,49,4,39,35,18,23543.91
202501,2025-01-01,50,4,91,20,15,23300.55
202501,2025-01-01,51,4,25,20,15,2280.25
202501,2025-01-01,52,4,76,35,12,44863.56
202501,2025-01-01,53,4,70,30,18,30913.4
202501,2025-01-01,54,4,68,20,18,6778.92
202501,2025-01-01,55,4,103,35,10,36647.4
202501,2025-01-01,56,4,35,25,12,11923.8
202501,2025-01-01,57,4,58,20,10,26474.1
202501,2025-01-01,58,4,54,25,18,20160.36
202501,2025-01-01,59,4,82,30,18,8480.44
202501,2025-01-01,60,4,55,25,18,19276.4
202501,2025-01-01,61,4,103,20,15,48527.42
202501,2025-01-01,62,4,82,20,10,12126.98
202501,2025-01-01,63,4,79,30,12,25327.4
202501,2025-01-01,64,4,61,20,18,20062.9
202501,2025-01-01,65,4,71,30,15,22599.3
202501,2025-01-01,66,4,71,30,10,41290.76
202501,2025-01-01,67,4,78,35,18,9736.74
202501,2025-01-01,68,4,38,35,15,16254.12
202501,2025-01-01,69,4,41,20,12,16282.74
202501,2025-01-01,70,4,87,35,15,39859.05
202501,2025-01-01,71,4,71,35,12,26282.78
202501,2025-01-01,72,4,75,20,10,27489.0
202501,2025-01-01,73,4,90,25,15,24308.1
202501,2025-01-01,74,4,52,20,18,21793.2
202501,2025-01-01,75,4,54,25,18,9486.72
202501,2025-01-01,76,4,64,30,12,28004.48
202501,2025-01-01,77,4,47,25,12,4710.81
202501,2025-01-01,78,4,53,35,15,19343.41
202501,2025-01-01,79,4,69,20,18,14576.94
202501,2025-01-01,80,4,105,20,15,47786.55
202501,2025-01-01,81,4,88,30,15,19563.28
202501,2025-01-01,82,4,85,25,10,40265.35
202501,2025-01-01,83,4,98,30,15,40102.58
202501,2025-01-01,84,4,47,30,18,20456.75
202501,2025-01-01,85,4,75,20,15,14188.5
202501,2025-01-01,86,4,47,35,12,26881.65
202501,2025-01-01,87,4,72,20,12,33292.8
202501,2025-01-01,88,4,78,25,15,12093.12
202501,2025-01-01,89,4,67,35,10,9767.26
202501,2025-01-01,90,4,60,20,10,21553.8
202501,2025-01-01,91,4,112,20,18,50873.76
202501,2025-01-01,92,4,86,25,15,34998.56
202501,2025-01-01,93,4,94,35,15,30845.16
202501,2025-01-01,94,4,91,20,18,32451.51
202501,2025-01-01,95,4,87,25,12,15372.9
202501,2025-01-01,96,4,92,25,15,16976.76
202501,2025-01-01,97,4,85,35,12,32984.25
202501,2025-01-01,98,4,100,25,15,32098.0
202501,2025-01-01,99,4,15,30,10,6202.2
202501,2025-01-01,100,4,72,20,10,26520.48
202501,2025-01-01,1,5,39,35,12,8044.53
202501,2025-01-01,2,5,46,25,15,19713.76
202501,2025-01-01,3,5,46,35,12,16941.34
202501,2025-01-01,4,5,72,20,12,26423.28
202501,2025-01-01,5,5,65,35,10,34624.2
202501,2025-01-01,6,5,49,35,15,11134.27
202501,2025-01-01,7,5,75,20,18,14988.0
202501,2025-01-01,8,5,76,20,10,23535.68
202501,2025-01-01,9,5,64,30,10,6896.64
202501,2025-01-01,10,5,64,20,10,28950.4
202501,2025-01-01,11,5,22,30,10,11668.36
202501,2025-01-01,12,5,77,25,18,5396.16
202501,2025-01-01,13,5,46,20,10,6442.3
202501,2025-01-01,14,5,31,30,12,2706.3
202501,2025-01-01,15,5,71,35,10,29785.21
202501,2025-01-01,16,5,59,20,15,15678.66
202501,2025-01-01,17,5,61,25,18,3678.3
202501,2025-01-01,18,5,100,20,12,40941.0
202501,2025-01-01,19,5,56,25,10,13611.36
202501,2025-01-01,20,5,83,20,18,52637.77
202501,2025-01-01,21,5,65,20,18,26134.55
202501,2025-01-01,22,5,47,30,10,3886.43
202501,2025-01-01,23,5,82,20,18,51388.58
202501,2025-01-01,24,5,46,30,10,11673.88
202501,2025-01-01,25,5,64,30,15,31041.92
202501,2025-01-01,26,5,35,30,12,6904.45
202501,2025-01-01,27,5,40,25,18,13976.8
202501,2025-01-01,28,5,50,35,12,28531.0
202501,2025-01-01,29,5,32,35,15,2049.28
202501,2025-01-01,30,5,70,25,15,33401.9
202501,2025-01-01,31,5,22,30,18,2049.74
202501,2025-01-01,32,5,37,20,18,7172.82
202501,2025-01-01,33,5,82,20,12,48004.44
202501,2025-01-01,34,5,62,35,12,24587.34
202501,2025-01-01,35,5,35,30,10,9276.75
202501,2025-01-01,36,5,86,25,10,11797.48
202501,2025-01-01,37,5,81,20,15,22454.82
202501,2025-01-01,38,5,48,30,10,8312.16
202501,2025-01-01,39,5,81,25,15,22496.13
202501,2025-01-01,40,5,47,35,12,16302.89
202501,2025-01-01,41,5,86,25,10,13328.28
202501,2025-01-01,42,5,48,35,15,3854.4
202501,2025-01-01,43,5,76,25,15,21631.12
202501,2025-01-01,44,5,88,35,15,5483.28
202501,2025-01-01,45,5,83,25,15,10829.01
202501,2025-01-01,46,5,58,25,18,7095.14
202501,2025-01-01,47,5,79,20,18,41982.18
202501,2025-01-01,48,5,97,30,18,37465.28
202501,2025-01-01,49,5,73,20,18,44069.37
202501,2025-01-01,50,5,65,35,12,16643.25
202501,2025-01-01,51,5,62,25,15,5655.02
202501,2025-01-01,52,5,79,30,12,46634.49
202501,2025-01-01,53,5,86,30,12,37979.32
202501,2025-01-01,54,5,62,30,12,6180.78
202501,2025-01-01,55,5,72,35,15,25617.6
202501,2025-01-01,56,5,71,35,12,24188.28
202501,2025-01-01,57,5,58,20,15,26474.1
202501,2025-01-01,58,5,84,30,10,31360.56
202501,2025-01-01,59,5,72,35,18,7446.24
202501,2025-01-01,60,5,96,30,10,33646.08
202501,2025-01-01,61,5,41,35,15,19316.74
202501,2025-01-01,62,5,62,35,15,9169.18
202501,2025-01-01,63,5,49,30,10,15709.4
202501,2025-01-01,64,5,73,30,18,24009.7
202501,2025-01-01,65,5,32,25,12,10185.6
202501,2025-01-01,66,5,80,25,10,46524.8
202501,2025-01-01,67,5,67,20,15,8363.61
202501,2025-01-01,68,5,71,30,10,30369.54
202501,2025-01-01,69,5,79,20,18,31374.06
202501,2025-01-01,70,5,63,30,10,28863.45
202501,2025-01-01,71,5,70,20,12,25912.6
202501,2025-01-01,72,5,64,20,10,23457.28
202501,2025-01-01,73,5,80,20,18,21607.2
202501,2025-01-01,74,5,66,35,10,27660.6
202501,2025-01-01,75,5,98,20,12,17216.64
202501,2025-01-01,76,5,80,30,15,35005.6
202501,2025-01-01,77,5,63,35,18,6314.49
202501,2025-01-01,78,5,72,20,12,26277.84
202501,2025-01-01,79,5,65,25,10,13731.9
202501,2025-01-01,80,5,61,35,15,27761.71
202501,2025-01-01,81,5,69,25,15,15339.39
202501,2025-01-01,82,5,66,30,10,31264.86
202501,2025-01-01,83,5,84,25,10,34373.64
202501,2025-01-01,84,5,50,20,12,21762.5
202501,2025-01-01,85,5,70,25,18,13242.6
202501,2025-01-01,86,5,106,30,15,60626.7
202501,2025-01-01,87,5,91,20,10,42078.4
202501,2025-01-01,88,5,44,25,18,6821.76
202501,2025-01-01,89,5,34,20,10,4956.52
202501,2025-01-01,90,5,65,30,10,23349.95
202501,2025-01-01,91,5,80,30,12,36338.4
202501,2025-01-01,92,5,62,25,15,25231.52
202501,2025-01-01,93,5,78,30,18,25594.92
202501,2025-01-01,94,5,54,30,10,19256.94
202501,2025-01-01,95,5,106,35,15,18730.2
202501,2025-01-01,96,5,61,20,18,11256.33
202501,2025-01-01,97,5,52,20,18,20178.6
202501,2025-01-01,98,5,89,25,12,28567.22
202501,2025-01-01,99,5,79,35,10,32664.92
202501,2025-01-01,100,5,59,30,15,21732.06
202501,2025-01-01,1,6,50,20,12,10313.5
202501,2025-01-01,2,6,62,20,10,26570.72
202501,2025-01-01,3,6,38,20,18,13995.02
202501,2025-01-01,4,6,35,30,12,12844.65
202501,2025-01-01,5,6,59,30,10,31428.12
202501,2025-01-01,6,6,36,25,10,8180.28
202501,2025-01-01,7,6,77,20,15,15387.68
202501,2025-01-01,8,6,40,30,12,12387.2
202501,2025-01-01,9,6,74,20,12,7974.24
202501,2025-01-01,10,6,53,35,10,23974.55
202501,2025-01-01,11,6,33,30,10,17502.54
202501,2025-01-01,12,6,48,20,15,3363.84
202501,2025-01-01,13,6,39,20,12,5461.95
202501,2025-01-01,14,6,58,30,12,5063.4
202501,2025-01-01,15,6,51,30,15,21395.01
202501,2025-01-01,16,6,70,25,15,18601.8
202501,2025-01-01,17,6,55,30,12,3316.5
202501,2025-01-01,18,6,92,20,15,37665.72
202501,2025-01-01,19,6,40,35,10,9722.4
202501,2025-01-01,20,6,46,20,10,29172.74
202501,2025-01-01,21,6,69,35,18,27742.83
202501,2025-01-01,22,6,42,20,10,3472.98
202501,2025-01-01,23,6,21,35,18,13160.49
202501,2025-01-01,24,6,42,20,10,10658.76
202501,2025-01-01,25,6,15,35,18,7275.45
202501,2025-01-01,26,6,43,35,15,8482.61
202501,2025-01-01,27,6,65,20,12,22712.3
202501,2025-01-01,28,6,90,35,15,51355.8
202501,2025-01-01,29,6,57,25,12,3650.28
202501,2025-01-01,30,6,0,25,15,0.0
202501,2025-01-01,31,6,50,30,15,4658.5
202501,2025-01-01,32,6,76,25,10,14733.36
202501,2025-01-01,33,6,40,20,18,23416.8
202501,2025-01-01,34,6,45,35,18,17845.65
202501,2025-01-01,35,6,77,35,12,20408.85
202501,2025-01-01,36,6,31,30,15,4252.58
202501,2025-01-01,37,6,76,20,12,21068.72
202501,2025-01-01,38,6,76,25,15,13160.92
202501,2025-01-01,39,6,66,20,10,18330.18
202501,2025-01-01,40,6,66,35,12,22893.42
202501,2025-01-01,41,6,66,35,15,10228.68
202501,2025-01-01,42,6,57,30,12,4577.1
202501,2025-01-01,43,6,81,35,12,23054.22
202501,2025-01-01,44,6,60,30,10,3738.6
202501,2025-01-01,45,6,44,35,15,5740.68
202501,2025-01-01,46,6,84,25,10,10275.72
202501,2025-01-01,47,6,40,25,12,21256.8
202501,2025-01-01,48,6,95,25,12,36692.8
202501,2025-01-01,49,6,58,30,15,35014.02
202501,2025-01-01,50,6,39,20,10,9985.95
202501,2025-01-01,51,6,94,20,10,8573.74
202501,2025-01-01,52,6,57,20,18,33647.67
202501,2025-01-01,53,6,76,20,15,33563.12
202501,2025-01-01,54,6,48,25,10,4785.12
202501,2025-01-01,55,6,53,35,15,18857.4
202501,2025-01-01,56,6,104,25,10,35430.72
202501,2025-01-01,57,6,59,25,10,26930.55
202501,2025-01-01,58,6,61,20,18,22773.74
202501,2025-01-01,59,6,84,35,18,8687.28
202501,2025-01-01,60,6,87,25,12,30491.76
202501,2025-01-01,61,6,65,20,15,30624.1
202501,2025-01-01,62,6,105,30,18,15528.45
202501,2025-01-01,63,6,80,30,18,25648.0
202501,2025-01-01,64,6,90,30,12,29601.0
202501,2025-01-01,65,6,83,20,12,26418.9
202501,2025-01-01,66,6,88,35,15,51177.28
202501,2025-01-01,67,6,71,25,18,8862.93
202501,2025-01-01,68,6,40,20,12,17109.6
202501,2025-01-01,69,6,48,25,18,19062.72
202501,2025-01-01,70,6,74,25,10,33903.1
202501,2025-01-01,71,6,82,25,18,30354.76
202501,2025-01-01,72,6,72,30,15,26389.44
202501,2025-01-01,73,6,60,25,10,16205.4
202501,2025-01-01,74,6,81,30,18,33947.1
202501,2025-01-01,75,6,52,35,10,9135.36
202501,2025-01-01,76,6,51,25,10,22316.07
202501,2025-01-01,77,6,79,35,10,7918.17
202501,2025-01-01,78,6,93,20,15,33942.21
202501,2025-01-01,79,6,87,25,12,18379.62
202501,2025-01-01,80,6,62,20,12,28216.82
202501,2025-01-01,81,6,70,25,18,15561.7
202501,2025-01-01,82,6,79,25,10,37423.09
202501,2025-01-01,83,6,78,25,10,31918.38
202501,2025-01-01,84,6,58,30,10,25244.5
202501,2025-01-01,85,6,44,35,10,8323.92
202501,2025-01-01,86,6,62,30,10,35460.9
202501,2025-01-01,87,6,67,35,10,30980.8
202501,2025-01-01,88,6,55,20,18,8527.2
202501,2025-01-01,89,6,72,25,15,10496.16
202501,2025-01-01,90,6,64,30,10,22990.72
202501,2025-01-01,91,6,71,30,18,32250.33
202501,2025-01-01,92,6,59,35,12,24010.64
202501,2025-01-01,93,6,75,20,18,24610.5
202501,2025-01-01,94,6,81,20,10,28885.41
202501,2025-01-01,95,6,54,30,12,9541.8
202501,2025-01-01,96,6,68,35,12,12548.04
202501,2025-01-01,97,6,67,20,18,25999.35
202501,2025-01-01,98,6,92,25,18,29530.16
202501,2025-01-01,99,6,97,25,15,40107.56
202501,2025-01-01,100,6,47,30,15,17311.98
202502,2025-02-01,1,1,49,20,10,10107.23
202502,2025-02-01,2,1,63,25,12,26999.28
202502,2025-02-01,3,1,52,35,12,19151.08
202502,2025-02-01,4,1,65,20,10,23854.35
202502,2025-02-01,5,1,56,25,12,29830.08
202502,2025-02-01,6,1,50,30,12,11361.5
202502,2025-02-01,7,1,77,25,12,15387.68
202502,2025-02-01,8,1,63,25,10,19509.84
202502,2025-02-01,9,1,76,30,10,8189.76
202502,2025-02-01,10,1,82,30,15,37092.7
202502,2025-02-01,11,1,50,35,15,26519.0
202502,2025-02-01,12,1,57,25,12,3994.56
202502,2025-02-01,13,1,37,20,10,5181.85
202502,2025-02-01,14,1,43,35,15,3753.9
202502,2025-02-01,15,1,72,25,10,30204.72
202502,2025-02-01,16,1,37,25,10,9832.38
202502,2025-02-01,17,1,74,25,10,4462.2
202502,2025-02-01,18,1,53,25,10,21698.73
202502,2025-02-01,19,1,76,30,12,18472.56
202502,2025-02-01,20,1,32,25,12,20294.08
202502,2025-02-01,21,1,90,25,18,36186.3
202502,2025-02-01,22,1,39,35,15,3224.91
202502,2025-02-01,23,1,13,25,10,8146.97
202502,2025-02-01,24,1,66,25,15,16749.48
202502,2025-02-01,25,1,37,25,10,17946.11
202502,2025-02-01,26,1,91,25,10,17951.57
202502,2025-02-01,27,1,92,35,15,32146.64
202502,2025-02-01,28,1,18,20,18,10271.16
202502,2025-02-01,29,1,46,30,18,2945.84
202502,2025-02-01,30,1,50,25,10,23858.5
202502,2025-02-01,31,1,64,20,15,5962.88
202502,2025-02-01,32,1,41,25,18,7948.26
202502,2025-02-01,33,1,69,35,18,40393.98
202502,2025-02-01,34,1,32,30,18,12690.24
202502,2025-02-01,35,1,65,20,12,17228.25
202502,2025-02-01,36,1,36,25,10,4938.48
202502,2025-02-01,37,1,56,20,12,15524.32
202502,2025-02-01,38,1,47,20,18,8138.99
202502,2025-02-01,39,1,13,20,18,3610.49
202502,2025-02-01,40,1,62,30,18,21505.94
202502,2025-02-01,41,1,68,20,12,10538.64
202502,2025-02-01,42,1,105,25,10,8431.5
202502,2025-02-01,43,1,61,20,15,17361.82
202502,2025-02-01,44,1,81,25,15,5047.11
202502,2025-02-01,45,1,71,20,18,9263.37
202502,2025-02-01,46,1,70,35,12,8563.1
202502,2025-02-01,47,1,78,25,10,41450.76
202502,2025-02-01,48,1,89,25,10,34375.36
202502,2025-02-01,49,1,64,35,18,38636.16
202502,2025-02-01,50,1,88,20,10,22532.4
202502,2025-02-01,51,1,55,30,18,5016.55
202502,2025-02-01,52,1,67,30,18,39550.77
202502,2025-02-01,53,1,61,35,18,26938.82
202502,2025-02-01,54,1,69,20,18,6878.61
202502,2025-02-01,55,1,72,25,18,25617.6
202502,2025-02-01,56,1,76,25,10,25891.68
202502,2025-02-01,57,1,75,35,15,34233.75
202502,2025-02-01,58,1,74,30,10,27627.16
202502,2025-02-01,59,1,84,30,15,8687.28
202502,2025-02-01,60,1,69,30,15,24183.12
202502,2025-02-01,61,1,75,20,18,35335.5
202502,2025-02-01,62,1,60,35,18,8873.4
202502,2025-02-01,63,1,63,25,15,20197.8
202502,2025-02-01,64,1,93,25,12,30587.7
202502,2025-02-01,65,1,94,35,15,29920.2
202502,2025-02-01,66,1,93,20,15,54085.08
202502,2025-02-01,67,1,28,35,12,3495.24
202502,2025-02-01,68,1,45,35,12,19248.3
202502,2025-02-01,69,1,86,25,12,34154.04
202502,2025-02-01,70,1,60,35,12,27489.0
202502,2025-02-01,71,1,91,35,10,33686.38
202502,2025-02-01,72,1,86,20,15,31520.72
202502,2025-02-01,73,1,83,25,15,22417.47
202502,2025-02-01,74,1,66,25,18,27660.6
202502,2025-02-01,75,1,83,25,15,14581.44
202502,2025-02-01,76,1,87,30,15,38068.59
202502,2025-02-01,77,1,90,25,10,9020.7
202502,2025-02-01,78,1,88,20,18,32117.36
202502,2025-02-01,79,1,93,20,18,19647.18
202502,2025-02-01,80,1,64,25,12,29127.04
202502,2025-02-01,81,1,86,30,10,19118.66
202502,2025-02-01,82,1,137,35,15,64898.27
202502,2025-02-01,83,1,61,25,12,24961.81
202502,2025-02-01,84,1,86,30,12,37431.5
202502,2025-02-01,85,1,70,25,15,13242.6
202502,2025-02-01,86,1,91,35,12,52047.45
202502,2025-02-01,87,1,62,30,10,28668.8
202502,2025-02-01,88,1,100,30,12,15504.0
202502,2025-02-01,89,1,99,25,12,14432.22
202502,2025-02-01,90,1,100,30,12,35923.0
202502,2025-02-01,91,1,75,20,12,34067.25
202502,2025-02-01,92,1,51,20,10,20754.96
202502,2025-02-01,93,1,70,30,18,22969.8
202502,2025-02-01,94,1,90,35,10,32094.9
202502,2025-02-01,95,1,86,30,15,15196.2
202502,2025-02-01,96,1,45,30,18,8303.85
202502,2025-02-01,97,1,64,35,15,24835.2
202502,2025-02-01,98,1,85,35,15,27283.3
202502,2025-02-01,99,1,92,35,18,38040.16
202502,2025-02-01,100,1,99,30,15,36465.66
202502,2025-02-01,1,2,60,25,15,12376.2
202502,2025-02-01,2,2,57,25,18,24427.92
202502,2025-02-01,3,2,57,30,18,20992.53
202502,2025-02-01,4,2,24,30,18,8807.76
202502,2025-02-01,5,2,36,35,18,19176.48
202502,2025-02-01,6,2,34,20,18,7725.82
202502,2025-02-01,7,2,49,25,15,9792.16
202502,2025-02-01,8,2,92,25,10,28490.56
202502,2025-02-01,9,2,88,25,15,9482.88
202502,2025-02-01,10,2,61,30,15,27593.35
202502,2025-02-01,11,2,66,20,10,35005.08
202502,2025-02-01,12,2,33,30,15,2312.64
202502,2025-02-01,13,2,36,20,15,5041.8
202502,2025-02-01,14,2,101,25,18,8817.3
202502,2025-02-01,15,2,40,25,15,16780.4
202502,2025-02-01,16,2,59,30,18,15678.66
202502,2025-02-01,17,2,52,35,15,3135.6
202502,2025-02-01,18,2,41,35,12,16785.81
202502,2025-02-01,19,2,36,20,12,8750.16
202502,2025-02-01,20,2,69,20,18,43759.11
202502,2025-02-01,21,2,85,30,12,34175.95
202502,2025-02-01,22,2,45,25,15,3721.05
202502,2025-02-01,23,2,89,20,15,55775.41
202502,2025-02-01,24,2,44,25,18,11166.32
202502,2025-02-01,25,2,35,20,15,16976.05
202502,2025-02-01,26,2,53,20,15,10455.31
202502,2025-02-01,27,2,65,25,12,22712.3
202502,2025-02-01,28,2,12,25,18,6847.44
202502,2025-02-01,29,2,27,20,15,1729.08
202502,2025-02-01,30,2,54,30,15,25767.18
202502,2025-02-01,31,2,31,25,10,2888.27
202502,2025-02-01,32,2,73,35,18,14151.78
202502,2025-02-01,33,2,73,25,18,42735.66
202502,2025-02-01,34,2,29,25,10,11500.53
202502,2025-02-01,35,2,26,20,10,6891.3
202502,2025-02-01,36,2,37,20,18,5075.66
202502,2025-02-01,37,2,61,30,12,16910.42
202502,2025-02-01,38,2,46,25,10,7965.82
202502,2025-02-01,39,2,23,20,15,6387.79
202502,2025-02-01,40,2,47,35,10,16302.89
202502,2025-02-01,41,2,73,30,15,11313.54
202502,2025-02-01,42,2,81,25,12,6504.3
202502,2025-02-01,43,2,37,30,15,10530.94
202502,2025-02-01,44,2,71,25,18,4424.01
202502,2025-02-01,45,2,65,35,15,8480.55
202502,2025-02-01,46,2,79,30,18,9664.07
202502,2025-02-01,47,2,74,20,10,39325.08
202502,2025-02-01,48,2,101,35,12,39010.24
202502,2025-02-01,49,2,84,25,10,50709.96
202502,2025-02-01,50,2,80,35,15,20484.0
202502,2025-02-01,51,2,66,25,12,6019.86
202502,2025-02-01,52,2,33,35,18,19480.23
202502,2025-02-01,53,2,48,35,12,21197.76
202502,2025-02-01,54,2,83,35,18,8274.27
202502,2025-02-01,55,2,67,30,18,23838.6
202502,2025-02-01,56,2,73,25,12,24869.64
202502,2025-02-01,57,2,84,35,10,38341.8
202502,2025-02-01,58,2,65,20,15,24267.1
202502,2025-02-01,59,2,95,20,10,9824.9
202502,2025-02-01,60,2,70,30,12,24533.6
202502,2025-02-01,61,2,103,35,10,48527.42
202502,2025-02-01,62,2,36,20,15,5324.04
202502,2025-02-01,63,2,71,30,10,22762.6
202502,2025-02-01,64,2,55,20,10,18089.5
202502,2025-02-01,65,2,94,25,18,29920.2
202502,2025-02-01,66,2,82,25,12,47687.92
202502,2025-02-01,67,2,89,20,15,11109.87
202502,2025-02-01,68,2,79,25,15,33791.46
202502,2025-02-01,69,2,92,35,12,36536.88
202502,2025-02-01,70,2,69,20,18,31612.35
202502,2025-02-01,71,2,74,20,15,27393.32
202502,2025-02-01,72,2,55,25,10,20158.6
202502,2025-02-01,73,2,73,25,18,19716.57
202502,2025-02-01,74,2,58,20,18,24307.8
202502,2025-02-01,75,2,67,25,10,11770.56
202502,2025-02-01,76,2,61,25,10,26691.77
202502,2025-02-01,77,2,66,25,18,6615.18
202502,2025-02-01,78,2,78,30,15,28467.66
202502,2025-02-01,79,2,59,25,18,12464.34
202502,2025-02-01,80,2,81,25,10,36863.91
202502,2025-02-01,81,2,62,25,18,13783.22
202502,2025-02-01,82,2,52,25,15,24632.92
202502,2025-02-01,83,2,43,25,15,17596.03
202502,2025-02-01,84,2,79,30,12,34384.75
202502,2025-02-01,85,2,85,25,12,16080.3
202502,2025-02-01,86,2,53,25,12,30313.35
202502,2025-02-01,87,2,90,35,12,41616.0
202502,2025-02-01,88,2,83,25,12,12868.32
202502,2025-02-01,89,2,75,20,15,10933.5
202502,2025-02-01,90,2,41,30,18,14728.43
202502,2025-02-01,91,2,70,25,15,31796.1
202502,2025-02-01,92,2,90,25,12,36626.4
202502,2025-02-01,93,2,45,25,18,14766.3
202502,2025-02-01,94,2,90,35,10,32094.9
202502,2025-02-01,95,2,51,30,10,9011.7
202502,2025-02-01,96,2,76,35,18,14024.28
202502,2025-02-01,97,2,77,20,10,29879.85
202502,2025-02-01,98,2,102,35,10,32739.96
202502,2025-02-01,99,2,81,25,18,33491.88
202502,2025-02-01,100,2,100,35,10,36834.0
202502,2025-02-01,1,3,49,25,12,10107.23
202502,2025-02-01,2,3,24,35,10,10285.44
202502,2025-02-01,3,3,60,20,10,22097.4
202502,2025-02-01,4,3,89,35,10,32662.11
202502,2025-02-01,5,3,62,25,18,33026.16
202502,2025-02-01,6,3,57,20,15,12952.11
202502,2025-02-01,7,3,82,25,12,16386.88
202502,2025-02-01,8,3,49,20,18,15174.32
202502,2025-02-01,9,3,77,35,15,8297.52
202502,2025-02-01,10,3,50,30,18,22617.5
202502,2025-02-01,11,3,54,35,12,28640.52
202502,2025-02-01,12,3,31,30,18,2172.48
202502,2025-02-01,13,3,27,30,12,3781.35
202502,2025-02-01,14,3,42,25,12,3666.6
202502,2025-02-01,15,3,62,25,12,26009.62
202502,2025-02-01,16,3,51,25,12,13552.74
202502,2025-02-01,17,3,34,20,10,2050.2
202502,2025-02-01,18,3,64,30,15,26202.24
202502,2025-02-01,19,3,61,25,15,14826.66
202502,2025-02-01,20,3,56,25,12,35514.64
202502,2025-02-01,21,3,44,25,15,17691.08
202502,2025-02-01,22,3,56,35,10,4630.64
202502,2025-02-01,23,3,41,35,12,25694.29
202502,2025-02-01,24,3,37,30,12,9389.86
202502,2025-02-01,25,3,85,30,10,41227.55
202502,2025-02-01,26,3,26,35,12,5129.02
202502,2025-02-01,27,3,46,35,12,16073.32
202502,2025-02-01,28,3,12,20,10,6847.44
202502,2025-02-01,29,3,41,20,15,2625.64
202502,2025-02-01,30,3,32,35,18,15269.44
202502,2025-02-01,31,3,29,30,10,2701.93
202502,2025-02-01,32,3,70,25,10,13570.2
202502,2025-02-01,33,3,62,35,15,36296.04
202502,2025-02-01,34,3,33,25,15,13086.81
202502,2025-02-01,35,3,60,20,15,15903.0
202502,2025-02-01,36,3,58,25,10,7956.44
202502,2025-02-01,37,3,69,20,12,19128.18
202502,2025-02-01,38,3,53,35,12,9178.01
202502,2025-02-01,39,3,56,35,10,15552.88
202502,2025-02-01,40,3,57,30,18,19771.59
202502,2025-02-01,41,3,76,25,18,11778.48
202502,2025-02-01,42,3,71,30,18,5701.3
202502,2025-02-01,43,3,70,20,15,19923.4
202502,2025-02-01,44,3,56,30,18,3489.36
202502,2025-02-01,45,3,99,20,15,12916.53
202502,2025-02-01,46,3,75,30,15,9174.75
202502,2025-02-01,47,3,65,20,12,34542.3
202502,2025-02-01,48,3,64,20,15,24719.36
202502,2025-02-01,49,3,75,20,18,45276.75
202502,2025-02-01,50,3,38,30,10,9729.9
202502,2025-02-01,51,3,70,20,15,6384.7
202502,2025-02-01,52,3,55,30,18,32467.05
202502,2025-02-01,53,3,75,30,10,33121.5
202502,2025-02-01,54,3,94,20,18,9370.86
202502,2025-02-01,55,3,80,25,15,28464.0
202502,2025-02-01,56,3,59,35,18,20100.12
202502,2025-02-01,57,3,102,30,12,46557.9
202502,2025-02-01,58,3,63,20,18,23520.42
202502,2025-02-01,59,3,46,20,12,4757.32
202502,2025-02-01,60,3,101,20,15,35398.48
202502,2025-02-01,61,3,60,25,18,28268.4
202502,2025-02-01,62,3,88,25,10,13014.32
202502,2025-02-01,63,3,81,20,18,25968.6
202502,2025-02-01,64,3,95,20,12,31245.5
202502,2025-02-01,65,3,39,20,12,12413.7
202502,2025-02-01,66,3,79,30,10,45943.24
202502,2025-02-01,67,3,50,25,12,6241.5
202502,2025-02-01,68,3,58,35,18,24808.92
202502,2025-02-01,69,3,84,35,18,33359.76
202502,2025-02-01,70,3,87,35,10,39859.05
202502,2025-02-01,71,3,95,35,12,35167.1
202502,2025-02-01,72,3,69,20,12,25289.88
202502,2025-02-01,73,3,49,35,18,13234.41
202502,2025-02-01,74,3,83,35,12,34785.3
202502,2025-02-01,75,3,96,20,12,16865.28
202502,2025-02-01,76,3,46,25,18,20128.22
202502,2025-02-01,77,3,71,35,10,7116.33
202502,2025-02-01,78,3,69,35,15,25182.93
202502,2025-02-01,79,3,35,35,18,7394.1
202502,2025-02-01,80,3,91,30,12,41415.01
202502,2025-02-01,81,3,81,25,15,18007.11
202502,2025-02-01,82,3,49,25,10,23211.79
202502,2025-02-01,83,3,74,20,18,30281.54
202502,2025-02-01,84,3,43,30,15,18715.75
202502,2025-02-01,85,3,88,25,10,16647.84
202502,2025-02-01,86,3,45,30,12,25737.75
202502,2025-02-01,87,3,56,25,10,25894.4
202502,2025-02-01,88,3,64,25,10,9922.56
202502,2025-02-01,89,3,75,25,10,10933.5
202502,2025-02-01,90,3,49,20,15,17602.27
202502,2025-02-01,91,3,38,20,15,17260.74
202502,2025-02-01,92,3,64,35,18,26045.44
202502,2025-02-01,93,3,102,30,15,33470.28
202502,2025-02-01,94,3,70,35,15,24962.7
202502,2025-02-01,95,3,52,35,10,9188.4
202502,2025-02-01,96,3,92,20,10,16976.76
202502,2025-02-01,97,3,88,25,18,34148.4
202502,2025-02-01,98,3,28,35,18,8987.44
202502,2025-02-01,99,3,54,30,15,22327.92
202502,2025-02-01,100,3,53,35,18,19522.02
202502,2025-02-01,1,4,50,35,15,10313.5
202502,2025-02-01,2,4,47,35,18,20142.32
202502,2025-02-01,3,4,41,30,10,15099.89
202502,2025-02-01,4,4,46,35,12,16881.54
202502,2025-02-01,5,4,48,35,15,25568.64
202502,2025-02-01,6,4,39,35,10,8861.97
202502,2025-02-01,7,4,50,30,15,9992.0
202502,2025-02-01,8,4,37,20,10,11458.16
202502,2025-02-01,9,4,60,35,12,6465.6
202502,2025-02-01,10,4,34,30,15,15379.9
202502,2025-02-01,11,4,65,25,18,34474.7
202502,2025-02-01,12,4,57,25,10,3994.56
202502,2025-02-01,13,4,56,35,15,7842.8
202502,2025-02-01,14,4,43,35,12,3753.9
202502,2025-02-01,15,4,64,35,18,26848.64
202502,2025-02-01,16,4,72,20,10,19133.28
202502,2025-02-01,17,4,33,30,12,1989.9
202502,2025-02-01,18,4,41,35,12,16785.81
202502,2025-02-01,19,4,52,30,12,12639.12
202502,2025-02-01,20,4,43,20,15,27270.17
202502,2025-02-01,21,4,54,35,10,21711.78
202502,2025-02-01,22,4,74,25,15,6119.06
202502,2025-02-01,23,4,23,30,10,14413.87
202502,2025-02-01,24,4,63,25,12,15988.14
202502,2025-02-01,25,4,74,35,18,35892.22
202502,2025-02-01,26,4,49,25,18,9666.23
202502,2025-02-01,27,4,0,30,12,0.0
202502,2025-02-01,28,4,61,20,15,34807.82
202502,2025-02-01,29,4,55,30,15,3522.2
202502,2025-02-01,30,4,43,35,15,20518.31
202502,2025-02-01,31,4,40,30,18,3726.8
202502,2025-02-01,32,4,47,35,12,9111.42
202502,2025-02-01,33,4,55,30,15,32198.1
202502,2025-02-01,34,4,71,30,15,28156.47
202502,2025-02-01,35,4,46,25,15,12192.3
202502,2025-02-01,36,4,56,30,10,7682.08
202502,2025-02-01,37,4,20,30,10,5544.4
202502,2025-02-01,38,4,80,35,12,13853.6
202502,2025-02-01,39,4,76,25,15,21107.48
202502,2025-02-01,40,4,11,30,18,3815.57
202502,2025-02-01,41,4,85,30,12,13173.3
202502,2025-02-01,42,4,69,30,18,5540.7
202502,2025-02-01,43,4,59,30,10,16792.58
202502,2025-02-01,44,4,78,25,12,4860.18
202502,2025-02-01,45,4,85,25,10,11089.95
202502,2025-02-01,46,4,65,30,18,7951.45
202502,2025-02-01,47,4,99,25,18,52610.58
202502,2025-02-01,48,4,78,25,15,30126.72
202502,2025-02-01,49,4,88,20,12,53124.72
202502,2025-02-01,50,4,82,25,10,20996.1
202502,2025-02-01,51,4,60,20,18,5472.6
202502,2025-02-01,52,4,55,25,10,32467.05
202502,2025-02-01,53,4,81,25,10,35771.22
202502,2025-02-01,54,4,94,35,10,9370.86
202502,2025-02-01,55,4,47,35,15,16722.6
202502,2025-02-01,56,4,58,30,15,19759.44
202502,2025-02-01,57,4,56,25,15,25561.2
202502,2025-02-01,58,4,64,35,15,23893.76
202502,2025-02-01,59,4,57,30,18,5894.94
202502,2025-02-01,60,4,90,25,12,31543.2
202502,2025-02-01,61,4,82,20,12,38633.48
202502,2025-02-01,62,4,72,20,10,10648.08
202502,2025-02-01,63,4,72,30,15,23083.2
202502,2025-02-01,64,4,56,35,15,18418.4
202502,2025-02-01,65,4,68,35,10,21644.4
202502,2025-02-01,66,4,85,25,12,49432.6
202502,2025-02-01,67,4,96,20,10,11983.68
202502,2025-02-01,68,4,70,25,15,29941.8
202502,2025-02-01,69,4,60,20,12,23828.4
202502,2025-02-01,70,4,51,20,12,23365.65
202502,2025-02-01,71,4,53,35,15,19619.54
202502,2025-02-01,72,4,89,35,15,32620.28
202502,2025-02-01,73,4,44,35,12,11883.96
202502,2025-02-01,74,4,64,30,15,26822.4
202502,2025-02-01,75,4,79,35,10,13878.72
202502,2025-02-01,76,4,66,35,10,28879.62
202502,2025-02-01,77,4,46,25,10,4610.58
202502,2025-02-01,78,4,49,30,15,17883.53
202502,2025-02-01,79,4,74,30,12,15633.24
202502,2025-02-01,80,4,91,30,15,41415.01
202502,2025-02-01,81,4,73,35,18,16228.63
202502,2025-02-01,82,4,56,25,10,26527.76
202502,2025-02-01,83,4,53,20,12,21688.13
202502,2025-02-01,84,4,72,30,10,31338.0
202502,2025-02-01,85,4,69,25,15,13053.42
202502,2025-02-01,86,4,78,25,12,44612.1
202502,2025-02-01,87,4,57,35,12,26356.8
202502,2025-02-01,88,4,61,25,10,9457.44
202502,2025-02-01,89,4,102,25,12,14869.56
202502,2025-02-01,90,4,76,30,18,27301.48
202502,2025-02-01,91,4,98,30,12,44514.54
202502,2025-02-01,92,4,89,30,18,36219.44
202502,2025-02-01,93,4,89,25,10,29204.46
202502,2025-02-01,94,4,103,20,15,36730.83
202502,2025-02-01,95,4,79,25,18,13959.3
202502,2025-02-01,96,4,56,35,18,10333.68
202502,2025-02-01,97,4,36,20,10,13969.8
202502,2025-02-01,98,4,78,30,12,25036.44
202502,2025-02-01,99,4,71,30,18,29357.08
202502,2025-02-01,100,4,49,20,12,18048.66
202502,2025-02-01,1,5,65,20,18,13407.55
202502,2025-02-01,2,5,56,35,15,23999.36
202502,2025-02-01,3,5,52,20,18,19151.08
202502,2025-02-01,4,5,42,30,12,15413.58
202502,2025-02-01,5,5,65,20,15,34624.2
202502,2025-02-01,6,5,60,25,15,13633.8
202502,2025-02-01,7,5,47,20,12,9392.48
202502,2025-02-01,8,5,54,25,15,16722.72
202502,2025-02-01,9,5,85,20,12,9159.6
202502,2025-02-01,10,5,48,25,15,21712.8
202502,2025-02-01,11,5,89,35,18,47203.82
202502,2025-02-01,12,5,85,30,12,5956.8
202502,2025-02-01,13,5,59,35,15,8262.95
202502,2025-02-01,14,5,43,25,12,3753.9
202502,2025-02-01,15,5,100,25,12,41951.0
202502,2025-02-01,16,5,35,25,12,9300.9
202502,2025-02-01,17,5,31,20,12,1869.3
202502,2025-02-01,18,5,50,20,12,20470.5
202502,2025-02-01,19,5,41,30,18,9965.46
202502,2025-02-01,20,5,52,20,12,32977.88
202502,2025-02-01,21,5,50,25,10,20103.5
202502,2025-02-01,22,5,25,25,10,2067.25
202502,2025-02-01,23,5,28,25,12,17547.32
202502,2025-02-01,24,5,47,30,18,11927.66
202502,2025-02-01,25,5,75,35,18,36377.25
202502,2025-02-01,26,5,33,20,10,6509.91
202502,2025-02-01,27,5,74,35,18,25857.08
202502,2025-02-01,28,5,62,30,10,35378.44
202502,2025-02-01,29,5,87,35,18,5571.48
202502,2025-02-01,30,5,65,25,18,31016.05
202502,2025-02-01,31,5,66,30,15,6149.22
202502,2025-02-01,32,5,30,25,10,5815.8
202502,2025-02-01,33,5,61,25,15,35710.62
202502,2025-02-01,34,5,75,30,12,29742.75
202502,2025-02-01,35,5,39,20,10,10336.95
202502,2025-02-01,36,5,41,25,12,5624.38
202502,2025-02-01,37,5,64,30,18,17742.08
202502,2025-02-01,38,5,58,25,12,10043.86
202502,2025-02-01,39,5,105,20,12,29161.65
202502,2025-02-01,40,5,40,30,12,13874.8
202502,2025-02-01,41,5,94,20,12,14568.12
202502,2025-02-01,42,5,79,30,18,6343.7
202502,2025-02-01,43,5,81,20,10,23054.22
202502,2025-02-01,44,5,40,20,18,2492.4
202502,2025-02-01,45,5,57,25,12,7436.79
202502,2025-02-01,46,5,77,25,15,9419.41
202502,2025-02-01,47,5,94,20,15,49953.48
202502,2025-02-01,48,5,47,20,18,18153.28
202502,2025-02-01,49,5,71,35,15,42861.99
202502,2025-02-01,50,5,66,35,10,16899.3
202502,2025-02-01,51,5,99,35,18,9029.79
202502,2025-02-01,52,5,90,30,15,53127.9
202502,2025-02-01,53,5,70,35,10,30913.4
202502,2025-02-01,54,5,67,25,15,6679.23
202502,2025-02-01,55,5,107,20,18,38070.6
202502,2025-02-01,56,5,41,30,12,13967.88
202502,2025-02-01,57,5,76,35,12,34690.2
202502,2025-02-01,58,5,70,35,12,26133.8
202502,2025-02-01,59,5,80,30,10,8273.6
202502,2025-02-01,60,5,86,25,12,30141.28
202502,2025-02-01,61,5,65,30,10,30624.1
202502,2025-02-01,62,5,45,30,18,6655.05
202502,2025-02-01,63,5,58,35,15,18594.8
202502,2025-02-01,64,5,60,30,12,19734.0
202502,2025-02-01,65,5,53,25,18,16869.9
202502,2025-02-01,66,5,82,25,12,47687.92
202502,2025-02-01,67,5,97,35,10,12108.51
202502,2025-02-01,68,5,86,25,10,36785.64
202502,2025-02-01,69,5,81,25,10,32168.34
202502,2025-02-01,70,5,79,20,10,36193.85
202502,2025-02-01,71,5,42,20,18,15547.56
202502,2025-02-01,72,5,95,20,12,34819.4
202502,2025-02-01,73,5,24,30,18,6482.16
202502,2025-02-01,74,5,43,20,10,18021.3
202502,2025-02-01,75,5,64,35,10,11243.52
202502,2025-02-01,76,5,85,35,15,37193.45
202502,2025-02-01,77,5,47,20,12,4710.81
202502,2025-02-01,78,5,72,25,15,26277.84
202502,2025-02-01,79,5,46,20,15,9717.96
202502,2025-02-01,80,5,44,30,12,20024.84
202502,2025-02-01,81,5,65,30,10,14450.15
202502,2025-02-01,82,5,80,35,10,37896.8
202502,2025-02-01,83,5,50,25,12,20460.5
202502,2025-02-01,84,5,75,25,18,32643.75
202502,2025-02-01,85,5,76,35,15,14377.68
202502,2025-02-01,86,5,62,25,12,35460.9
202502,2025-02-01,87,5,42,35,12,19420.8
202502,2025-02-01,88,5,79,25,10,12248.16
202502,2025-02-01,89,5,63,30,15,9184.14
202502,2025-02-01,90,5,64,25,12,22990.72
202502,2025-02-01,91,5,113,20,18,51327.99
202502,2025-02-01,92,5,83,25,18,33777.68
202502,2025-02-01,93,5,61,30,15,20016.54
202502,2025-02-01,94,5,66,35,12,23536.26
202502,2025-02-01,95,5,102,25,10,18023.4
202502,2025-02-01,96,5,81,25,12,14946.93
202502,2025-02-01,97,5,53,30,15,20566.65
202502,2025-02-01,98,5,39,30,18,12518.22
202502,2025-02-01,99,5,69,20,15,28530.12
202502,2025-02-01,100,5,28,35,15,10313.52
202502,2025-02-01,1,6,84,20,15,17326.68
202502,2025-02-01,2,6,80,35,10,34284.8
202502,2025-02-01,3,6,69,25,10,25412.01
202502,2025-02-01,4,6,58,30,18,21285.42
202502,2025-02-01,5,6,46,30,10,24503.28
202502,2025-02-01,6,6,67,30,12,15224.41
202502,2025-02-01,7,6,36,35,18,7194.24
202502,2025-02-01,8,6,37,30,12,11458.16
202502,2025-02-01,9,6,50,35,18,5388.0
202502,2025-02-01,10,6,35,25,12,15832.25
202502,2025-02-01,11,6,23,30,18,12198.74
202502,2025-02-01,12,6,49,25,15,3433.92
202502,2025-02-01,13,6,61,25,18,8543.05
202502,2025-02-01,14,6,71,35,18,6198.3
202502,2025-02-01,15,6,27,30,12,11326.77
202502,2025-02-01,16,6,58,25,15,15412.92
202502,2025-02-01,17,6,64,25,10,3859.2
202502,2025-02-01,18,6,49,35,10,20061.09
202502,2025-02-01,19,6,66,35,15,16041.96
202502,2025-02-01,20,6,50,20,12,31709.5
202502,2025-02-01,21,6,52,25,10,20907.64
202502,2025-02-01,22,6,80,30,12,6615.2
202502,2025-02-01,23,6,71,25,15,44494.99
202502,2025-02-01,24,6,61,20,10,15480.58
202502,2025-02-01,25,6,63,30,18,30556.89
202502,2025-02-01,26,6,35,25,10,6904.45
202502,2025-02-01,27,6,55,25,15,19218.1
202502,2025-02-01,28,6,42,30,18,23966.04
202502,2025-02-01,29,6,50,25,18,3202.0
202502,2025-02-01,30,6,54,25,18,25767.18
202502,2025-02-01,31,6,33,25,18,3074.61
202502,2025-02-01,32,6,69,25,15,13376.34
202502,2025-02-01,33,6,40,25,10,23416.8
202502,2025-02-01,34,6,52,35,18,20621.64
202502,2025-02-01,35,6,68,20,15,18023.4
202502,2025-02-01,36,6,43,30,10,5898.74
202502,2025-02-01,37,6,51,30,10,14138.22
202502,2025-02-01,38,6,61,25,12,10563.37
202502,2025-02-01,39,6,91,20,12,25273.43
202502,2025-02-01,40,6,92,20,10,31912.04
202502,2025-02-01,41,6,112,30,12,17357.76
202502,2025-02-01,42,6,85,25,10,6825.5
202502,2025-02-01,43,6,102,20,12,29031.24
202502,2025-02-01,44,6,76,25,10,4735.56
202502,2025-02-01,45,6,52,25,10,6784.44
202502,2025-02-01,46,6,99,30,15,12110.67
202502,2025-02-01,47,6,61,20,15,32416.62
202502,2025-02-01,48,6,92,25,18,35534.08
202502,2025-02-01,49,6,63,35,18,38032.47
202502,2025-02-01,50,6,81,35,15,20740.05
202502,2025-02-01,51,6,66,20,10,6019.86
202502,2025-02-01,52,6,80,20,15,47224.8
202502,2025-02-01,53,6,67,30,10,29588.54
202502,2025-02-01,54,6,59,35,15,5881.71
202502,2025-02-01,55,6,79,30,12,28108.2
202502,2025-02-01,56,6,60,20,10,20440.8
202502,2025-02-01,57,6,34,35,12,15519.3
202502,2025-02-01,58,6,71,35,18,26507.14
202502,2025-02-01,59,6,88,35,12,9100.96
202502,2025-02-01,60,6,78,30,15,27337.44
202502,2025-02-01,61,6,96,35,18,45229.44
202502,2025-02-01,62,6,83,30,18,12274.87
202502,2025-02-01,63,6,112,30,10,35907.2
202502,2025-02-01,64,6,85,35,12,27956.5
202502,2025-02-01,65,6,81,25,15,25782.3
202502,2025-02-01,66,6,66,25,10,38382.96
202502,2025-02-01,67,6,75,25,18,9362.25
202502,2025-02-01,68,6,66,25,12,28230.84
202502,2025-02-01,69,6,69,20,12,27402.66
202502,2025-02-01,70,6,53,25,10,24281.95
202502,2025-02-01,71,6,90,30,10,33316.2
202502,2025-02-01,72,6,64,20,15,23457.28
202502,2025-02-01,73,6,96,25,15,25928.64
202502,2025-02-01,74,6,112,25,10,46939.2
202502,2025-02-01,75,6,61,30,18,10716.48
202502,2025-02-01,76,6,84,20,10,36755.88
202502,2025-02-01,77,6,94,35,18,9421.62
202502,2025-02-01,78,6,80,25,18,29197.6
202502,2025-02-01,79,6,85,30,10,17957.1
202502,2025-02-01,80,6,41,25,12,18659.51
202502,2025-02-01,81,6,74,20,10,16450.94
202502,2025-02-01,82,6,82,20,12,38844.22
202502,2025-02-01,83,6,76,35,18,31099.96
202502,2025-02-01,84,6,75,35,10,32643.75
202502,2025-02-01,85,6,41,25,10,7756.38
202502,2025-02-01,86,6,67,20,10,38320.65
202502,2025-02-01,87,6,84,30,12,38841.6
202502,2025-02-01,88,6,113,25,15,17519.52
202502,2025-02-01,89,6,71,25,18,10350.38
202502,2025-02-01,90,6,33,25,10,11854.59
202502,2025-02-01,91,6,61,20,15,27708.03
202502,2025-02-01,92,6,57,20,15,23196.72
202502,2025-02-01,93,6,82,25,15,26907.48
202502,2025-02-01,94,6,77,25,12,27458.97
202502,2025-02-01,95,6,70,20,15,12369.0
202502,2025-02-01,96,6,82,25,18,15131.46
202502,2025-02-01,97,6,87,25,10,33760.35
202502,2025-02-01,98,6,62,20,18,19900.76
202502,2025-02-01,99,6,85,35,18,35145.8
202502,2025-02-01,100,6,64,25,18,23573.76
202503,2025-03-01,1,1,44,35,12,9075.88
202503,2025-03-01,2,1,73,25,12,31284.88
202503,2025-03-01,3,1,43,25,18,15836.47
202503,2025-03-01,4,1,46,25,12,16881.54
202503,2025-03-01,5,1,61,35,18,32493.48
202503,2025-03-01,6,1,53,20,15,12043.19
202503,2025-03-01,7,1,36,20,18,7194.24
202503,2025-03-01,8,1,49,25,18,15174.32
202503,2025-03-01,9,1,13,35,10,1400.88
202503,2025-03-01,10,1,61,25,18,27593.35
202503,2025-03-01,11,1,91,30,10,48264.58
202503,2025-03-01,12,1,3,20,10,210.24
202503,2025-03-01,13,1,106,25,12,14845.3
202503,2025-03-01,14,1,29,25,12,2531.7
202503,2025-03-01,15,1,63,25,12,26429.13
202503,2025-03-01,16,1,65,20,12,17273.1
202503,2025-03-01,17,1,64,30,12,3859.2
202503,2025-03-01,18,1,59,35,10,24155.19
202503,2025-03-01,19,1,64,35,15,15555.84
202503,2025-03-01,20,1,74,20,18,46930.06
202503,2025-03-01,21,1,81,35,18,32567.67
202503,2025-03-01,22,1,38,35,10,3142.22
202503,2025-03-01,23,1,41,20,18,25694.29
202503,2025-03-01,24,1,72,30,12,18272.16
202503,2025-03-01,25,1,29,20,10,14065.87
202503,2025-03-01,26,1,54,30,12,10652.58
202503,2025-03-01,27,1,26,20,12,9084.92
202503,2025-03-01,28,1,53,35,18,30242.86
202503,2025-03-01,29,1,66,35,10,4226.64
202503,2025-03-01,30,1,56,35,10,26721.52
202503,2025-03-01,31,1,95,30,18,8851.15
202503,2025-03-01,32,1,13,25,15,2520.18
202503,2025-03-01,33,1,96,30,18,56200.32
202503,2025-03-01,34,1,88,25,10,34898.16
202503,2025-03-01,35,1,70,25,18,18553.5
202503,2025-03-01,36,1,64,35,15,8779.52
202503,2025-03-01,37,1,48,35,18,13306.56
202503,2025-03-01,38,1,74,25,15,12814.58
202503,2025-03-01,39,1,66,20,12,18330.18
202503,2025-03-01,40,1,84,30,18,29137.08
202503,2025-03-01,41,1,55,25,15,8523.9
202503,2025-03-01,42,1,60,25,15,4818.0
202503,2025-03-01,43,1,65,30,12,18500.3
202503,2025-03-01,44,1,31,30,18,1931.61
202503,2025-03-01,45,1,68,20,18,8871.96
202503,2025-03-01,46,1,106,30,12,12966.98
202503,2025-03-01,47,1,86,20,18,45702.12
202503,2025-03-01,48,1,66,30,18,25491.84
202503,2025-03-01,49,1,67,25,18,40447.23
202503,2025-03-01,50,1,67,35,15,17155.35
202503,2025-03-01,51,1,70,20,18,6384.7
202503,2025-03-01,52,1,66,35,18,38960.46
202503,2025-03-01,53,1,78,20,10,34446.36
202503,2025-03-01,54,1,56,35,15,5582.64
202503,2025-03-01,55,1,77,35,15,27396.6
202503,2025-03-01,56,1,84,30,15,28617.12
202503,2025-03-01,57,1,80,35,15,36516.0
202503,2025-03-01,58,1,75,20,12,28000.5
202503,2025-03-01,59,1,79,30,10,8170.18
202503,2025-03-01,60,1,61,35,18,21379.28
202503,2025-03-01,61,1,81,25,15,38162.34
202503,2025-03-01,62,1,58,35,15,8577.62
202503,2025-03-01,63,1,81,25,18,25968.6
202503,2025-03-01,64,1,43,20,18,14142.7
202503,2025-03-01,65,1,38,30,10,12095.4
202503,2025-03-01,66,1,94,30,15,54666.64
202503,2025-03-01,67,1,113,30,10,14105.79
202503,2025-03-01,68,1,58,25,18,24808.92
202503,2025-03-01,69,1,112,20,15,44479.68
202503,2025-03-01,70,1,71,25,10,32528.65
202503,2025-03-01,71,1,74,20,12,27393.32
202503,2025-03-01,72,1,58,35,12,21258.16
202503,2025-03-01,73,1,39,35,10,10533.51
202503,2025-03-01,74,1,70,35,18,29337.0
202503,2025-03-01,75,1,64,30,10,11243.52
202503,2025-03-01,76,1,80,20,12,35005.6
202503,2025-03-01,77,1,50,30,15,5011.5
202503,2025-03-01,78,1,55,30,10,20073.35
202503,2025-03-01,79,1,55,25,10,11619.3
202503,2025-03-01,80,1,40,25,10,18204.4
202503,2025-03-01,81,1,83,30,18,18451.73
202503,2025-03-01,82,1,68,30,12,32212.28
202503,2025-03-01,83,1,67,35,15,27417.07
202503,2025-03-01,84,1,84,20,15,36561.0
202503,2025-03-01,85,1,97,35,12,18350.46
202503,2025-03-01,86,1,49,20,12,28025.55
202503,2025-03-01,87,1,78,35,15,36067.2
202503,2025-03-01,88,1,75,20,10,11628.0
202503,2025-03-01,89,1,65,20,12,9475.7
202503,2025-03-01,90,1,55,20,15,19757.65
202503,2025-03-01,91,1,115,35,18,52236.45
202503,2025-03-01,92,1,61,20,15,24824.56
202503,2025-03-01,93,1,60,25,10,19688.4
202503,2025-03-01,94,1,76,30,18,27102.36
202503,2025-03-01,95,1,61,30,10,10778.7
202503,2025-03-01,96,1,85,30,12,15685.05
202503,2025-03-01,97,1,75,35,15,29103.75
202503,2025-03-01,98,1,85,35,18,27283.3
202503,2025-03-01,99,1,45,20,18,18606.6
202503,2025-03-01,100,1,102,20,10,37570.68
202503,2025-03-01,1,2,67,35,12,13820.09
202503,2025-03-01,2,2,68,35,10,29142.08
202503,2025-03-01,3,2,88,20,10,32409.52
202503,2025-03-01,4,2,77,25,18,28258.23
202503,2025-03-01,5,2,73,30,10,38885.64
202503,2025-03-01,6,2,24,20,12,5453.52
202503,2025-03-01,7,2,51,30,15,10191.84
202503,2025-03-01,8,2,56,30,15,17342.08
202503,2025-03-01,9,2,69,25,10,7435.44
202503,2025-03-01,10,2,75,35,18,33926.25
202503,2025-03-01,11,2,56,30,15,29701.28
202503,2025-03-01,12,2,77,35,18,5396.16
202503,2025-03-01,13,2,63,30,12,8823.15
202503,2025-03-01,14,2,85,30,10,7420.5
202503,2025-03-01,15,2,52,35,12,21814.52
202503,2025-03-01,16,2,60,25,10,15944.4
202503,2025-03-01,17,2,28,30,15,1688.4
202503,2025-03-01,18,2,61,35,18,24974.01
202503,2025-03-01,19,2,60,25,15,14583.6
202503,2025-03-01,20,2,65,35,12,41222.35
202503,2025-03-01,21,2,41,25,12,16484.87
202503,2025-03-01,22,2,47,20,10,3886.43
202503,2025-03-01,23,2,69,30,12,43241.61
202503,2025-03-01,24,2,77,25,15,19541.06
202503,2025-03-01,25,2,61,35,10,29586.83
202503,2025-03-01,26,2,60,30,18,11836.2
202503,2025-03-01,27,2,13,30,18,4542.46
202503,2025-03-01,28,2,57,35,15,32525.34
202503,2025-03-01,29,2,67,30,15,4290.68
202503,2025-03-01,30,2,72,30,12,34356.24
202503,2025-03-01,31,2,63,35,15,5869.71
202503,2025-03-01,32,2,85,25,10,16478.1
202503,2025-03-01,33,2,48,25,12,28100.16
202503,2025-03-01,34,2,44,30,10,17449.08
202503,2025-03-01,35,2,30,35,10,7951.5
202503,2025-03-01,36,2,48,25,15,6584.64
202503,2025-03-01,37,2,71,30,15,19682.62
202503,2025-03-01,38,2,58,25,10,10043.86
202503,2025-03-01,39,2,50,25,10,13886.5
202503,2025-03-01,40,2,16,20,12,5549.92
202503,2025-03-01,41,2,71,35,12,11003.58
202503,2025-03-01,42,2,66,25,10,5299.8
202503,2025-03-01,43,2,88,20,18,25046.56
202503,2025-03-01,44,2,85,25,12,5296.35
202503,2025-03-01,45,2,80,35,18,10437.6
202503,2025-03-01,46,2,64,25,18,7829.12
202503,2025-03-01,47,2,70,30,12,37199.4
202503,2025-03-01,48,2,41,30,15,15835.84
202503,2025-03-01,49,2,89,30,15,53728.41
202503,2025-03-01,50,2,65,25,12,16643.25
202503,2025-03-01,51,2,74,30,12,6749.54
202503,2025-03-01,52,2,81,30,12,47815.11
202503,2025-03-01,53,2,89,30,10,39304.18
202503,2025-03-01,54,2,87,35,10,8673.03
202503,2025-03-01,55,2,91,30,18,32377.8
202503,2025-03-01,56,2,59,30,10,20100.12
202503,2025-03-01,57,2,69,35,10,31495.05
202503,2025-03-01,58,2,65,20,15,24267.1
202503,2025-03-01,59,2,83,20,10,8583.86
202503,2025-03-01,60,2,62,30,15,21729.76
202503,2025-03-01,61,2,89,20,15,41931.46
202503,2025-03-01,62,2,72,35,18,10648.08
202503,2025-03-01,63,2,66,30,15,21159.6
202503,2025-03-01,64,2,42,35,12,13813.8
202503,2025-03-01,65,2,81,30,12,25782.3
202503,2025-03-01,66,2,66,30,12,38382.96
202503,2025-03-01,67,2,88,30,18,10985.04
202503,2025-03-01,68,2,73,30,10,31225.02
202503,2025-03-01,69,2,65,35,10,25814.1
202503,2025-03-01,70,2,62,30,15,28405.3
202503,2025-03-01,71,2,70,35,12,25912.6
202503,2025-03-01,72,2,37,30,15,13561.24
202503,2025-03-01,73,2,64,25,10,17285.76
202503,2025-03-01,74,2,66,30,12,27660.6
202503,2025-03-01,75,2,81,35,10,14230.08
202503,2025-03-01,76,2,101,25,12,44194.57
202503,2025-03-01,77,2,77,20,12,7717.71
202503,2025-03-01,78,2,51,35,10,18613.47
202503,2025-03-01,79,2,104,20,12,21971.04
202503,2025-03-01,80,2,86,25,12,39139.46
202503,2025-03-01,81,2,62,35,10,13783.22
202503,2025-03-01,82,2,82,35,12,38844.22
202503,2025-03-01,83,2,70,20,15,28644.7
202503,2025-03-01,84,2,68,25,18,29597.0
202503,2025-03-01,85,2,75,35,12,14188.5
202503,2025-03-01,86,2,51,20,15,29169.45
202503,2025-03-01,87,2,78,35,12,36067.2
202503,2025-03-01,88,2,61,30,10,9457.44
202503,2025-03-01,89,2,70,30,12,10204.6
202503,2025-03-01,90,2,48,20,18,17243.04
202503,2025-03-01,91,2,115,30,18,52236.45
202503,2025-03-01,92,2,91,30,12,37033.36
202503,2025-03-01,93,2,47,30,12,15422.58
202503,2025-03-01,94,2,63,35,10,22466.43
202503,2025-03-01,95,2,83,20,10,14666.1
202503,2025-03-01,96,2,48,30,18,8857.44
202503,2025-03-01,97,2,80,35,12,31044.0
202503,2025-03-01,98,2,44,30,15,14123.12
202503,2025-03-01,99,2,33,35,18,13644.84
202503,2025-03-01,100,2,40,20,18,14733.6
202503,2025-03-01,1,3,40,35,18,8250.8
202503,2025-03-01,2,3,40,25,18,17142.4
202503,2025-03-01,3,3,38,20,15,13995.02
202503,2025-03-01,4,3,77,25,12,28258.23
202503,2025-03-01,5,3,84,35,12,44745.12
202503,2025-03-01,6,3,27,30,18,6135.21
202503,2025-03-01,7,3,63,35,15,12589.92
202503,2025-03-01,8,3,55,30,10,17032.4
202503,2025-03-01,9,3,75,20,10,8082.0
202503,2025-03-01,10,3,32,20,10,14475.2
202503,2025-03-01,11,3,62,30,18,32883.56
202503,2025-03-01,12,3,53,25,10,3714.24
202503,2025-03-01,13,3,17,25,15,2380.85
202503,2025-03-01,14,3,62,25,10,5412.6
202503,2025-03-01,15,3,73,20,18,30624.23
202503,2025-03-01,16,3,70,30,15,18601.8
202503,2025-03-01,17,3,45,25,15,2713.5
202503,2025-03-01,18,3,79,35,15,32343.39
202503,2025-03-01,19,3,77,30,18,18715.62
202503,2025-03-01,20,3,20,30,18,12683.8
202503,2025-03-01,21,3,87,25,15,34980.09
202503,2025-03-01,22,3,50,35,15,4134.5
202503,2025-03-01,23,3,36,30,12,22560.84
202503,2025-03-01,24,3,86,20,10,21825.08
202503,2025-03-01,25,3,56,25,12,27161.68
202503,2025-03-01,26,3,40,20,18,7890.8
202503,2025-03-01,27,3,48,35,10,16772.16
202503,2025-03-01,28,3,74,25,15,42225.88
202503,2025-03-01,29,3,38,25,18,2433.52
202503,2025-03-01,30,3,67,20,18,31970.39
202503,2025-03-01,31,3,53,20,15,4938.01
202503,2025-03-01,32,3,53,30,15,10274.58
202503,2025-03-01,33,3,52,30,10,30441.84
202503,2025-03-01,34,3,57,30,12,22604.49
202503,2025-03-01,35,3,54,35,18,14312.7
202503,2025-03-01,36,3,68,25,18,9328.24
202503,2025-03-01,37,3,30,20,10,8316.6
202503,2025-03-01,38,3,21,25,12,3636.57
202503,2025-03-01,39,3,39,20,12,10831.47
202503,2025-03-01,40,3,52,30,18,18037.24
202503,2025-03-01,41,3,36,20,10,5579.28
202503,2025-03-01,42,3,84,25,18,6745.2
202503,2025-03-01,43,3,43,20,15,12238.66
202503,2025-03-01,44,3,116,30,10,7227.96
202503,2025-03-01,45,3,65,20,12,8480.55
202503,2025-03-01,46,3,63,20,18,7706.79
202503,2025-03-01,47,3,82,35,10,43576.44
202503,2025-03-01,48,3,59,30,15,22788.16
202503,2025-03-01,49,3,96,25,18,57954.24
202503,2025-03-01,50,3,64,35,12,16387.2
202503,2025-03-01,51,3,67,25,15,6111.07
202503,2025-03-01,52,3,34,20,15,20070.54
202503,2025-03-01,53,3,80,20,18,35329.6
202503,2025-03-01,54,3,54,20,15,5383.26
202503,2025-03-01,55,3,65,25,12,23127.0
202503,2025-03-01,56,3,59,35,10,20100.12
202503,2025-03-01,57,3,72,20,10,32864.4
202503,2025-03-01,58,3,48,25,10,17920.32
202503,2025-03-01,59,3,99,20,12,10238.58
202503,2025-03-01,60,3,65,25,18,22781.2
202503,2025-03-01,61,3,48,30,12,22614.72
202503,2025-03-01,62,3,66,30,15,9760.74
202503,2025-03-01,63,3,60,20,12,19236.0
202503,2025-03-01,64,3,74,35,10,24338.6
202503,2025-03-01,65,3,74,20,15,23554.2
202503,2025-03-01,66,3,77,20,10,44780.12
202503,2025-03-01,67,3,74,20,15,9237.42
202503,2025-03-01,68,3,80,30,10,34219.2
202503,2025-03-01,69,3,94,25,15,37331.16
202503,2025-03-01,70,3,90,25,18,41233.5
202503,2025-03-01,71,3,68,25,18,25172.24
202503,2025-03-01,72,3,65,20,15,23823.8
202503,2025-03-01,73,3,56,35,12,15125.04
202503,2025-03-01,74,3,44,35,18,18440.4
202503,2025-03-01,75,3,54,25,18,9486.72
202503,2025-03-01,76,3,75,20,12,32817.75
202503,2025-03-01,77,3,73,30,18,7316.79
202503,2025-03-01,78,3,68,25,12,24817.96
202503,2025-03-01,79,3,47,30,12,9929.22
202503,2025-03-01,80,3,82,20,10,37319.02
202503,2025-03-01,81,3,69,30,15,15339.39
202503,2025-03-01,82,3,71,35,10,33633.41
202503,2025-03-01,83,3,72,30,15,29463.12
202503,2025-03-01,84,3,42,35,12,18280.5
202503,2025-03-01,85,3,76,20,15,14377.68
202503,2025-03-01,86,3,27,35,18,15442.65
202503,2025-03-01,87,3,68,25,18,31443.2
202503,2025-03-01,88,3,68,25,15,10542.72
202503,2025-03-01,89,3,69,30,10,10058.82
202503,2025-03-01,90,3,54,20,18,19398.42
202503,2025-03-01,91,3,96,30,12,43606.08
202503,2025-03-01,92,3,63,35,10,25638.48
202503,2025-03-01,93,3,64,25,12,21000.96
202503,2025-03-01,94,3,58,35,18,20683.38
202503,2025-03-01,95,3,83,25,18,14666.1
202503,2025-03-01,96,3,108,20,12,19929.24
202503,2025-03-01,97,3,90,35,18,34924.5
202503,2025-03-01,98,3,77,35,10,24715.46
202503,2025-03-01,99,3,54,30,12,22327.92
202503,2025-03-01,100,3,52,30,12,19153.68
202503,2025-03-01,1,4,19,20,18,3919.13
202503,2025-03-01,2,4,34,30,15,14571.04
202503,2025-03-01,3,4,59,20,18,21729.11
202503,2025-03-01,4,4,41,20,10,15046.59
202503,2025-03-01,5,4,78,20,18,41549.04
202503,2025-03-01,6,4,47,30,12,10679.81
202503,2025-03-01,7,4,30,30,15,5995.2
202503,2025-03-01,8,4,35,35,15,10838.8
202503,2025-03-01,9,4,47,20,15,5064.72
202503,2025-03-01,10,4,40,20,10,18094.0
202503,2025-03-01,11,4,71,25,10,37656.98
202503,2025-03-01,12,4,87,25,18,6096.96
202503,2025-03-01,13,4,52,25,10,7282.6
202503,2025-03-01,14,4,60,30,12,5238.0
202503,2025-03-01,15,4,15,35,18,6292.65
202503,2025-03-01,16,4,63,25,18,16741.62
202503,2025-03-01,17,4,66,25,10,3979.8
202503,2025-03-01,18,4,44,30,15,18014.04
202503,2025-03-01,19,4,39,30,18,9479.34
202503,2025-03-01,20,4,77,20,12,48832.63
202503,2025-03-01,21,4,62,30,12,24928.34
202503,2025-03-01,22,4,79,20,18,6532.51
202503,2025-03-01,23,4,47,20,18,29454.43
202503,2025-03-01,24,4,59,35,18,14973.02
202503,2025-03-01,25,4,54,30,10,26191.62
202503,2025-03-01,26,4,46,25,12,9074.42
202503,2025-03-01,27,4,48,30,18,16772.16
202503,2025-03-01,28,4,49,30,15,27960.38
202503,2025-03-01,29,4,43,30,10,2753.72
202503,2025-03-01,30,4,67,25,15,31970.39
202503,2025-03-01,31,4,58,35,12,5403.86
202503,2025-03-01,32,4,21,35,10,4071.06
202503,2025-03-01,33,4,49,35,15,28685.58
202503,2025-03-01,34,4,24,25,10,9517.68
202503,2025-03-01,35,4,3,35,10,795.15
202503,2025-03-01,36,4,49,20,18,6721.82
202503,2025-03-01,37,4,50,30,10,13861.0
202503,2025-03-01,38,4,27,25,15,4675.59
202503,2025-03-01,39,4,45,25,10,12497.85
202503,2025-03-01,40,4,70,35,12,24280.9
202503,2025-03-01,41,4,79,35,18,12243.42
202503,2025-03-01,42,4,76,30,12,6102.8
202503,2025-03-01,43,4,83,25,12,23623.46
202503,2025-03-01,44,4,70,35,15,4361.7
202503,2025-03-01,45,4,56,35,18,7306.32
202503,2025-03-01,46,4,57,20,15,6972.81
202503,2025-03-01,47,4,36,20,12,19131.12
202503,2025-03-01,48,4,74,20,10,28581.76
202503,2025-03-01,49,4,35,20,15,21129.15
202503,2025-03-01,50,4,94,25,18,24068.7
202503,2025-03-01,51,4,19,20,12,1732.99
202503,2025-03-01,52,4,56,25,18,33057.36
202503,2025-03-01,53,4,88,25,15,38862.56
202503,2025-03-01,54,4,77,30,12,7676.13
202503,2025-03-01,55,4,81,20,15,28819.8
202503,2025-03-01,56,4,55,20,12,18737.4
202503,2025-03-01,57,4,81,25,10,36972.45
202503,2025-03-01,58,4,46,20,15,17173.64
202503,2025-03-01,59,4,83,35,18,8583.86
202503,2025-03-01,60,4,48,25,10,16823.04
202503,2025-03-01,61,4,86,30,15,40518.04
202503,2025-03-01,62,4,60,20,10,8873.4
202503,2025-03-01,63,4,64,20,18,20518.4
202503,2025-03-01,64,4,63,30,10,20720.7
202503,2025-03-01,65,4,90,25,12,28647.0
202503,2025-03-01,66,4,61,30,15,35475.16
202503,2025-03-01,67,4,75,25,10,9362.25
202503,2025-03-01,68,4,63,20,18,26947.62
202503,2025-03-01,69,4,60,30,10,23828.4
202503,2025-03-01,70,4,51,25,12,23365.65
202503,2025-03-01,71,4,81,30,18,29984.58
202503,2025-03-01,72,4,78,20,18,28588.56
202503,2025-03-01,73,4,56,25,18,15125.04
202503,2025-03-01,74,4,63,30,18,26403.3
202503,2025-03-01,75,4,71,25,12,12473.28
202503,2025-03-01,76,4,50,25,15,21878.5
202503,2025-03-01,77,4,101,20,18,10123.23
202503,2025-03-01,78,4,70,30,12,25547.9
202503,2025-03-01,79,4,67,25,15,14154.42
202503,2025-03-01,80,4,76,20,15,34588.36
202503,2025-03-01,81,4,68,25,12,15117.08
202503,2025-03-01,82,4,84,35,10,39791.64
202503,2025-03-01,83,4,54,20,10,22097.34
202503,2025-03-01,84,4,107,20,12,46571.75
202503,2025-03-01,85,4,43,30,18,8134.74
202503,2025-03-01,86,4,55,35,10,31457.25
202503,2025-03-01,87,4,94,35,12,43465.6
202503,2025-03-01,88,4,49,20,18,7596.96
202503,2025-03-01,89,4,71,20,12,10350.38
202503,2025-03-01,90,4,69,35,18,24786.87
202503,2025-03-01,91,4,95,25,10,43151.85
202503,2025-03-01,92,4,72,25,10,29301.12
202503,2025-03-01,93,4,89,20,15,29204.46
202503,2025-03-01,94,4,49,25,18,17473.89
202503,2025-03-01,95,4,92,35,12,16256.4
202503,2025-03-01,96,4,89,20,15,16423.17
202503,2025-03-01,97,4,57,25,18,22118.85
202503,2025-03-01,98,4,88,20,10,28246.24
202503,2025-03-01,99,4,66,30,18,27289.68
202503,2025-03-01,100,4,55,35,15,20258.7
202503,2025-03-01,1,5,29,20,10,5981.83
202503,2025-03-01,2,5,69,20,18,29570.64
202503,2025-03-01,3,5,55,25,12,20255.95
202503,2025-03-01,4,5,61,30,10,22386.39
202503,2025-03-01,5,5,57,20,18,30362.76
202503,2025-03-01,6,5,53,25,18,12043.19
202503,2025-03-01,7,5,74,20,12,14788.16
202503,2025-03-01,8,5,71,20,18,21987.28
202503,2025-03-01,9,5,60,25,12,6465.6
202503,2025-03-01,10,5,45,20,10,20355.75
202503,2025-03-01,11,5,59,25,18,31292.42
202503,2025-03-01,12,5,58,20,18,4064.64
202503,2025-03-01,13,5,53,20,18,7422.65
202503,2025-03-01,14,5,32,35,12,2793.6
202503,2025-03-01,15,5,20,25,10,8390.2
202503,2025-03-01,16,5,64,20,15,17007.36
202503,2025-03-01,17,5,28,30,15,1688.4
202503,2025-03-01,18,5,40,35,10,16376.4
202503,2025-03-01,19,5,34,35,10,8264.04
202503,2025-03-01,20,5,53,25,10,33612.07
202503,2025-03-01,21,5,47,35,10,18897.29
202503,2025-03-01,22,5,59,35,15,4878.71
202503,2025-03-01,23,5,52,30,12,32587.88
202503,2025-03-01,24,5,46,35,10,11673.88
202503,2025-03-01,25,5,66,25,12,32011.98
202503,2025-03-01,26,5,33,30,15,6509.91
202503,2025-03-01,27,5,81,25,12,28303.02
202503,2025-03-01,28,5,58,30,12,33095.96
202503,2025-03-01,29,5,42,20,18,2689.68
202503,2025-03-01,30,5,76,20,12,36264.92
202503,2025-03-01,31,5,40,30,12,3726.8
202503,2025-03-01,32,5,70,25,15,13570.2
202503,2025-03-01,33,5,69,20,12,40393.98
202503,2025-03-01,34,5,67,20,15,26570.19
202503,2025-03-01,35,5,35,30,18,9276.75
202503,2025-03-01,36,5,37,35,12,5075.66
202503,2025-03-01,37,5,70,35,10,19405.4
202503,2025-03-01,38,5,80,25,12,13853.6
202503,2025-03-01,39,5,46,35,15,12775.58
202503,2025-03-01,40,5,13,30,10,4509.31
202503,2025-03-01,41,5,71,25,12,11003.58
202503,2025-03-01,42,5,35,35,18,2810.5
202503,2025-03-01,43,5,110,20,18,31308.2
202503,2025-03-01,44,5,77,30,10,4797.87
202503,2025-03-01,45,5,43,25,15,5610.21
202503,2025-03-01,46,5,87,30,15,10642.71
202503,2025-03-01,47,5,82,30,10,43576.44
202503,2025-03-01,48,5,98,35,10,37851.52
202503,2025-03-01,49,5,82,25,10,49502.58
202503,2025-03-01,50,5,71,20,10,18179.55
202503,2025-03-01,51,5,74,30,10,6749.54
202503,2025-03-01,52,5,54,25,18,31876.74
202503,2025-03-01,53,5,63,35,15,27822.06
202503,2025-03-01,54,5,65,35,15,6479.85
202503,2025-03-01,55,5,49,35,18,17434.2
202503,2025-03-01,56,5,84,35,12,28617.12
202503,2025-03-01,57,5,62,25,18,28299.9
202503,2025-03-01,58,5,69,35,10,25760.46
202503,2025-03-01,59,5,50,20,15,5171.0
202503,2025-03-01,60,5,67,30,18,23482.16
202503,2025-03-01,61,5,67,30,10,31566.38
202503,2025-03-01,62,5,55,25,18,8133.95
202503,2025-03-01,63,5,66,20,10,21159.6
202503,2025-03-01,64,5,56,20,18,18418.4
202503,2025-03-01,65,5,50,30,12,15915.0
202503,2025-03-01,66,5,47,20,18,27333.32
202503,2025-03-01,67,5,85,30,10,10610.55
202503,2025-03-01,68,5,111,20,18,47479.14
202503,2025-03-01,69,5,43,25,18,17077.02
202503,2025-03-01,70,5,67,25,12,30696.05
202503,2025-03-01,71,5,70,30,12,25912.6
202503,2025-03-01,72,5,54,30,15,19792.08
202503,2025-03-01,73,5,74,35,15,19986.66
202503,2025-03-01,74,5,54,35,10,22631.4
202503,2025-03-01,75,5,70,25,10,12297.6
202503,2025-03-01,76,5,77,25,18,33692.89
202503,2025-03-01,77,5,52,30,15,5211.96
202503,2025-03-01,78,5,78,35,12,28467.66
202503,2025-03-01,79,5,53,25,10,11196.78
202503,2025-03-01,80,5,51,25,10,23210.61
202503,2025-03-01,81,5,54,25,12,12004.74
202503,2025-03-01,82,5,70,35,12,33159.7
202503,2025-03-01,83,5,65,20,15,26598.65
202503,2025-03-01,84,5,87,30,10,37866.75
202503,2025-03-01,85,5,81,25,12,15323.58
202503,2025-03-01,86,5,63,20,10,36032.85
202503,2025-03-01,87,5,50,20,10,23120.0
202503,2025-03-01,88,5,95,35,12,14728.8
202503,2025-03-01,89,5,84,30,18,12245.52
202503,2025-03-01,90,5,77,35,12,27660.71
202503,2025-03-01,91,5,75,20,10,34067.25
202503,2025-03-01,92,5,78,20,10,31742.88
202503,2025-03-01,93,5,63,20,15,20672.82
202503,2025-03-01,94,5,75,20,18,26745.75
202503,2025-03-01,95,5,59,20,10,10425.3
202503,2025-03-01,96,5,95,20,18,17530.35
202503,2025-03-01,97,5,60,25,12,23283.0
202503,2025-03-01,98,5,50,25,18,16049.0
202503,2025-03-01,99,5,75,25,18,31011.0
202503,2025-03-01,100,5,64,35,10,23573.76
202503,2025-03-01,1,6,40,35,10,8250.8
202503,2025-03-01,2,6,52,30,15,22285.12
202503,2025-03-01,3,6,52,20,18,19151.08
202503,2025-03-01,4,6,57,35,15,20918.43
202503,2025-03-01,5,6,76,35,12,40483.68
202503,2025-03-01,6,6,54,20,10,12270.42
202503,2025-03-01,7,6,61,20,15,12190.24
202503,2025-03-01,8,6,89,25,12,27561.52
202503,2025-03-01,9,6,83,35,10,8944.08
202503,2025-03-01,10,6,51,20,12,23069.85
202503,2025-03-01,11,6,69,35,10,36596.22
202503,2025-03-01,12,6,50,20,10,3504.0
202503,2025-03-01,13,6,57,30,10,7982.85
202503,2025-03-01,14,6,47,30,15,4103.1
202503,2025-03-01,15,6,32,30,12,13424.32
202503,2025-03-01,16,6,53,30,12,14084.22
202503,2025-03-01,17,6,48,20,12,2894.4
202503,2025-03-01,18,6,53,30,10,21698.73
202503,2025-03-01,19,6,36,20,15,8750.16
202503,2025-03-01,20,6,40,25,15,25367.6
202503,2025-03-01,21,6,25,25,15,10051.75
202503,2025-03-01,22,6,49,35,18,4051.81
202503,2025-03-01,23,6,46,20,18,28827.74
202503,2025-03-01,24,6,90,30,18,22840.2
202503,2025-03-01,25,6,54,30,15,26191.62
202503,2025-03-01,26,6,25,30,18,4931.75
202503,2025-03-01,27,6,76,35,18,26555.92
202503,2025-03-01,28,6,72,25,10,41084.64
202503,2025-03-01,29,6,37,20,10,2369.48
202503,2025-03-01,30,6,45,25,15,21472.65
202503,2025-03-01,31,6,44,20,12,4099.48
202503,2025-03-01,32,6,68,20,12,13182.48
202503,2025-03-01,33,6,57,25,12,33368.94
202503,2025-03-01,34,6,47,35,15,18638.79
202503,2025-03-01,35,6,76,20,12,20143.8
202503,2025-03-01,36,6,79,35,12,10837.22
202503,2025-03-01,37,6,57,20,15,15801.54
202503,2025-03-01,38,6,45,20,18,7792.65
202503,2025-03-01,39,6,36,30,15,9998.28
202503,2025-03-01,40,6,62,25,18,21505.94
202503,2025-03-01,41,6,62,25,15,9608.76
202503,2025-03-01,42,6,105,25,18,8431.5
202503,2025-03-01,43,6,56,30,12,15938.72
202503,2025-03-01,44,6,83,25,15,5171.73
202503,2025-03-01,45,6,44,35,10,5740.68
202503,2025-03-01,46,6,115,20,15,14067.95
202503,2025-03-01,47,6,55,20,12,29228.1
202503,2025-03-01,48,6,62,20,12,23946.88
202503,2025-03-01,49,6,85,30,10,51313.65
202503,2025-03-01,50,6,87,20,18,22276.35
202503,2025-03-01,51,6,58,20,12,5290.18
202503,2025-03-01,52,6,101,30,15,59621.31
202503,2025-03-01,53,6,50,20,15,22081.0
202503,2025-03-01,54,6,91,35,10,9071.79
202503,2025-03-01,55,6,83,20,10,29531.4
202503,2025-03-01,56,6,66,35,12,22484.88
202503,2025-03-01,57,6,94,25,10,42906.3
202503,2025-03-01,58,6,76,30,18,28373.84
202503,2025-03-01,59,6,89,35,10,9204.38
202503,2025-03-01,60,6,77,20,10,26986.96
202503,2025-03-01,61,6,76,25,12,35806.64
202503,2025-03-01,62,6,73,25,18,10795.97
202503,2025-03-01,63,6,77,20,10,24686.2
202503,2025-03-01,64,6,37,20,12,12169.3
202503,2025-03-01,65,6,82,25,12,26100.6
202503,2025-03-01,66,6,60,35,10,34893.6
202503,2025-03-01,67,6,73,30,10,9112.59
202503,2025-03-01,68,6,73,25,10,31225.02
202503,2025-03-01,69,6,87,30,15,34551.18
202503,2025-03-01,70,6,55,20,18,25198.25
202503,2025-03-01,71,6,63,35,18,23321.34
202503,2025-03-01,72,6,69,30,12,25289.88
202503,2025-03-01,73,6,90,30,15,24308.1
202503,2025-03-01,74,6,64,35,10,26822.4
202503,2025-03-01,75,6,59,30,12,10365.12
202503,2025-03-01,76,6,79,25,18,34568.03
202503,2025-03-01,77,6,95,35,12,9521.85
202503,2025-03-01,78,6,58,30,18,21168.26
202503,2025-03-01,79,6,21,20,10,4436.46
202503,2025-03-01,80,6,91,20,15,41415.01
202503,2025-03-01,81,6,63,25,10,14005.53
202503,2025-03-01,82,6,68,30,18,32212.28
202503,2025-03-01,83,6,55,25,15,22506.55
202503,2025-03-01,84,6,82,35,12,35690.5
202503,2025-03-01,85,6,56,30,12,10594.08
202503,2025-03-01,86,6,92,30,18,52619.4
202503,2025-03-01,87,6,65,20,18,30056.0
202503,2025-03-01,88,6,75,35,12,11628.0
202503,2025-03-01,89,6,37,25,15,5393.86
202503,2025-03-01,90,6,98,20,12,35204.54
202503,2025-03-01,91,6,83,35,12,37701.09
202503,2025-03-01,92,6,83,35,18,33777.68
202503,2025-03-01,93,6,81,20,18,26579.34
202503,2025-03-01,94,6,92,35,18,32808.12
202503,2025-03-01,95,6,79,30,18,13959.3
202503,2025-03-01,96,6,60,25,12,11071.8
202503,2025-03-01,97,6,111,30,10,43073.55
202503,2025-03-01,98,6,69,35,18,22147.62
202503,2025-03-01,99,6,76,35,15,31424.48
202503,2025-03-01,100,6,99,30,18,36465.66
202504,2025-04-01,1,1,71,35,10,14645.17
202504,2025-04-01,2,1,40,25,10,17142.4
202504,2025-04-01,3,1,62,25,15,22833.98
202504,2025-04-01,4,1,4,20,10,1467.96
202504,2025-04-01,5,1,41,35,10,21839.88
202504,2025-04-01,6,1,69,30,18,15678.87
202504,2025-04-01,7,1,60,30,12,11990.4
202504,2025-04-01,8,1,67,25,12,20748.56
202504,2025-04-01,9,1,52,30,15,5603.52
202504,2025-04-01,10,1,97,25,15,43877.95
202504,2025-04-01,11,1,43,20,15,22806.34
202504,2025-04-01,12,1,30,35,18,2102.4
202504,2025-04-01,13,1,59,25,10,8262.95
202504,2025-04-01,14,1,37,25,10,3230.1
202504,2025-04-01,15,1,50,30,18,20975.5
202504,2025-04-01,16,1,13,30,15,3454.62
202504,2025-04-01,17,1,55,25,15,3316.5
202504,2025-04-01,18,1,38,30,12,15557.58
202504,2025-04-01,19,1,26,20,18,6319.56
202504,2025-04-01,20,1,66,30,15,41856.54
202504,2025-04-01,21,1,29,20,10,11660.03
202504,2025-04-01,22,1,62,20,18,5126.78
202504,2025-04-01,23,1,51,25,10,31961.19
202504,2025-04-01,24,1,52,25,18,13196.56
202504,2025-04-01,25,1,42,25,10,20371.26
202504,2025-04-01,26,1,69,35,12,13611.63
202504,2025-04-01,27,1,95,30,12,33194.9
202504,2025-04-01,28,1,61,30,15,34807.82
202504,2025-04-01,29,1,36,25,10,2305.44
202504,2025-04-01,30,1,62,30,18,29584.54
202504,2025-04-01,31,1,38,20,18,3540.46
202504,2025-04-01,32,1,61,35,15,11825.46
202504,2025-04-01,33,1,47,20,15,27514.74
202504,2025-04-01,34,1,25,20,10,9914.25
202504,2025-04-01,35,1,49,20,12,12987.45
202504,2025-04-01,36,1,89,20,12,12209.02
202504,2025-04-01,37,1,47,30,15,13029.34
202504,2025-04-01,38,1,69,25,15,11948.73
202504,2025-04-01,39,1,22,20,12,6110.06
202504,2025-04-01,40,1,54,25,10,18730.98
202504,2025-04-01,41,1,113,20,18,17512.74
202504,2025-04-01,42,1,71,20,15,5701.3
202504,2025-04-01,43,1,89,35,10,25331.18
202504,2025-04-01,44,1,56,25,18,3489.36
202504,2025-04-01,45,1,81,25,10,10568.07
202504,2025-04-01,46,1,77,35,10,9419.41
202504,2025-04-01,47,1,79,20,12,41982.18
202504,2025-04-01,48,1,91,25,10,35147.84
202504,2025-04-01,49,1,77,25,10,46484.13
202504,2025-04-01,50,1,68,35,10,17411.4
202504,2025-04-01,51,1,72,20,10,6567.12
202504,2025-04-01,52,1,57,30,10,33647.67
202504,2025-04-01,53,1,66,20,12,29146.92
202504,2025-04-01,54,1,65,30,18,6479.85
202504,2025-04-01,55,1,90,20,12,32022.0
202504,2025-04-01,56,1,62,20,18,21122.16
202504,2025-04-01,57,1,52,20,18,23735.4
202504,2025-04-01,58,1,82,35,10,30613.88
202504,2025-04-01,59,1,28,20,18,2895.76
202504,2025-04-01,60,1,95,25,15,33295.6
202504,2025-04-01,61,1,62,20,15,29210.68
202504,2025-04-01,62,1,110,20,15,16267.9
202504,2025-04-01,63,1,78,35,15,25006.8
202504,2025-04-01,64,1,58,30,10,19076.2
202504,2025-04-01,65,1,87,20,10,27692.1
202504,2025-04-01,66,1,48,25,18,27914.88
202504,2025-04-01,67,1,118,30,12,14729.94
202504,2025-04-01,68,1,83,30,12,35502.42
202504,2025-04-01,69,1,81,20,10,32168.34
202504,2025-04-01,70,1,88,35,12,40317.2
202504,2025-04-01,71,1,65,35,10,24061.7
202504,2025-04-01,72,1,66,35,12,24190.32
202504,2025-04-01,73,1,81,35,10,21877.29
202504,2025-04-01,74,1,28,25,18,11734.8
202504,2025-04-01,75,1,104,20,18,18270.72
202504,2025-04-01,76,1,58,20,18,25379.06
202504,2025-04-01,77,1,86,20,10,8619.78
202504,2025-04-01,78,1,53,35,12,19343.41
202504,2025-04-01,79,1,91,25,12,19224.66
202504,2025-04-01,80,1,80,35,15,36408.8
202504,2025-04-01,81,1,68,35,18,15117.08
202504,2025-04-01,82,1,57,20,12,27001.47
202504,2025-04-01,83,1,51,35,15,20869.71
202504,2025-04-01,84,1,76,25,10,33079.0
202504,2025-04-01,85,1,84,35,18,15891.12
202504,2025-04-01,86,1,70,20,10,40036.5
202504,2025-04-01,87,1,75,25,15,34680.0
202504,2025-04-01,88,1,55,20,15,8527.2
202504,2025-04-01,89,1,46,30,18,6705.88
202504,2025-04-01,90,1,98,20,10,35204.54
202504,2025-04-01,91,1,58,25,15,26345.34
202504,2025-04-01,92,1,75,30,12,30522.0
202504,2025-04-01,93,1,78,25,12,25594.92
202504,2025-04-01,94,1,84,35,12,29955.24
202504,2025-04-01,95,1,40,25,10,7068.0
202504,2025-04-01,96,1,47,35,10,8672.91
202504,2025-04-01,97,1,79,35,18,30655.95
202504,2025-04-01,98,1,73,30,18,23431.54
202504,2025-04-01,99,1,76,30,18,31424.48
202504,2025-04-01,100,1,86,35,10,31677.24
202504,2025-04-01,1,2,72,35,18,14851.44
202504,2025-04-01,2,2,58,30,10,24856.48
202504,2025-04-01,3,2,64,35,10,23570.56
202504,2025-04-01,4,2,43,25,15,15780.57
202504,2025-04-01,5,2,44,25,10,23437.92
202504,2025-04-01,6,2,51,30,10,11588.73
202504,2025-04-01,7,2,56,20,18,11191.04
202504,2025-04-01,8,2,26,30,12,8051.68
202504,2025-04-01,9,2,33,35,10,3556.08
202504,2025-04-01,10,2,69,20,18,31212.15
202504,2025-04-01,11,2,37,20,12,19624.06
202504,2025-04-01,12,2,67,25,15,4695.36
202504,2025-04-01,13,2,91,20,15,12744.55
202504,2025-04-01,14,2,49,25,15,4277.7
202504,2025-04-01,15,2,73,25,10,30624.23
202504,2025-04-01,16,2,91,25,12,24182.34
202504,2025-04-01,17,2,50,30,15,3015.0
202504,2025-04-01,18,2,37,20,12,15148.17
202504,2025-04-01,19,2,75,20,10,18229.5
202504,2025-04-01,20,2,52,30,10,32977.88
202504,2025-04-01,21,2,50,35,10,20103.5
202504,2025-04-01,22,2,67,20,15,5540.23
202504,2025-04-01,23,2,74,25,10,46375.06
202504,2025-04-01,24,2,44,25,10,11166.32
202504,2025-04-01,25,2,49,30,10,23766.47
202504,2025-04-01,26,2,19,35,18,3748.13
202504,2025-04-01,27,2,55,30,18,19218.1
202504,2025-04-01,28,2,60,30,18,34237.2
202504,2025-04-01,29,2,27,25,12,1729.08
202504,2025-04-01,30,2,60,30,12,28630.2
202504,2025-04-01,31,2,74,30,10,6894.58
202504,2025-04-01,32,2,37,20,10,7172.82
202504,2025-04-01,33,2,68,30,10,39808.56
202504,2025-04-01,34,2,72,20,15,28553.04
202504,2025-04-01,35,2,82,35,18,21734.1
202504,2025-04-01,36,2,51,30,12,6996.18
202504,2025-04-01,37,2,39,35,18,10811.58
202504,2025-04-01,38,2,48,20,15,8312.16
202504,2025-04-01,39,2,73,35,12,20274.29
202504,2025-04-01,40,2,55,30,15,19077.85
202504,2025-04-01,41,2,48,20,12,7439.04
202504,2025-04-01,42,2,48,20,18,3854.4
202504,2025-04-01,43,2,110,35,15,31308.2
202504,2025-04-01,44,2,98,20,12,6106.38
202504,2025-04-01,45,2,61,25,15,7958.67
202504,2025-04-01,46,2,60,35,10,7339.8
202504,2025-04-01,47,2,89,30,15,47296.38
202504,2025-04-01,48,2,59,30,12,22788.16
202504,2025-04-01,49,2,100,35,10,60369.0
202504,2025-04-01,50,2,55,35,12,14082.75
202504,2025-04-01,51,2,73,25,18,6658.33
202504,2025-04-01,52,2,85,20,12,50176.35
202504,2025-04-01,53,2,67,30,15,29588.54
202504,2025-04-01,54,2,80,35,15,7975.2
202504,2025-04-01,55,2,84,30,18,29887.2
202504,2025-04-01,56,2,65,35,18,22144.2
202504,2025-04-01,57,2,83,25,10,37885.35
202504,2025-04-01,58,2,62,30,10,23147.08
202504,2025-04-01,59,2,68,35,10,7032.56
202504,2025-04-01,60,2,83,20,18,29089.84
202504,2025-04-01,61,2,62,25,10,29210.68
202504,2025-04-01,62,2,114,35,10,16859.46
202504,2025-04-01,63,2,65,30,18,20839.0
202504,2025-04-01,64,2,84,30,18,27627.6
202504,2025-04-01,65,2,65,25,18,20689.5
202504,2025-04-01,66,2,36,20,12,20936.16
202504,2025-04-01,67,2,64,20,18,7989.12
202504,2025-04-01,68,2,96,30,15,41063.04
202504,2025-04-01,69,2,82,25,10,32565.48
202504,2025-04-01,70,2,67,25,18,30696.05
202504,2025-04-01,71,2,63,30,10,23321.34
202504,2025-04-01,72,2,66,30,15,24190.32
202504,2025-04-01,73,2,93,35,12,25118.37
202504,2025-04-01,74,2,81,35,10,33947.1
202504,2025-04-01,75,2,86,25,12,15108.48
202504,2025-04-01,76,2,101,30,15,44194.57
202504,2025-04-01,77,2,57,35,18,5713.11
202504,2025-04-01,78,2,56,25,18,20438.32
202504,2025-04-01,79,2,91,25,15,19224.66
202504,2025-04-01,80,2,90,20,18,40959.9
202504,2025-04-01,81,2,84,35,18,18674.04
202504,2025-04-01,82,2,80,30,12,37896.8
202504,2025-04-01,83,2,32,20,18,13094.72
202504,2025-04-01,84,2,97,35,12,42219.25
202504,2025-04-01,85,2,84,25,18,15891.12
202504,2025-04-01,86,2,72,20,12,41180.4
202504,2025-04-01,87,2,56,30,12,25894.4
202504,2025-04-01,88,2,42,35,18,6511.68
202504,2025-04-01,89,2,73,35,12,10641.94
202504,2025-04-01,90,2,53,30,12,19039.19
202504,2025-04-01,91,2,69,25,18,31341.87
202504,2025-04-01,92,2,98,35,10,39882.08
202504,2025-04-01,93,2,69,35,10,22641.66
202504,2025-04-01,94,2,62,30,18,22109.82
202504,2025-04-01,95,2,40,25,12,7068.0
202504,2025-04-01,96,2,68,20,15,12548.04
202504,2025-04-01,97,2,73,30,12,28327.65
202504,2025-04-01,98,2,72,30,10,23110.56
202504,2025-04-01,99,2,49,30,10,20260.52
202504,2025-04-01,100,2,87,25,18,32045.58
202504,2025-04-01,1,3,17,25,18,3506.59
202504,2025-04-01,2,3,44,20,15,18856.64
202504,2025-04-01,3,3,33,35,18,12153.57
202504,2025-04-01,4,3,52,30,10,19083.48
202504,2025-04-01,5,3,25,30,12,13317.0
202504,2025-04-01,6,3,61,30,18,13861.03
202504,2025-04-01,7,3,70,35,10,13988.8
202504,2025-04-01,8,3,43,35,18,13316.24
202504,2025-04-01,9,3,55,35,15,5926.8
202504,2025-04-01,10,3,62,30,15,28045.7
202504,2025-04-01,11,3,64,25,18,33944.32
202504,2025-04-01,12,3,41,20,10,2873.28
202504,2025-04-01,13,3,22,25,15,3081.1
202504,2025-04-01,14,3,53,25,12,4626.9
202504,2025-04-01,15,3,90,35,12,37755.9
202504,2025-04-01,16,3,36,35,12,9566.64
202504,2025-04-01,17,3,63,35,12,3798.9
202504,2025-04-01,18,3,70,25,10,28658.7
202504,2025-04-01,19,3,63,25,12,15312.78
202504,2025-04-01,20,3,38,25,18,24099.22
202504,2025-04-01,21,3,29,20,10,11660.03
202504,2025-04-01,22,3,30,20,18,2480.7
202504,2025-04-01,23,3,59,30,18,36974.71
202504,2025-04-01,24,3,61,35,10,15480.58
202504,2025-04-01,25,3,43,35,10,20856.29
202504,2025-04-01,26,3,51,35,12,10060.77
202504,2025-04-01,27,3,29,20,15,10133.18
202504,2025-04-01,28,3,50,25,15,28531.0
202504,2025-04-01,29,3,32,20,15,2049.28
202504,2025-04-01,30,3,53,30,18,25290.01
202504,2025-04-01,31,3,81,25,10,7546.77
202504,2025-04-01,32,3,33,30,12,6397.38
202504,2025-04-01,33,3,23,20,18,13464.66
202504,2025-04-01,34,3,60,20,12,23794.2
202504,2025-04-01,35,3,28,25,12,7421.4
202504,2025-04-01,36,3,38,20,12,5212.84
202504,2025-04-01,37,3,63,35,10,17464.86
202504,2025-04-01,38,3,47,20,15,8138.99
202504,2025-04-01,39,3,42,25,18,11664.66
202504,2025-04-01,40,3,52,30,18,18037.24
202504,2025-04-01,41,3,81,20,10,12553.38
202504,2025-04-01,42,3,79,35,10,6343.7
202504,2025-04-01,43,3,85,20,18,24192.7
202504,2025-04-01,44,3,73,35,10,4548.63
202504,2025-04-01,45,3,100,25,10,13047.0
202504,2025-04-01,46,3,53,35,12,6483.49
202504,2025-04-01,47,3,93,35,10,49422.06
202504,2025-04-01,48,3,76,30,10,29354.24
202504,2025-04-01,49,3,53,20,15,31995.57
202504,2025-04-01,50,3,58,25,12,14850.9
202504,2025-04-01,51,3,46,25,18,4195.66
202504,2025-04-01,52,3,68,35,12,40141.08
202504,2025-04-01,53,3,77,30,15,34004.74
202504,2025-04-01,54,3,68,35,12,6778.92
202504,2025-04-01,55,3,52,20,18,18501.6
202504,2025-04-01,56,3,74,25,15,25210.32
202504,2025-04-01,57,3,39,35,18,17801.55
202504,2025-04-01,58,3,73,25,10,27253.82
202504,2025-04-01,59,3,69,25,10,7135.98
202504,2025-04-01,60,3,94,35,15,32945.12
202504,2025-04-01,61,3,70,30,10,32979.8
202504,2025-04-01,62,3,75,25,15,11091.75
202504,2025-04-01,63,3,74,30,10,23724.4
202504,2025-04-01,64,3,85,25,12,27956.5
202504,2025-04-01,65,3,69,25,18,21962.7
202504,2025-04-01,66,3,54,25,18,31404.24
202504,2025-04-01,67,3,74,25,10,9237.42
202504,2025-04-01,68,3,83,25,10,35502.42
202504,2025-04-01,69,3,63,35,12,25019.82
202504,2025-04-01,70,3,72,30,10,32986.8
202504,2025-04-01,71,3,55,30,18,20359.9
202504,2025-04-01,72,3,55,20,12,20158.6
202504,2025-04-01,73,3,68,35,18,18366.12
202504,2025-04-01,74,3,82,35,18,34366.2
202504,2025-04-01,75,3,47,30,12,8256.96
202504,2025-04-01,76,3,87,35,12,38068.59
202504,2025-04-01,77,3,79,30,15,7918.17
202504,2025-04-01,78,3,38,25,18,13868.86
202504,2025-04-01,79,3,81,30,15,17112.06
202504,2025-04-01,80,3,33,20,18,15018.63
202504,2025-04-01,81,3,80,20,18,17784.8
202504,2025-04-01,82,3,72,30,10,34107.12
202504,2025-04-01,83,3,74,35,18,30281.54
202504,2025-04-01,84,3,81,30,18,35255.25
202504,2025-04-01,85,3,89,20,12,16837.02
202504,2025-04-01,86,3,97,20,10,55479.15
202504,2025-04-01,87,3,71,20,12,32830.4
202504,2025-04-01,88,3,65,20,12,10077.6
202504,2025-04-01,89,3,67,25,10,9767.26
202504,2025-04-01,90,3,71,30,15,25505.33
202504,2025-04-01,91,3,60,25,10,27253.8
202504,2025-04-01,92,3,53,30,15,21568.88
202504,2025-04-01,93,3,42,20,12,13781.88
202504,2025-04-01,94,3,52,25,12,18543.72
202504,2025-04-01,95,3,73,30,12,12899.1
202504,2025-04-01,96,3,86,25,12,15869.58
202504,2025-04-01,97,3,64,25,10,24835.2
202504,2025-04-01,98,3,66,25,12,21184.68
202504,2025-04-01,99,3,62,30,10,25635.76
202504,2025-04-01,100,3,74,20,12,27257.16
202504,2025-04-01,1,4,44,30,15,9075.88
202504,2025-04-01,2,4,47,30,10,20142.32
202504,2025-04-01,3,4,54,20,12,19887.66
202504,2025-04-01,4,4,60,30,15,22019.4
202504,2025-04-01,5,4,41,30,10,21839.88
202504,2025-04-01,6,4,76,25,18,17269.48
202504,2025-04-01,7,4,94,30,12,18784.96
202504,2025-04-01,8,4,60,25,12,18580.8
202504,2025-04-01,9,4,48,25,12,5172.48
202504,2025-04-01,10,4,52,30,12,23522.2
202504,2025-04-01,11,4,27,35,12,14320.26
202504,2025-04-01,12,4,43,35,12,3013.44
202504,2025-04-01,13,4,56,20,10,7842.8
202504,2025-04-01,14,4,75,30,12,6547.5
202504,2025-04-01,15,4,58,20,12,24331.58
202504,2025-04-01,16,4,55,30,15,14615.7
202504,2025-04-01,17,4,37,20,12,2231.1
202504,2025-04-01,18,4,54,20,18,22108.14
202504,2025-04-01,19,4,56,30,18,13611.36
202504,2025-04-01,20,4,32,30,12,20294.08
202504,2025-04-01,21,4,69,20,10,27742.83
202504,2025-04-01,22,4,49,25,12,4051.81
202504,2025-04-01,23,4,60,35,18,37601.4
202504,2025-04-01,24,4,51,25,10,12942.78
202504,2025-04-01,25,4,54,35,18,26191.62
202504,2025-04-01,26,4,43,30,15,8482.61
202504,2025-04-01,27,4,34,30,12,11880.28
202504,2025-04-01,28,4,34,20,10,19401.08
202504,2025-04-01,29,4,70,35,12,4482.8
202504,2025-04-01,30,4,47,30,10,22426.99
202504,2025-04-01,31,4,47,25,18,4378.99
202504,2025-04-01,32,4,27,30,10,5234.22
202504,2025-04-01,33,4,38,25,12,22245.96
202504,2025-04-01,34,4,68,35,18,26966.76
202504,2025-04-01,35,4,60,20,12,15903.0
202504,2025-04-01,36,4,45,20,18,6173.1
202504,2025-04-01,37,4,36,30,12,9979.92
202504,2025-04-01,38,4,58,35,12,10043.86
202504,2025-04-01,39,4,56,35,15,15552.88
202504,2025-04-01,40,4,47,35,15,16302.89
202504,2025-04-01,41,4,84,25,18,13018.32
202504,2025-04-01,42,4,75,30,18,6022.5
202504,2025-04-01,43,4,51,20,12,14515.62
202504,2025-04-01,44,4,78,20,18,4860.18
202504,2025-04-01,45,4,69,20,18,9002.43
202504,2025-04-01,46,4,77,25,10,9419.41
202504,2025-04-01,47,4,83,20,12,44107.86
202504,2025-04-01,48,4,69,30,15,26650.56
202504,2025-04-01,49,4,82,25,15,49502.58
202504,2025-04-01,50,4,89,20,12,22788.45
202504,2025-04-01,51,4,69,25,10,6293.49
202504,2025-04-01,52,4,74,20,15,43682.94
202504,2025-04-01,53,4,89,25,15,39304.18
202504,2025-04-01,54,4,79,30,10,7875.51
202504,2025-04-01,55,4,85,30,10,30243.0
202504,2025-04-01,56,4,78,30,12,26573.04
202504,2025-04-01,57,4,84,25,10,38341.8
202504,2025-04-01,58,4,86,20,15,32107.24
202504,2025-04-01,59,4,77,25,10,7963.34
202504,2025-04-01,60,4,78,35,18,27337.44
202504,2025-04-01,61,4,62,35,12,29210.68
202504,2025-04-01,62,4,78,30,18,11535.42
202504,2025-04-01,63,4,128,25,15,41036.8
202504,2025-04-01,64,4,33,30,12,10853.7
202504,2025-04-01,65,4,56,25,10,17824.8
202504,2025-04-01,66,4,74,25,15,43035.44
202504,2025-04-01,67,4,89,30,10,11109.87
202504,2025-04-01,68,4,82,25,10,35074.68
202504,2025-04-01,69,4,68,30,18,27005.52
202504,2025-04-01,70,4,76,35,10,34819.4
202504,2025-04-01,71,4,89,35,18,32946.02
202504,2025-04-01,72,4,98,35,12,35918.96
202504,2025-04-01,73,4,64,25,12,17285.76
202504,2025-04-01,74,4,43,25,18,18021.3
202504,2025-04-01,75,4,76,30,10,13351.68
202504,2025-04-01,76,4,49,30,10,21440.93
202504,2025-04-01,77,4,113,25,15,11325.99
202504,2025-04-01,78,4,79,35,15,28832.63
202504,2025-04-01,79,4,65,35,15,13731.9
202504,2025-04-01,80,4,114,20,15,51882.54
202504,2025-04-01,81,4,102,30,12,22675.62
202504,2025-04-01,82,4,94,25,15,44528.74
202504,2025-04-01,83,4,88,35,18,36010.48
202504,2025-04-01,84,4,115,25,18,50053.75
202504,2025-04-01,85,4,84,25,10,15891.12
202504,2025-04-01,86,4,51,30,18,29169.45
202504,2025-04-01,87,4,96,35,12,44390.4
202504,2025-04-01,88,4,21,25,15,3255.84
202504,2025-04-01,89,4,69,30,12,10058.82
202504,2025-04-01,90,4,48,30,15,17243.04
202504,2025-04-01,91,4,40,20,18,18169.2
202504,2025-04-01,92,4,56,25,12,22789.76
202504,2025-04-01,93,4,67,25,12,21985.38
202504,2025-04-01,94,4,54,30,10,19256.94
202504,2025-04-01,95,4,55,20,12,9718.5
202504,2025-04-01,96,4,89,30,18,16423.17
202504,2025-04-01,97,4,43,25,15,16686.15
202504,2025-04-01,98,4,77,35,12,24715.46
202504,2025-04-01,99,4,98,35,12,40521.04
202504,2025-04-01,100,4,42,30,12,15470.28
202504,2025-04-01,1,5,75,20,10,15470.25
202504,2025-04-01,2,5,81,25,12,34713.36
202504,2025-04-01,3,5,78,25,15,28726.62
202504,2025-04-01,4,5,52,20,15,19083.48
202504,2025-04-01,5,5,68,25,10,36222.24
202504,2025-04-01,6,5,71,20,18,16133.33
202504,2025-04-01,7,5,80,35,12,15987.2
202504,2025-04-01,8,5,75,35,10,23226.0
202504,2025-04-01,9,5,61,25,18,6573.36
202504,2025-04-01,10,5,62,35,10,28045.7
202504,2025-04-01,11,5,45,30,15,23867.1
202504,2025-04-01,12,5,59,20,15,4134.72
202504,2025-04-01,13,5,60,35,12,8403.0
202504,2025-04-01,14,5,35,25,10,3055.5
202504,2025-04-01,15,5,98,35,15,41111.98
202504,2025-04-01,16,5,62,20,10,16475.88
202504,2025-04-01,17,5,89,25,10,5366.7
202504,2025-04-01,18,5,56,20,10,22926.96
202504,2025-04-01,19,5,38,25,12,9236.28
202504,2025-04-01,20,5,53,30,12,33612.07
202504,2025-04-01,21,5,66,25,12,26536.62
202504,2025-04-01,22,5,82,25,15,6780.58
202504,2025-04-01,23,5,52,35,10,32587.88
202504,2025-04-01,24,5,27,20,12,6852.06
202504,2025-04-01,25,5,88,35,10,42682.64
202504,2025-04-01,26,5,39,20,18,7693.53
202504,2025-04-01,27,5,54,20,12,18868.68
202504,2025-04-01,28,5,85,35,18,48502.7
202504,2025-04-01,29,5,64,20,15,4098.56
202504,2025-04-01,30,5,86,35,15,41036.62
202504,2025-04-01,31,5,38,35,10,3540.46
202504,2025-04-01,32,5,78,35,10,15121.08
202504,2025-04-01,33,5,56,35,18,32783.52
202504,2025-04-01,34,5,48,25,18,19035.36
202504,2025-04-01,35,5,79,30,12,20938.95
202504,2025-04-01,36,5,67,30,10,9191.06
202504,2025-04-01,37,5,50,20,15,13861.0
202504,2025-04-01,38,5,57,25,18,9870.69
202504,2025-04-01,39,5,30,25,12,8331.9
202504,2025-04-01,40,5,42,30,18,14568.54
202504,2025-04-01,41,5,82,20,18,12708.36
202504,2025-04-01,42,5,71,35,12,5701.3
202504,2025-04-01,43,5,55,25,10,15654.1
202504,2025-04-01,44,5,71,25,12,4424.01
202504,2025-04-01,45,5,90,35,10,11742.3
202504,2025-04-01,46,5,97,20,15,11866.01
202504,2025-04-01,47,5,54,30,10,28696.68
202504,2025-04-01,48,5,45,35,15,17380.8
202504,2025-04-01,49,5,51,25,12,30788.19
202504,2025-04-01,50,5,92,20,18,23556.6
202504,2025-04-01,51,5,85,30,15,7752.85
202504,2025-04-01,52,5,71,30,10,41912.01
202504,2025-04-01,53,5,76,25,18,33563.12
202504,2025-04-01,54,5,96,25,18,9570.24
202504,2025-04-01,55,5,74,35,18,26329.2
202504,2025-04-01,56,5,79,30,18,26913.72
202504,2025-04-01,57,5,100,35,10,45645.0
202504,2025-04-01,58,5,91,35,12,33973.94
202504,2025-04-01,59,5,47,30,15,4860.74
202504,2025-04-01,60,5,69,25,10,24183.12
202504,2025-04-01,61,5,46,30,18,21672.44
202504,2025-04-01,62,5,63,20,18,9317.07
202504,2025-04-01,63,5,77,30,15,24686.2
202504,2025-04-01,64,5,63,20,18,20720.7
202504,2025-04-01,65,5,41,20,10,13050.3
202504,2025-04-01,66,5,65,35,12,37801.4
202504,2025-04-01,67,5,109,25,15,13606.47
202504,2025-04-01,68,5,74,25,10,31652.76
202504,2025-04-01,69,5,97,25,15,38522.58
202504,2025-04-01,70,5,78,25,18,35735.7
202504,2025-04-01,71,5,74,30,15,27393.32
202504,2025-04-01,72,5,94,30,10,34452.88
202504,2025-04-01,73,5,119,35,12,32140.71
202504,2025-04-01,74,5,64,25,15,26822.4
202504,2025-04-01,75,5,81,30,18,14230.08
202504,2025-04-01,76,5,85,30,12,37193.45
202504,2025-04-01,77,5,51,35,15,5111.73
202504,2025-04-01,78,5,52,35,10,18978.44
202504,2025-04-01,79,5,59,25,15,12464.34
202504,2025-04-01,80,5,91,30,15,41415.01
202504,2025-04-01,81,5,101,25,18,22453.31
202504,2025-04-01,82,5,94,25,18,44528.74
202504,2025-04-01,83,5,106,20,15,43376.26
202504,2025-04-01,84,5,88,35,12,38302.0
202504,2025-04-01,85,5,46,25,18,8702.28
202504,2025-04-01,86,5,62,30,10,35460.9
202504,2025-04-01,87,5,90,20,10,41616.0
202504,2025-04-01,88,5,44,30,12,6821.76
202504,2025-04-01,89,5,81,30,15,11808.18
202504,2025-04-01,90,5,98,35,15,35204.54
202504,2025-04-01,91,5,90,25,10,40880.7
202504,2025-04-01,92,5,85,35,15,34591.6
202504,2025-04-01,93,5,56,25,15,18375.84
202504,2025-04-01,94,5,80,20,10,28528.8
202504,2025-04-01,95,5,94,25,18,16609.8
202504,2025-04-01,96,5,58,20,15,10702.74
202504,2025-04-01,97,5,91,35,10,35312.55
202504,2025-04-01,98,5,99,30,18,31777.02
202504,2025-04-01,99,5,89,35,10,36799.72
202504,2025-04-01,100,5,60,30,12,22100.4
202504,2025-04-01,1,6,39,35,15,8044.53
202504,2025-04-01,2,6,56,30,12,23999.36
202504,2025-04-01,3,6,61,35,10,22465.69
202504,2025-04-01,4,6,37,35,18,13578.63
202504,2025-04-01,5,6,44,20,18,23437.92
202504,2025-04-01,6,6,65,30,18,14769.95
202504,2025-04-01,7,6,64,30,18,12789.76
202504,2025-04-01,8,6,42,35,12,13006.56
202504,2025-04-01,9,6,32,35,12,3448.32
202504,2025-04-01,10,6,57,35,10,25783.95
202504,2025-04-01,11,6,58,30,15,30762.04
202504,2025-04-01,12,6,73,20,15,5115.84
202504,2025-04-01,13,6,64,20,10,8963.2
202504,2025-04-01,14,6,49,25,18,4277.7
202504,2025-04-01,15,6,48,35,12,20136.48
202504,2025-04-01,16,6,43,20,10,11426.82
202504,2025-04-01,17,6,78,30,15,4703.4
202504,2025-04-01,18,6,45,20,18,18423.45
202504,2025-04-01,19,6,41,35,10,9965.46
202504,2025-04-01,20,6,34,30,12,21562.46
202504,2025-04-01,21,6,96,30,18,38598.72
202504,2025-04-01,22,6,75,35,10,6201.75
202504,2025-04-01,23,6,39,30,10,24440.91
202504,2025-04-01,24,6,65,25,12,16495.7
202504,2025-04-01,25,6,81,35,15,39287.43
202504,2025-04-01,26,6,27,35,12,5326.29
202504,2025-04-01,27,6,66,25,10,23061.72
202504,2025-04-01,28,6,69,35,18,39372.78
202504,2025-04-01,29,6,80,35,12,5123.2
202504,2025-04-01,30,6,48,20,18,22904.16
202504,2025-04-01,31,6,41,35,10,3819.97
202504,2025-04-01,32,6,43,25,12,8335.98
202504,2025-04-01,33,6,73,25,18,42735.66
202504,2025-04-01,34,6,64,35,18,25380.48
202504,2025-04-01,35,6,51,30,10,13517.55
202504,2025-04-01,36,6,50,20,18,6859.0
202504,2025-04-01,37,6,31,35,15,8593.82
202504,2025-04-01,38,6,45,25,15,7792.65
202504,2025-04-01,39,6,39,20,18,10831.47
202504,2025-04-01,40,6,61,35,12,21159.07
202504,2025-04-01,41,6,75,35,12,11623.5
202504,2025-04-01,42,6,95,30,12,7628.5
202504,2025-04-01,43,6,50,35,18,14231.0
202504,2025-04-01,44,6,64,20,15,3987.84
202504,2025-04-01,45,6,50,30,10,6523.5
202504,2025-04-01,46,6,55,30,12,6728.15
202504,2025-04-01,47,6,76,25,10,40387.92
202504,2025-04-01,48,6,62,35,10,23946.88
202504,2025-04-01,49,6,69,30,18,41654.61
202504,2025-04-01,50,6,83,20,18,21252.15
202504,2025-04-01,51,6,79,35,10,7205.59
202504,2025-04-01,52,6,98,35,18,57850.38
202504,2025-04-01,53,6,83,25,12,36654.46
202504,2025-04-01,54,6,78,20,10,7775.82
202504,2025-04-01,55,6,48,35,12,17078.4
202504,2025-04-01,56,6,72,20,18,24528.96
202504,2025-04-01,57,6,50,25,12,22822.5
202504,2025-04-01,58,6,68,20,12,25387.12
202504,2025-04-01,59,6,75,35,10,7756.5
202504,2025-04-01,60,6,35,25,18,12266.8
202504,2025-04-01,61,6,83,30,12,39104.62
202504,2025-04-01,62,6,95,25,18,14049.55
202504,2025-04-01,63,6,119,20,18,38151.4
202504,2025-04-01,64,6,67,20,18,22036.3
202504,2025-04-01,65,6,26,30,15,8275.8
202504,2025-04-01,66,6,57,25,18,33148.92
202504,2025-04-01,67,6,72,30,12,8987.76
202504,2025-04-01,68,6,38,20,12,16254.12
202504,2025-04-01,69,6,70,25,10,27799.8
202504,2025-04-01,70,6,78,25,15,35735.7
202504,2025-04-01,71,6,70,30,10,25912.6
202504,2025-04-01,72,6,65,20,15,23823.8
202504,2025-04-01,73,6,85,30,18,22957.65
202504,2025-04-01,74,6,56,35,10,23469.6
202504,2025-04-01,75,6,105,35,12,18446.4
202504,2025-04-01,76,6,78,20,15,34130.46
202504,2025-04-01,77,6,56,35,12,5612.88
202504,2025-04-01,78,6,116,20,15,42336.52
202504,2025-04-01,79,6,69,30,12,14576.94
202504,2025-04-01,80,6,95,30,12,43235.45
202504,2025-04-01,81,6,67,30,12,14894.77
202504,2025-04-01,82,6,71,20,12,33633.41
202504,2025-04-01,83,6,99,20,18,40511.79
202504,2025-04-01,84,6,110,20,18,47877.5
202504,2025-04-01,85,6,87,35,10,16458.66
202504,2025-04-01,86,6,70,35,18,40036.5
202504,2025-04-01,87,6,81,30,12,37454.4
202504,2025-04-01,88,6,40,20,15,6201.6
202504,2025-04-01,89,6,63,20,10,9184.14
202504,2025-04-01,90,6,58,35,15,20835.34
202504,2025-04-01,91,6,88,25,10,39972.24
202504,2025-04-01,92,6,69,30,10,28080.24
202504,2025-04-01,93,6,64,25,18,21000.96
202504,2025-04-01,94,6,76,20,10,27102.36
202504,2025-04-01,95,6,82,35,10,14489.4
202504,2025-04-01,96,6,31,25,18,5720.43
202504,2025-04-01,97,6,37,30,10,14357.85
202504,2025-04-01,98,6,86,35,10,27604.28
202504,2025-04-01,99,6,68,25,10,28116.64
202504,2025-04-01,100,6,86,20,10,31677.24
202505,2025-05-01,1,1,78,35,12,16089.06
202505,2025-05-01,2,1,52,35,12,22285.12
202505,2025-05-01,3,1,49,25,18,18046.21
202505,2025-05-01,4,1,56,25,15,20551.44
202505,2025-05-01,5,1,76,30,15,40483.68
202505,2025-05-01,6,1,41,20,10,9316.43
202505,2025-05-01,7,1,84,35,12,16786.56
202505,2025-05-01,8,1,46,30,12,14245.28
202505,2025-05-01,9,1,86,35,15,9267.36
202505,2025-05-01,10,1,70,20,10,31664.5
202505,2025-05-01,11,1,41,35,10,21745.58
202505,2025-05-01,12,1,79,35,10,5536.32
202505,2025-05-01,13,1,58,35,10,8122.9
202505,2025-05-01,14,1,53,25,18,4626.9
202505,2025-05-01,15,1,37,35,18,15521.87
202505,2025-05-01,16,1,50,25,10,13287.0
202505,2025-05-01,17,1,41,20,12,2472.3
202505,2025-05-01,18,1,81,20,12,33162.21
202505,2025-05-01,19,1,41,20,18,9965.46
202505,2025-05-01,20,1,64,20,12,40588.16
202505,2025-05-01,21,1,42,35,12,16886.94
202505,2025-05-01,22,1,73,30,15,6036.37
202505,2025-05-01,23,1,19,30,12,11907.11
202505,2025-05-01,24,1,70,30,18,17764.6
202505,2025-05-01,25,1,49,25,15,23766.47
202505,2025-05-01,26,1,32,30,18,6312.64
202505,2025-05-01,27,1,46,20,10,16073.32
202505,2025-05-01,28,1,53,25,10,30242.86
202505,2025-05-01,29,1,47,30,12,3009.88
202505,2025-05-01,30,1,68,30,12,32447.56
202505,2025-05-01,31,1,91,30,12,8478.47
202505,2025-05-01,32,1,56,35,10,10856.16
202505,2025-05-01,33,1,55,20,12,32198.1
202505,2025-05-01,34,1,39,25,18,15466.23
202505,2025-05-01,35,1,59,30,12,15637.95
202505,2025-05-01,36,1,79,20,12,10837.22
202505,2025-05-01,37,1,49,30,18,13583.78
202505,2025-05-01,38,1,45,35,10,7792.65
202505,2025-05-01,39,1,86,25,18,23884.78
202505,2025-05-01,40,1,51,35,10,17690.37
202505,2025-05-01,41,1,91,25,15,14103.18
202505,2025-05-01,42,1,70,25,18,5621.0
202505,2025-05-01,43,1,69,30,12,19638.78
202505,2025-05-01,44,1,75,30,10,4673.25
202505,2025-05-01,45,1,64,30,15,8350.08
202505,2025-05-01,46,1,76,25,18,9297.08
202505,2025-05-01,47,1,100,30,10,53142.0
202505,2025-05-01,48,1,79,35,15,30512.96
202505,2025-05-01,49,1,53,30,10,31995.57
202505,2025-05-01,50,1,66,25,18,16899.3
202505,2025-05-01,51,1,79,30,12,7205.59
202505,2025-05-01,52,1,97,20,15,57260.07
202505,2025-05-01,53,1,80,35,18,35329.6
202505,2025-05-01,54,1,92,25,15,9171.48
202505,2025-05-01,55,1,72,30,18,25617.6
202505,2025-05-01,56,1,87,35,12,29639.16
202505,2025-05-01,57,1,105,25,12,47927.25
202505,2025-05-01,58,1,89,25,18,33227.26
202505,2025-05-01,59,1,44,20,18,4550.48
202505,2025-05-01,60,1,55,35,18,19276.4
202505,2025-05-01,61,1,83,35,15,39104.62
202505,2025-05-01,62,1,84,20,12,12422.76
202505,2025-05-01,63,1,28,30,15,8976.8
202505,2025-05-01,64,1,57,35,12,18747.3
202505,2025-05-01,65,1,73,25,10,23235.9
202505,2025-05-01,66,1,81,30,12,47106.36
202505,2025-05-01,67,1,69,35,12,8613.27
202505,2025-05-01,68,1,124,25,18,53039.76
202505,2025-05-01,69,1,55,25,10,21842.7
202505,2025-05-01,70,1,66,35,18,30237.9
202505,2025-05-01,71,1,82,35,10,30354.76
202505,2025-05-01,72,1,53,35,18,19425.56
202505,2025-05-01,73,1,56,25,12,15125.04
202505,2025-05-01,74,1,55,30,18,23050.5
202505,2025-05-01,75,1,67,25,12,11770.56
202505,2025-05-01,76,1,67,25,15,29317.19
202505,2025-05-01,77,1,59,35,18,5913.57
202505,2025-05-01,78,1,54,35,18,19708.38
202505,2025-05-01,79,1,63,35,12,13309.38
202505,2025-05-01,80,1,71,30,18,32312.81
202505,2025-05-01,81,1,66,20,15,14672.46
202505,2025-05-01,82,1,67,20,12,31738.57
202505,2025-05-01,83,1,88,30,12,36010.48
202505,2025-05-01,84,1,50,20,15,21762.5
202505,2025-05-01,85,1,82,25,10,15512.76
202505,2025-05-01,86,1,73,30,12,41752.35
202505,2025-05-01,87,1,64,25,10,29593.6
202505,2025-05-01,88,1,46,25,12,7131.84
202505,2025-05-01,89,1,60,35,10,8746.8
202505,2025-05-01,90,1,81,20,10,29097.63
202505,2025-05-01,91,1,42,20,15,19077.66
202505,2025-05-01,92,1,27,30,10,10987.92
202505,2025-05-01,93,1,113,35,18,37079.82
202505,2025-05-01,94,1,71,25,10,25319.31
202505,2025-05-01,95,1,61,30,12,10778.7
202505,2025-05-01,96,1,51,20,15,9411.03
202505,2025-05-01,97,1,88,20,12,34148.4
202505,2025-05-01,98,1,67,30,10,21505.66
202505,2025-05-01,99,1,74,20,12,30597.52
202505,2025-05-01,100,1,72,35,15,26520.48
202505,2025-05-01,1,2,58,25,18,11963.66
202505,2025-05-01,2,2,85,25,10,36427.6
202505,2025-05-01,3,2,49,35,15,18046.21
202505,2025-05-01,4,2,57,35,15,20918.43
202505,2025-05-01,5,2,65,25,12,34624.2
202505,2025-05-01,6,2,53,30,10,12043.19
202505,2025-05-01,7,2,61,30,12,12190.24
202505,2025-05-01,8,2,70,20,12,21677.6
202505,2025-05-01,9,2,45,25,15,4849.2
202505,2025-05-01,10,2,56,25,10,25331.6
202505,2025-05-01,11,2,58,35,18,30762.04
202505,2025-05-01,12,2,46,35,10,3223.68
202505,2025-05-01,13,2,50,30,18,7002.5
202505,2025-05-01,14,2,59,25,10,5150.7
202505,2025-05-01,15,2,47,30,18,19716.97
202505,2025-05-01,16,2,57,25,10,15147.18
202505,2025-05-01,17,2,75,20,18,4522.5
202505,2025-05-01,18,2,56,30,12,22926.96
202505,2025-05-01,19,2,77,20,18,18715.62
202505,2025-05-01,20,2,49,35,18,31075.31
202505,2025-05-01,21,2,45,20,18,18093.15
202505,2025-05-01,22,2,42,30,18,3472.98
202505,2025-05-01,23,2,76,25,15,47628.44
202505,2025-05-01,24,2,44,20,15,11166.32
202505,2025-05-01,25,2,42,25,15,20371.26
202505,2025-05-01,26,2,49,35,15,9666.23
202505,2025-05-01,27,2,50,20,12,17471.0
202505,2025-05-01,28,2,55,30,12,31384.1
202505,2025-05-01,29,2,51,20,12,3266.04
202505,2025-05-01,30,2,73,35,15,34833.41
202505,2025-05-01,31,2,26,35,10,2422.42
202505,2025-05-01,32,2,50,20,10,9693.0
202505,2025-05-01,33,2,49,35,18,28685.58
202505,2025-05-01,34,2,52,35,12,20621.64
202505,2025-05-01,35,2,55,25,10,14577.75
202505,2025-05-01,36,2,66,35,15,9053.88
202505,2025-05-01,37,2,82,20,12,22732.04
202505,2025-05-01,38,2,24,35,10,4156.08
202505,2025-05-01,39,2,64,25,10,17774.72
202505,2025-05-01,40,2,60,25,15,20812.2
202505,2025-05-01,41,2,50,20,12,7749.0
202505,2025-05-01,42,2,79,35,12,6343.7
202505,2025-05-01,43,2,88,25,18,25046.56
202505,2025-05-01,44,2,58,20,12,3613.98
202505,2025-05-01,45,2,51,30,12,6653.97
202505,2025-05-01,46,2,90,30,15,11009.7
202505,2025-05-01,47,2,58,30,18,30822.36
202505,2025-05-01,48,2,54,30,10,20856.96
202505,2025-05-01,49,2,68,30,18,41050.92
202505,2025-05-01,50,2,80,35,10,20484.0
202505,2025-05-01,51,2,107,35,18,9759.47
202505,2025-05-01,52,2,77,25,12,45453.87
202505,2025-05-01,53,2,67,30,10,29588.54
202505,2025-05-01,54,2,87,20,18,8673.03
202505,2025-05-01,55,2,98,35,15,34868.4
202505,2025-05-01,56,2,96,20,10,32705.28
202505,2025-05-01,57,2,52,35,10,23735.4
202505,2025-05-01,58,2,99,30,10,36960.66
202505,2025-05-01,59,2,77,35,12,7963.34
202505,2025-05-01,60,2,77,25,15,26986.96
202505,2025-05-01,61,2,32,20,15,15076.48
202505,2025-05-01,62,2,45,30,18,6655.05
202505,2025-05-01,63,2,44,25,15,14106.4
202505,2025-05-01,64,2,39,20,10,12827.1
202505,2025-05-01,65,2,90,30,10,28647.0
202505,2025-05-01,66,2,57,30,15,33148.92
202505,2025-05-01,67,2,64,20,10,7989.12
202505,2025-05-01,68,2,114,30,18,48762.36
202505,2025-05-01,69,2,65,30,15,25814.1
202505,2025-05-01,70,2,85,35,15,38942.75
202505,2025-05-01,71,2,49,25,10,18138.82
202505,2025-05-01,72,2,68,35,10,24923.36
202505,2025-05-01,73,2,91,35,18,24578.19
202505,2025-05-01,74,2,75,20,10,31432.5
202505,2025-05-01,75,2,93,30,10,16338.24
202505,2025-05-01,76,2,82,25,10,35880.74
202505,2025-05-01,77,2,86,30,15,8619.78
202505,2025-05-01,78,2,71,30,10,25912.87
202505,2025-05-01,79,2,83,30,10,17534.58
202505,2025-05-01,80,2,51,25,12,23210.61
202505,2025-05-01,81,2,60,25,10,13338.6
202505,2025-05-01,82,2,85,20,12,40265.35
202505,2025-05-01,83,2,86,35,18,35192.06
202505,2025-05-01,84,2,68,25,10,29597.0
202505,2025-05-01,85,2,58,25,15,10972.44
202505,2025-05-01,86,2,69,35,15,39464.55
202505,2025-05-01,87,2,58,20,18,26819.2
202505,2025-05-01,88,2,77,20,12,11938.08
202505,2025-05-01,89,2,73,35,15,10641.94
202505,2025-05-01,90,2,79,25,15,28379.17
202505,2025-05-01,91,2,51,20,18,23165.73
202505,2025-05-01,92,2,49,30,18,19941.04
202505,2025-05-01,93,2,52,25,12,17063.28
202505,2025-05-01,94,2,57,25,15,20326.77
202505,2025-05-01,95,2,54,35,12,9541.8
202505,2025-05-01,96,2,67,25,10,12363.51
202505,2025-05-01,97,2,56,25,18,21730.8
202505,2025-05-01,98,2,83,30,15,26641.34
202505,2025-05-01,99,2,62,20,10,25635.76
202505,2025-05-01,100,2,77,35,18,28362.18
202505,2025-05-01,1,3,68,20,18,14026.36
202505,2025-05-01,2,3,18,20,12,7714.08
202505,2025-05-01,3,3,36,20,10,13258.44
202505,2025-05-01,4,3,59,20,15,21652.41
202505,2025-05-01,5,3,26,25,10,13849.68
202505,2025-05-01,6,3,64,20,12,14542.72
202505,2025-05-01,7,3,73,25,18,14588.32
202505,2025-05-01,8,3,59,35,10,18271.12
202505,2025-05-01,9,3,60,20,15,6465.6
202505,2025-05-01,10,3,79,30,15,35735.65
202505,2025-05-01,11,3,84,20,15,44551.92
202505,2025-05-01,12,3,70,25,18,4905.6
202505,2025-05-01,13,3,49,25,12,6862.45
202505,2025-05-01,14,3,47,20,10,4103.1
202505,2025-05-01,15,3,41,35,10,17199.91
202505,2025-05-01,16,3,44,30,18,11692.56
202505,2025-05-01,17,3,30,25,12,1809.0
202505,2025-05-01,18,3,52,20,15,21289.32
202505,2025-05-01,19,3,48,25,18,11666.88
202505,2025-05-01,20,3,85,20,18,53906.15
202505,2025-05-01,21,3,35,35,15,14072.45
202505,2025-05-01,22,3,69,30,15,5705.61
202505,2025-05-01,23,3,88,30,18,55148.72
202505,2025-05-01,24,3,25,20,12,6344.5
202505,2025-05-01,25,3,81,25,10,39287.43
202505,2025-05-01,26,3,61,35,10,12033.47
202505,2025-05-01,27,3,37,30,18,12928.54
202505,2025-05-01,28,3,34,20,15,19401.08
202505,2025-05-01,29,3,57,25,15,3650.28
202505,2025-05-01,30,3,70,35,18,33401.9
202505,2025-05-01,31,3,52,35,18,4844.84
202505,2025-05-01,32,3,56,25,18,10856.16
202505,2025-05-01,33,3,31,25,12,18148.02
202505,2025-05-01,34,3,54,30,18,21414.78
202505,2025-05-01,35,3,71,20,15,18818.55
202505,2025-05-01,36,3,39,25,10,5350.02
202505,2025-05-01,37,3,60,25,18,16633.2
202505,2025-05-01,38,3,73,20,15,12641.41
202505,2025-05-01,39,3,61,20,12,16941.53
202505,2025-05-01,40,3,28,30,18,9712.36
202505,2025-05-01,41,3,77,35,10,11933.46
202505,2025-05-01,42,3,80,25,18,6424.0
202505,2025-05-01,43,3,62,35,10,17646.44
202505,2025-05-01,44,3,80,30,10,4984.8
202505,2025-05-01,45,3,36,35,12,4696.92
202505,2025-05-01,46,3,72,20,18,8807.76
202505,2025-05-01,47,3,43,35,12,22851.06
202505,2025-05-01,48,3,75,35,10,28968.0
202505,2025-05-01,49,3,80,30,10,48295.2
202505,2025-05-01,50,3,64,25,10,16387.2
202505,2025-05-01,51,3,84,35,15,7661.64
202505,2025-05-01,52,3,74,20,10,43682.94
202505,2025-05-01,53,3,80,20,12,35329.6
202505,2025-05-01,54,3,72,20,10,7177.68
202505,2025-05-01,55,3,96,25,10,34156.8
202505,2025-05-01,56,3,56,25,10,19078.08
202505,2025-05-01,57,3,57,25,15,26017.65
202505,2025-05-01,58,3,54,25,10,20160.36
202505,2025-05-01,59,3,65,30,15,6722.3
202505,2025-05-01,60,3,77,25,12,26986.96
202505,2025-05-01,61,3,85,35,15,40046.9
202505,2025-05-01,62,3,74,35,15,10943.86
202505,2025-05-01,63,3,77,25,10,24686.2
202505,2025-05-01,64,3,63,25,18,20720.7
202505,2025-05-01,65,3,74,20,10,23554.2
202505,2025-05-01,66,3,82,35,10,47687.92
202505,2025-05-01,67,3,80,25,18,9986.4
202505,2025-05-01,68,3,70,30,18,29941.8
202505,2025-05-01,69,3,58,30,15,23034.12
202505,2025-05-01,70,3,77,30,15,35277.55
202505,2025-05-01,71,3,41,25,10,15177.38
202505,2025-05-01,72,3,70,30,15,25656.4
202505,2025-05-01,73,3,64,30,15,17285.76
202505,2025-05-01,74,3,77,30,12,32270.7
202505,2025-05-01,75,3,92,20,10,16162.56
202505,2025-05-01,76,3,70,20,10,30629.9
202505,2025-05-01,77,3,79,35,15,7918.17
202505,2025-05-01,78,3,62,30,12,22628.14
202505,2025-05-01,79,3,70,30,15,14788.2
202505,2025-05-01,80,3,80,30,18,36408.8
202505,2025-05-01,81,3,48,35,12,10670.88
202505,2025-05-01,82,3,32,25,15,15158.72
202505,2025-05-01,83,3,96,25,10,39284.16
202505,2025-05-01,84,3,68,35,18,29597.0
202505,2025-05-01,85,3,76,20,15,14377.68
202505,2025-05-01,86,3,72,35,18,41180.4
202505,2025-05-01,87,3,85,20,12,39304.0
202505,2025-05-01,88,3,95,35,10,14728.8
202505,2025-05-01,89,3,94,35,12,13703.32
202505,2025-05-01,90,3,81,30,18,29097.63
202505,2025-05-01,91,3,35,20,18,15898.05
202505,2025-05-01,92,3,50,20,15,20348.0
202505,2025-05-01,93,3,78,35,12,25594.92
202505,2025-05-01,94,3,49,35,18,17473.89
202505,2025-05-01,95,3,80,20,12,14136.0
202505,2025-05-01,96,3,53,25,15,9780.09
202505,2025-05-01,97,3,59,20,15,22894.95
202505,2025-05-01,98,3,59,30,10,18937.82
202505,2025-05-01,99,3,68,20,15,28116.64
202505,2025-05-01,100,3,68,25,10,25047.12
202505,2025-05-01,1,4,0,20,18,0.0
202505,2025-05-01,2,4,36,25,10,15428.16
202505,2025-05-01,3,4,43,35,18,15836.47
202505,2025-05-01,4,4,69,20,15,25322.31
202505,2025-05-01,5,4,44,35,10,23437.92
202505,2025-05-01,6,4,51,30,18,11588.73
202505,2025-05-01,7,4,87,20,15,17386.08
202505,2025-05-01,8,4,40,25,12,12387.2
202505,2025-05-01,9,4,51,30,15,5495.76
202505,2025-05-01,10,4,28,20,12,12665.8
202505,2025-05-01,11,4,60,25,15,31822.8
202505,2025-05-01,12,4,28,30,18,1962.24
202505,2025-05-01,13,4,63,30,10,8823.15
202505,2025-05-01,14,4,38,35,15,3317.4
202505,2025-05-01,15,4,44,30,12,18458.44
202505,2025-05-01,16,4,43,20,15,11426.82
202505,2025-05-01,17,4,65,35,10,3919.5
202505,2025-05-01,18,4,57,30,18,23336.37
202505,2025-05-01,19,4,40,20,10,9722.4
202505,2025-05-01,20,4,69,35,18,43759.11
202505,2025-05-01,21,4,51,30,18,20505.57
202505,2025-05-01,22,4,52,25,18,4299.88
202505,2025-05-01,23,4,41,30,18,25694.29
202505,2025-05-01,24,4,36,20,12,9136.08
202505,2025-05-01,25,4,46,25,15,22311.38
202505,2025-05-01,26,4,52,35,15,10258.04
202505,2025-05-01,27,4,43,35,18,15025.06
202505,2025-05-01,28,4,32,20,15,18259.84
202505,2025-05-01,29,4,54,35,10,3458.16
202505,2025-05-01,30,4,51,25,12,24335.67
202505,2025-05-01,31,4,49,35,18,4565.33
202505,2025-05-01,32,4,34,20,15,6591.24
202505,2025-05-01,33,4,45,25,10,26343.9
202505,2025-05-01,34,4,31,20,12,12293.67
202505,2025-05-01,35,4,62,25,10,16433.1
202505,2025-05-01,36,4,36,30,18,4938.48
202505,2025-05-01,37,4,60,35,12,16633.2
202505,2025-05-01,38,4,61,25,12,10563.37
202505,2025-05-01,39,4,32,25,18,8887.36
202505,2025-05-01,40,4,89,25,12,30871.43
202505,2025-05-01,41,4,61,25,18,9453.78
202505,2025-05-01,42,4,62,30,15,4978.6
202505,2025-05-01,43,4,101,20,12,28746.62
202505,2025-05-01,44,4,36,25,15,2243.16
202505,2025-05-01,45,4,51,25,12,6653.97
202505,2025-05-01,46,4,37,35,18,4526.21
202505,2025-05-01,47,4,73,35,12,38793.66
202505,2025-05-01,48,4,96,30,12,37079.04
202505,2025-05-01,49,4,41,35,18,24751.29
202505,2025-05-01,50,4,66,25,12,16899.3
202505,2025-05-01,51,4,81,25,15,7388.01
202505,2025-05-01,52,4,89,25,10,52537.59
202505,2025-05-01,53,4,58,25,12,25613.96
202505,2025-05-01,54,4,91,25,10,9071.79
202505,2025-05-01,55,4,44,20,15,15655.2
202505,2025-05-01,56,4,58,20,10,19759.44
202505,2025-05-01,57,4,68,35,12,31038.6
202505,2025-05-01,58,4,103,25,12,38454.02
202505,2025-05-01,59,4,69,30,15,7135.98
202505,2025-05-01,60,4,73,25,12,25585.04
202505,2025-05-01,61,4,33,30,18,15547.62
202505,2025-05-01,62,4,64,20,12,9464.96
202505,2025-05-01,63,4,61,20,18,19556.6
202505,2025-05-01,64,4,51,30,15,16773.9
202505,2025-05-01,65,4,106,20,15,33739.8
202505,2025-05-01,66,4,71,30,15,41290.76
202505,2025-05-01,67,4,60,25,18,7489.8
202505,2025-05-01,68,4,89,20,18,38068.86
202505,2025-05-01,69,4,98,30,18,38919.72
202505,2025-05-01,70,4,109,20,12,49938.35
202505,2025-05-01,71,4,100,25,10,37018.0
202505,2025-05-01,72,4,80,20,10,29321.6
202505,2025-05-01,73,4,70,35,15,18906.3
202505,2025-05-01,74,4,89,25,12,37299.9
202505,2025-05-01,75,4,52,25,12,9135.36
202505,2025-05-01,76,4,76,35,12,33255.32
202505,2025-05-01,77,4,56,25,18,5612.88
202505,2025-05-01,78,4,67,35,18,24452.99
202505,2025-05-01,79,4,88,35,12,18590.88
202505,2025-05-01,80,4,83,25,10,37774.13
202505,2025-05-01,81,4,52,35,10,11560.12
202505,2025-05-01,82,4,65,35,18,30791.15
202505,2025-05-01,83,4,66,30,18,27007.86
202505,2025-05-01,84,4,34,20,18,14798.5
202505,2025-05-01,85,4,83,20,12,15701.94
202505,2025-05-01,86,4,74,30,10,42324.3
202505,2025-05-01,87,4,27,25,18,12484.8
202505,2025-05-01,88,4,71,20,15,11007.84
202505,2025-05-01,89,4,81,30,12,11808.18
202505,2025-05-01,90,4,65,30,12,23349.95
202505,2025-05-01,91,4,89,30,10,40426.47
202505,2025-05-01,92,4,83,20,18,33777.68
202505,2025-05-01,93,4,75,30,10,24610.5
202505,2025-05-01,94,4,60,25,18,21396.6
202505,2025-05-01,95,4,75,30,10,13252.5
202505,2025-05-01,96,4,69,35,18,12732.57
202505,2025-05-01,97,4,108,30,12,41909.4
202505,2025-05-01,98,4,44,35,18,14123.12
202505,2025-05-01,99,4,31,35,12,12817.88
202505,2025-05-01,100,4,72,30,10,26520.48
202505,2025-05-01,1,5,55,35,12,11344.85
202505,2025-05-01,2,5,47,20,10,20142.32
202505,2025-05-01,3,5,50,25,18,18414.5
202505,2025-05-01,4,5,36,25,15,13211.64
202505,2025-05-01,5,5,87,35,15,46343.16
202505,2025-05-01,6,5,98,35,10,22268.54
202505,2025-05-01,7,5,93,30,18,18585.12
202505,2025-05-01,8,5,80,30,15,24774.4
202505,2025-05-01,9,5,49,35,12,5280.24
202505,2025-05-01,10,5,49,20,12,22165.15
202505,2025-05-01,11,5,81,35,15,42960.78
202505,2025-05-01,12,5,36,20,15,2522.88
202505,2025-05-01,13,5,30,35,10,4201.5
202505,2025-05-01,14,5,23,30,15,2007.9
202505,2025-05-01,15,5,27,20,15,11326.77
202505,2025-05-01,16,5,80,25,12,21259.2
202505,2025-05-01,17,5,77,35,18,4643.1
202505,2025-05-01,18,5,57,30,12,23336.37
202505,2025-05-01,19,5,85,25,12,20660.1
202505,2025-05-01,20,5,48,25,15,30441.12
202505,2025-05-01,21,5,64,35,10,25732.48
202505,2025-05-01,22,5,24,25,10,1984.56
202505,2025-05-01,23,5,79,25,10,49508.51
202505,2025-05-01,24,5,31,20,15,7867.18
202505,2025-05-01,25,5,47,30,15,22796.41
202505,2025-05-01,26,5,49,25,15,9666.23
202505,2025-05-01,27,5,34,20,10,11880.28
202505,2025-05-01,28,5,59,20,12,33666.58
202505,2025-05-01,29,5,51,35,18,3266.04
202505,2025-05-01,30,5,59,25,12,28153.03
202505,2025-05-01,31,5,67,25,15,6242.39
202505,2025-05-01,32,5,59,35,15,11437.74
202505,2025-05-01,33,5,66,25,12,38637.72
202505,2025-05-01,34,5,38,30,18,15069.66
202505,2025-05-01,35,5,54,35,18,14312.7
202505,2025-05-01,36,5,74,20,12,10151.32
202505,2025-05-01,37,5,47,25,12,13029.34
202505,2025-05-01,38,5,58,35,18,10043.86
202505,2025-05-01,39,5,66,20,15,18330.18
202505,2025-05-01,40,5,49,30,10,16996.63
202505,2025-05-01,41,5,77,35,10,11933.46
202505,2025-05-01,42,5,88,35,10,7066.4
202505,2025-05-01,43,5,93,25,15,26469.66
202505,2025-05-01,44,5,90,30,18,5607.9
202505,2025-05-01,45,5,95,30,18,12394.65
202505,2025-05-01,46,5,72,30,18,8807.76
202505,2025-05-01,47,5,74,20,15,39325.08
202505,2025-05-01,48,5,95,35,18,36692.8
202505,2025-05-01,49,5,55,30,18,33202.95
202505,2025-05-01,50,5,72,25,12,18435.6
202505,2025-05-01,51,5,54,20,18,4925.34
202505,2025-05-01,52,5,85,25,12,50176.35
202505,2025-05-01,53,5,84,35,10,37096.08
202505,2025-05-01,54,5,60,20,10,5981.4
202505,2025-05-01,55,5,114,25,18,40561.2
202505,2025-05-01,56,5,29,20,18,9879.72
202505,2025-05-01,57,5,103,35,12,47014.35
202505,2025-05-01,58,5,74,20,10,27627.16
202505,2025-05-01,59,5,48,35,15,4964.16
202505,2025-05-01,60,5,94,30,15,32945.12
202505,2025-05-01,61,5,53,35,18,24970.42
202505,2025-05-01,62,5,74,30,15,10943.86
202505,2025-05-01,63,5,85,35,18,27251.0
202505,2025-05-01,64,5,62,30,15,20391.8
202505,2025-05-01,65,5,67,30,18,21326.1
202505,2025-05-01,66,5,60,30,10,34893.6
202505,2025-05-01,67,5,96,25,15,11983.68
202505,2025-05-01,68,5,88,35,18,37641.12
202505,2025-05-01,69,5,71,30,10,28196.94
202505,2025-05-01,70,5,82,20,10,37568.3
202505,2025-05-01,71,5,60,35,18,22210.8
202505,2025-05-01,72,5,70,30,18,25656.4
202505,2025-05-01,73,5,61,25,15,16475.49
202505,2025-05-01,74,5,78,20,15,32689.8
202505,2025-05-01,75,5,71,20,18,12473.28
202505,2025-05-01,76,5,104,35,15,45507.28
202505,2025-05-01,77,5,81,30,15,8118.63
202505,2025-05-01,78,5,80,20,12,29197.6
202505,2025-05-01,79,5,105,25,15,22182.3
202505,2025-05-01,80,5,69,30,15,31402.59
202505,2025-05-01,81,5,74,20,18,16450.94
202505,2025-05-01,82,5,82,30,10,38844.22
202505,2025-05-01,83,5,80,25,12,32736.8
202505,2025-05-01,84,5,77,25,18,33514.25
202505,2025-05-01,85,5,76,35,10,14377.68
202505,2025-05-01,86,5,82,25,15,46899.9
202505,2025-05-01,87,5,71,35,10,32830.4
202505,2025-05-01,88,5,63,20,18,9767.52
202505,2025-05-01,89,5,70,20,12,10204.6
202505,2025-05-01,90,5,74,35,12,26583.02
202505,2025-05-01,91,5,67,20,15,30433.41
202505,2025-05-01,92,5,68,30,12,27673.28
202505,2025-05-01,93,5,57,25,18,18703.98
202505,2025-05-01,94,5,54,20,12,19256.94
202505,2025-05-01,95,5,91,20,15,16079.7
202505,2025-05-01,96,5,78,20,12,14393.34
202505,2025-05-01,97,5,109,20,15,42297.45
202505,2025-05-01,98,5,75,20,12,24073.5
202505,2025-05-01,99,5,71,30,10,29357.08
202505,2025-05-01,100,5,93,35,10,34255.62
202505,2025-05-01,1,6,71,35,18,14645.17
202505,2025-05-01,2,6,60,35,12,25713.6
202505,2025-05-01,3,6,86,30,15,31672.94
202505,2025-05-01,4,6,47,25,15,17248.53
202505,2025-05-01,5,6,32,20,12,17045.76
202505,2025-05-01,6,6,86,30,18,19541.78
202505,2025-05-01,7,6,40,30,10,7993.6
202505,2025-05-01,8,6,83,30,15,25703.44
202505,2025-05-01,9,6,43,20,18,4633.68
202505,2025-05-01,10,6,66,25,15,29855.1
202505,2025-05-01,11,6,53,35,18,28110.14
202505,2025-05-01,12,6,52,30,10,3644.16
202505,2025-05-01,13,6,41,30,18,5742.05
202505,2025-05-01,14,6,34,25,15,2968.2
202505,2025-05-01,15,6,58,20,15,24331.58
202505,2025-05-01,16,6,54,20,12,14349.96
202505,2025-05-01,17,6,76,35,10,4582.8
202505,2025-05-01,18,6,49,25,15,20061.09
202505,2025-05-01,19,6,66,30,12,16041.96
202505,2025-05-01,20,6,56,20,12,35514.64
202505,2025-05-01,21,6,34,20,15,13670.38
202505,2025-05-01,22,6,50,25,15,4134.5
202505,2025-05-01,23,6,26,30,10,16293.94
202505,2025-05-01,24,6,59,35,12,14973.02
202505,2025-05-01,25,6,63,30,12,30556.89
202505,2025-05-01,26,6,46,20,12,9074.42
202505,2025-05-01,27,6,90,20,18,31447.8
202505,2025-05-01,28,6,53,35,18,30242.86
202505,2025-05-01,29,6,24,30,18,1536.96
202505,2025-05-01,30,6,74,35,15,35310.58
202505,2025-05-01,31,6,64,30,10,5962.88
202505,2025-05-01,32,6,18,30,10,3489.48
202505,2025-05-01,33,6,41,35,15,24002.22
202505,2025-05-01,34,6,67,25,12,26570.19
202505,2025-05-01,35,6,71,20,12,18818.55
202505,2025-05-01,36,6,55,30,18,7544.9
202505,2025-05-01,37,6,48,30,10,13306.56
202505,2025-05-01,38,6,53,35,12,9178.01
202505,2025-05-01,39,6,65,25,12,18052.45
202505,2025-05-01,40,6,83,25,18,28790.21
202505,2025-05-01,41,6,76,20,15,11778.48
202505,2025-05-01,42,6,59,35,15,4737.7
202505,2025-05-01,43,6,46,25,18,13092.52
202505,2025-05-01,44,6,96,35,18,5981.76
202505,2025-05-01,45,6,50,30,12,6523.5
202505,2025-05-01,46,6,69,20,18,8440.77
202505,2025-05-01,47,6,59,25,10,31353.78
202505,2025-05-01,48,6,59,35,18,22788.16
202505,2025-05-01,49,6,65,25,12,39239.85
202505,2025-05-01,50,6,104,20,15,26629.2
202505,2025-05-01,51,6,68,20,10,6202.28
202505,2025-05-01,52,6,49,35,12,28925.19
202505,2025-05-01,53,6,74,30,12,32679.88
202505,2025-05-01,54,6,75,35,15,7476.75
202505,2025-05-01,55,6,75,30,15,26685.0
202505,2025-05-01,56,6,42,35,10,14308.56
202505,2025-05-01,57,6,74,35,12,33777.3
202505,2025-05-01,58,6,77,25,12,28747.18
202505,2025-05-01,59,6,70,35,12,7239.4
202505,2025-05-01,60,6,62,25,18,21729.76
202505,2025-05-01,61,6,110,20,18,51825.4
202505,2025-05-01,62,6,79,20,12,11683.31
202505,2025-05-01,63,6,75,25,12,24045.0
202505,2025-05-01,64,6,44,35,10,14471.6
202505,2025-05-01,65,6,85,20,18,27055.5
202505,2025-05-01,66,6,77,30,15,44780.12
202505,2025-05-01,67,6,48,35,10,5991.84
202505,2025-05-01,68,6,67,30,18,28658.58
202505,2025-05-01,69,6,68,35,15,27005.52
202505,2025-05-01,70,6,81,30,10,37110.15
202505,2025-05-01,71,6,71,35,18,26282.78
202505,2025-05-01,72,6,51,35,15,18692.52
202505,2025-05-01,73,6,102,30,12,27549.18
202505,2025-05-01,74,6,51,20,10,21374.1
202505,2025-05-01,75,6,104,35,12,18270.72
202505,2025-05-01,76,6,80,35,10,35005.6
202505,2025-05-01,77,6,65,30,10,6514.95
202505,2025-05-01,78,6,91,30,18,33212.27
202505,2025-05-01,79,6,84,20,15,17745.84
202505,2025-05-01,80,6,50,30,18,22755.5
202505,2025-05-01,81,6,89,25,18,19785.59
202505,2025-05-01,82,6,70,25,15,33159.7
202505,2025-05-01,83,6,81,35,18,33146.01
202505,2025-05-01,84,6,66,25,10,28726.5
202505,2025-05-01,85,6,51,25,10,9648.18
202505,2025-05-01,86,6,65,35,18,37176.75
202505,2025-05-01,87,6,71,20,12,32830.4
202505,2025-05-01,88,6,72,25,18,11162.88
202505,2025-05-01,89,6,76,20,12,11079.28
202505,2025-05-01,90,6,53,20,10,19039.19
202505,2025-05-01,91,6,57,30,10,25891.11
202505,2025-05-01,92,6,84,20,12,34184.64
202505,2025-05-01,93,6,103,35,10,33798.42
202505,2025-05-01,94,6,50,25,10,17830.5
202505,2025-05-01,95,6,65,35,10,11485.5
202505,2025-05-01,96,6,81,35,18,14946.93
202505,2025-05-01,97,6,72,20,10,27939.6
202505,2025-05-01,98,6,94,20,18,30172.12
202505,2025-05-01,99,6,54,25,12,22327.92
202505,2025-05-01,100,6,109,35,12,40149.06
202506,2025-06-01,1,1,62,25,18,12788.74
202506,2025-06-01,2,1,32,25,12,13713.92
202506,2025-06-01,3,1,53,30,18,19519.37
202506,2025-06-01,4,1,80,30,18,29359.2
202506,2025-06-01,5,1,89,20,12,47408.52
202506,2025-06-01,6,1,57,30,10,12952.11
202506,2025-06-01,7,1,80,35,18,15987.2
202506,2025-06-01,8,1,68,30,18,21058.24
202506,2025-06-01,9,1,48,35,12,5172.48
202506,2025-06-01,10,1,18,25,15,8142.3
202506,2025-06-01,11,1,41,30,18,21745.58
202506,2025-06-01,12,1,41,20,18,2873.28
202506,2025-06-01,13,1,61,35,12,8543.05
202506,2025-06-01,14,1,75,20,12,6547.5
202506,2025-06-01,15,1,90,25,10,37755.9
202506,2025-06-01,16,1,76,30,15,20196.24
202506,2025-06-01,17,1,77,30,10,4643.1
202506,2025-06-01,18,1,63,30,18,25792.83
202506,2025-06-01,19,1,33,20,15,8020.98
202506,2025-06-01,20,1,77,25,10,48832.63
202506,2025-06-01,21,1,74,35,12,29753.18
202506,2025-06-01,22,1,122,30,15,10088.18
202506,2025-06-01,23,1,43,30,10,26947.67
202506,2025-06-01,24,1,75,30,15,19033.5
202506,2025-06-01,25,1,50,25,10,24251.5
202506,2025-06-01,26,1,39,20,15,7693.53
202506,2025-06-01,27,1,57,20,15,19916.94
202506,2025-06-01,28,1,79,35,10,45078.98
202506,2025-06-01,29,1,47,20,12,3009.88
202506,2025-06-01,30,1,60,25,15,28630.2
202506,2025-06-01,31,1,42,20,12,3913.14
202506,2025-06-01,32,1,24,35,18,4652.64
202506,2025-06-01,33,1,60,20,15,35125.2
202506,2025-06-01,34,1,54,35,10,21414.78
202506,2025-06-01,35,1,50,20,18,13252.5
202506,2025-06-01,36,1,65,35,18,8916.7
202506,2025-06-01,37,1,65,20,12,18019.3
202506,2025-06-01,38,1,26,25,15,4502.42
202506,2025-06-01,39,1,92,30,15,25551.16
202506,2025-06-01,40,1,40,35,15,13874.8
202506,2025-06-01,41,1,72,30,18,11158.56
202506,2025-06-01,42,1,71,35,15,5701.3
202506,2025-06-01,43,1,98,20,12,27892.76
202506,2025-06-01,44,1,40,35,18,2492.4
202506,2025-06-01,45,1,53,30,10,6914.91
202506,2025-06-01,46,1,80,20,18,9786.4
202506,2025-06-01,47,1,102,25,12,54204.84
202506,2025-06-01,48,1,81,30,18,31285.44
202506,2025-06-01,49,1,81,25,18,48898.89
202506,2025-06-01,50,1,58,25,10,14850.9
202506,2025-06-01,51,1,49,30,18,4469.29
202506,2025-06-01,52,1,85,30,18,50176.35
202506,2025-06-01,53,1,72,25,12,31796.64
202506,2025-06-01,54,1,122,35,12,12162.18
202506,2025-06-01,55,1,45,20,18,16011.0
202506,2025-06-01,56,1,74,25,10,25210.32
202506,2025-06-01,57,1,87,25,10,39711.15
202506,2025-06-01,58,1,95,30,15,35467.3
202506,2025-06-01,59,1,62,30,12,6412.04
202506,2025-06-01,60,1,71,25,12,24884.08
202506,2025-06-01,61,1,69,25,15,32508.66
202506,2025-06-01,62,1,92,20,18,13605.88
202506,2025-06-01,63,1,53,30,10,16991.8
202506,2025-06-01,64,1,70,30,15,23023.0
202506,2025-06-01,65,1,102,25,18,32466.6
202506,2025-06-01,66,1,58,35,10,33730.48
202506,2025-06-01,67,1,66,35,12,8238.78
202506,2025-06-01,68,1,70,30,15,29941.8
202506,2025-06-01,69,1,48,35,18,19062.72
202506,2025-06-01,70,1,75,30,18,34361.25
202506,2025-06-01,71,1,65,25,10,24061.7
202506,2025-06-01,72,1,89,30,15,32620.28
202506,2025-06-01,73,1,79,30,10,21337.11
202506,2025-06-01,74,1,86,35,15,36042.6
202506,2025-06-01,75,1,92,20,18,16162.56
202506,2025-06-01,76,1,86,20,18,37631.02
202506,2025-06-01,77,1,78,20,15,7817.94
202506,2025-06-01,78,1,52,20,12,18978.44
202506,2025-06-01,79,1,109,25,10,23027.34
202506,2025-06-01,80,1,82,20,18,37319.02
202506,2025-06-01,81,1,97,20,15,21564.07
202506,2025-06-01,82,1,65,20,12,30791.15
202506,2025-06-01,83,1,84,30,15,34373.64
202506,2025-06-01,84,1,44,35,18,19151.0
202506,2025-06-01,85,1,64,20,15,12107.52
202506,2025-06-01,86,1,65,25,18,37176.75
202506,2025-06-01,87,1,71,35,15,32830.4
202506,2025-06-01,88,1,82,20,12,12713.28
202506,2025-06-01,89,1,52,25,18,7580.56
202506,2025-06-01,90,1,100,30,12,35923.0
202506,2025-06-01,91,1,45,25,10,20440.35
202506,2025-06-01,92,1,84,25,18,34184.64
202506,2025-06-01,93,1,86,30,10,28220.04
202506,2025-06-01,94,1,81,35,12,28885.41
202506,2025-06-01,95,1,73,20,12,12899.1
202506,2025-06-01,96,1,61,35,18,11256.33
202506,2025-06-01,97,1,55,35,18,21342.75
202506,2025-06-01,98,1,68,20,18,21826.64
202506,2025-06-01,99,1,15,35,18,6202.2
202506,2025-06-01,100,1,85,35,10,31308.9
202506,2025-06-01,1,2,52,20,12,10726.04
202506,2025-06-01,2,2,54,30,18,23142.24
202506,2025-06-01,3,2,97,25,15,35724.13
202506,2025-06-01,4,2,63,25,10,23120.37
202506,2025-06-01,5,2,70,25,12,37287.6
202506,2025-06-01,6,2,49,25,12,11134.27
202506,2025-06-01,7,2,58,30,10,11590.72
202506,2025-06-01,8,2,35,20,12,10838.8
202506,2025-06-01,9,2,62,35,18,6681.12
202506,2025-06-01,10,2,67,25,18,30307.45
202506,2025-06-01,11,2,44,35,15,23336.72
202506,2025-06-01,12,2,42,20,10,2943.36
202506,2025-06-01,13,2,30,35,18,4201.5
202506,2025-06-01,14,2,62,20,15,5412.6
202506,2025-06-01,15,2,51,25,15,21395.01
202506,2025-06-01,16,2,39,30,18,10363.86
202506,2025-06-01,17,2,18,20,15,1085.4
202506,2025-06-01,18,2,75,30,10,30705.75
202506,2025-06-01,19,2,62,25,12,15069.72
202506,2025-06-01,20,2,39,25,15,24733.41
202506,2025-06-01,21,2,39,20,18,15680.73
202506,2025-06-01,22,2,55,30,18,4547.95
202506,2025-06-01,23,2,60,30,18,37601.4
202506,2025-06-01,24,2,43,30,12,10912.54
202506,2025-06-01,25,2,57,35,10,27646.71
202506,2025-06-01,26,2,66,20,18,13019.82
202506,2025-06-01,27,2,72,25,18,25158.24
202506,2025-06-01,28,2,59,25,18,33666.58
202506,2025-06-01,29,2,74,25,10,4738.96
202506,2025-06-01,30,2,38,30,18,18132.46
202506,2025-06-01,31,2,55,30,15,5124.35
202506,2025-06-01,32,2,78,25,12,15121.08
202506,2025-06-01,33,2,69,35,18,40393.98
202506,2025-06-01,34,2,74,35,15,29346.18
202506,2025-06-01,35,2,20,20,15,5301.0
202506,2025-06-01,36,2,42,20,10,5761.56
202506,2025-06-01,37,2,47,25,15,13029.34
202506,2025-06-01,38,2,53,20,12,9178.01
202506,2025-06-01,39,2,40,30,15,11109.2
202506,2025-06-01,40,2,60,20,12,20812.2
202506,2025-06-01,41,2,58,30,15,8988.84
202506,2025-06-01,42,2,67,30,18,5380.1
202506,2025-06-01,43,2,53,35,12,15084.86
202506,2025-06-01,44,2,87,25,12,5420.97
202506,2025-06-01,45,2,64,20,15,8350.08
202506,2025-06-01,46,2,94,35,12,11499.02
202506,2025-06-01,47,2,100,25,10,53142.0
202506,2025-06-01,48,2,75,30,15,28968.0
202506,2025-06-01,49,2,49,30,18,29580.81
202506,2025-06-01,50,2,52,20,15,13314.6
202506,2025-06-01,51,2,50,35,15,4560.5
202506,2025-06-01,52,2,86,25,12,50766.66
202506,2025-06-01,53,2,77,30,10,34004.74
202506,2025-06-01,54,2,93,20,15,9271.17
202506,2025-06-01,55,2,51,35,18,18145.8
202506,2025-06-01,56,2,86,30,12,29298.48
202506,2025-06-01,57,2,78,20,12,35603.1
202506,2025-06-01,58,2,43,20,15,16053.62
202506,2025-06-01,59,2,51,20,15,5274.42
202506,2025-06-01,60,2,39,30,12,13668.72
202506,2025-06-01,61,2,77,35,18,36277.78
202506,2025-06-01,62,2,87,35,18,12866.43
202506,2025-06-01,63,2,67,20,12,21480.2
202506,2025-06-01,64,2,96,20,15,31574.4
202506,2025-06-01,65,2,53,20,10,16869.9
202506,2025-06-01,66,2,52,20,18,30241.12
202506,2025-06-01,67,2,65,25,10,8113.95
202506,2025-06-01,68,2,123,30,12,52612.02
202506,2025-06-01,69,2,101,20,15,40111.14
202506,2025-06-01,70,2,70,20,10,32070.5
202506,2025-06-01,71,2,54,30,12,19989.72
202506,2025-06-01,72,2,67,35,18,24556.84
202506,2025-06-01,73,2,72,35,12,19446.48
202506,2025-06-01,74,2,86,20,10,36042.6
202506,2025-06-01,75,2,67,35,10,11770.56
202506,2025-06-01,76,2,74,35,10,32380.18
202506,2025-06-01,77,2,71,20,18,7116.33
202506,2025-06-01,78,2,51,30,18,18613.47
202506,2025-06-01,79,2,76,30,12,16055.76
202506,2025-06-01,80,2,100,30,18,45511.0
202506,2025-06-01,81,2,46,20,18,10226.26
202506,2025-06-01,82,2,72,20,12,34107.12
202506,2025-06-01,83,2,56,35,12,22915.76
202506,2025-06-01,84,2,89,25,10,38737.25
202506,2025-06-01,85,2,53,30,15,10026.54
202506,2025-06-01,86,2,53,25,12,30313.35
202506,2025-06-01,87,2,70,20,18,32368.0
202506,2025-06-01,88,2,83,20,10,12868.32
202506,2025-06-01,89,2,83,25,12,12099.74
202506,2025-06-01,90,2,72,20,12,25864.56
202506,2025-06-01,91,2,96,35,15,43606.08
202506,2025-06-01,92,2,40,30,10,16278.4
202506,2025-06-01,93,2,74,30,12,24282.36
202506,2025-06-01,94,2,100,25,15,35661.0
202506,2025-06-01,95,2,54,20,10,9541.8
202506,2025-06-01,96,2,77,30,12,14208.81
202506,2025-06-01,97,2,85,20,18,32984.25
202506,2025-06-01,98,2,96,35,18,30814.08
202506,2025-06-01,99,2,99,20,10,40934.52
202506,2025-06-01,100,2,78,30,10,28730.52
202506,2025-06-01,1,3,62,30,15,12788.74
202506,2025-06-01,2,3,74,25,10,31713.44
202506,2025-06-01,3,3,89,20,18,32777.81
202506,2025-06-01,4,3,80,35,12,29359.2
202506,2025-06-01,5,3,52,25,12,27699.36
202506,2025-06-01,6,3,45,25,12,10225.35
202506,2025-06-01,7,3,64,25,15,12789.76
202506,2025-06-01,8,3,58,20,10,17961.44
202506,2025-06-01,9,3,31,30,12,3340.56
202506,2025-06-01,10,3,22,25,12,9951.7
202506,2025-06-01,11,3,24,25,10,12729.12
202506,2025-06-01,12,3,76,30,18,5326.08
202506,2025-06-01,13,3,59,25,10,8262.95
202506,2025-06-01,14,3,60,20,10,5238.0
202506,2025-06-01,15,3,52,20,10,21814.52
202506,2025-06-01,16,3,55,25,15,14615.7
202506,2025-06-01,17,3,57,30,12,3437.1
202506,2025-06-01,18,3,31,25,10,12691.71
202506,2025-06-01,19,3,54,25,12,13125.24
202506,2025-06-01,20,3,55,25,15,34880.45
202506,2025-06-01,21,3,76,25,18,30557.32
202506,2025-06-01,22,3,72,20,12,5953.68
202506,2025-06-01,23,3,18,25,12,11280.42
202506,2025-06-01,24,3,63,30,15,15988.14
202506,2025-06-01,25,3,71,35,15,34437.13
202506,2025-06-01,26,3,54,30,12,10652.58
202506,2025-06-01,27,3,64,25,15,22362.88
202506,2025-06-01,28,3,97,25,18,55350.14
202506,2025-06-01,29,3,60,30,15,3842.4
202506,2025-06-01,30,3,52,35,18,24812.84
202506,2025-06-01,31,3,11,20,12,1024.87
202506,2025-06-01,32,3,66,30,18,12794.76
202506,2025-06-01,33,3,65,35,12,38052.3
202506,2025-06-01,34,3,22,30,12,8724.54
202506,2025-06-01,35,3,40,20,15,10602.0
202506,2025-06-01,36,3,53,25,18,7270.54
202506,2025-06-01,37,3,47,35,18,13029.34
202506,2025-06-01,38,3,27,25,15,4675.59
202506,2025-06-01,39,3,41,30,12,11386.93
202506,2025-06-01,40,3,39,35,12,13527.93
202506,2025-06-01,41,3,61,30,18,9453.78
202506,2025-06-01,42,3,88,20,15,7066.4
202506,2025-06-01,43,3,75,25,18,21346.5
202506,2025-06-01,44,3,47,35,15,2928.57
202506,2025-06-01,45,3,77,30,10,10046.19
202506,2025-06-01,46,3,44,30,18,5382.52
202506,2025-06-01,47,3,77,35,12,40919.34
202506,2025-06-01,48,3,68,30,12,26264.32
202506,2025-06-01,49,3,53,20,18,31995.57
202506,2025-06-01,50,3,44,35,15,11266.2
202506,2025-06-01,51,3,91,20,15,8300.11
202506,2025-06-01,52,3,74,35,15,43682.94
202506,2025-06-01,53,3,105,25,12,46370.1
202506,2025-06-01,54,3,90,35,15,8972.1
202506,2025-06-01,55,3,64,25,15,22771.2
202506,2025-06-01,56,3,72,35,15,24528.96
202506,2025-06-01,57,3,75,35,18,34233.75
202506,2025-06-01,58,3,81,30,12,30240.54
202506,2025-06-01,59,3,101,30,12,10445.42
202506,2025-06-01,60,3,78,35,12,27337.44
202506,2025-06-01,61,3,58,30,12,27326.12
202506,2025-06-01,62,3,80,25,15,11831.2
202506,2025-06-01,63,3,78,25,18,25006.8
202506,2025-06-01,64,3,50,35,12,16445.0
202506,2025-06-01,65,3,108,30,10,34376.4
202506,2025-06-01,66,3,53,30,18,30822.68
202506,2025-06-01,67,3,59,20,12,7364.97
202506,2025-06-01,68,3,75,35,18,32080.5
202506,2025-06-01,69,3,80,25,12,31771.2
202506,2025-06-01,70,3,41,30,15,18784.15
202506,2025-06-01,71,3,49,25,15,18138.82
202506,2025-06-01,72,3,71,35,15,26022.92
202506,2025-06-01,73,3,72,35,12,19446.48
202506,2025-06-01,74,3,28,20,18,11734.8
202506,2025-06-01,75,3,87,20,18,15284.16
202506,2025-06-01,76,3,32,25,15,14002.24
202506,2025-06-01,77,3,74,35,12,7417.02
202506,2025-06-01,78,3,109,20,18,39781.73
202506,2025-06-01,79,3,58,20,15,12253.08
202506,2025-06-01,80,3,84,25,10,38229.24
202506,2025-06-01,81,3,129,20,18,28677.99
202506,2025-06-01,82,3,78,25,18,36949.38
202506,2025-06-01,83,3,68,20,10,27826.28
202506,2025-06-01,84,3,84,25,10,36561.0
202506,2025-06-01,85,3,70,35,12,13242.6
202506,2025-06-01,86,3,45,35,12,25737.75
202506,2025-06-01,87,3,81,35,10,37454.4
202506,2025-06-01,88,3,46,35,12,7131.84
202506,2025-06-01,89,3,79,20,10,11516.62
202506,2025-06-01,90,3,85,30,18,30534.55
202506,2025-06-01,91,3,71,35,10,32250.33
202506,2025-06-01,92,3,53,25,18,21568.88
202506,2025-06-01,93,3,86,30,12,28220.04
202506,2025-06-01,94,3,33,20,12,11768.13
202506,2025-06-01,95,3,80,20,15,14136.0
202506,2025-06-01,96,3,78,35,12,14393.34
202506,2025-06-01,97,3,84,30,18,32596.2
202506,2025-06-01,98,3,71,35,12,22789.58
202506,2025-06-01,99,3,73,30,15,30184.04
202506,2025-06-01,100,3,74,25,12,27257.16
202506,2025-06-01,1,4,49,35,15,10107.23
202506,2025-06-01,2,4,54,30,18,23142.24
202506,2025-06-01,3,4,59,25,12,21729.11
202506,2025-06-01,4,4,45,20,18,16514.55
202506,2025-06-01,5,4,30,25,15,15980.4
202506,2025-06-01,6,4,45,20,12,10225.35
202506,2025-06-01,7,4,69,35,15,13788.96
202506,2025-06-01,8,4,56,20,10,17342.08
202506,2025-06-01,9,4,53,25,18,5711.28
202506,2025-06-01,10,4,40,35,15,18094.0
202506,2025-06-01,11,4,56,35,10,29701.28
202506,2025-06-01,12,4,72,35,18,5045.76
202506,2025-06-01,13,4,84,20,18,11764.2
202506,2025-06-01,14,4,55,25,12,4801.5
202506,2025-06-01,15,4,72,30,12,30204.72
202506,2025-06-01,16,4,31,20,10,8237.94
202506,2025-06-01,17,4,68,20,18,4100.4
202506,2025-06-01,18,4,48,20,12,19651.68
202506,2025-06-01,19,4,59,30,10,14340.54
202506,2025-06-01,20,4,66,20,18,41856.54
202506,2025-06-01,21,4,34,25,15,13670.38
202506,2025-06-01,22,4,37,20,10,3059.53
202506,2025-06-01,23,4,87,25,12,54522.03
202506,2025-06-01,24,4,40,25,15,10151.2
202506,2025-06-01,25,4,77,30,12,37347.31
202506,2025-06-01,26,4,54,35,18,10652.58
202506,2025-06-01,27,4,42,35,12,14675.64
202506,2025-06-01,28,4,9,30,10,5135.58
202506,2025-06-01,29,4,63,30,10,4034.52
202506,2025-06-01,30,4,8,30,10,3817.36
202506,2025-06-01,31,4,86,20,10,8012.62
202506,2025-06-01,32,4,60,35,18,11631.6
202506,2025-06-01,33,4,52,25,10,30441.84
202506,2025-06-01,34,4,87,20,15,34501.59
202506,2025-06-01,35,4,41,20,10,10867.05
202506,2025-06-01,36,4,69,35,10,9465.42
202506,2025-06-01,37,4,32,30,10,8871.04
202506,2025-06-01,38,4,48,20,10,8312.16
202506,2025-06-01,39,4,48,30,12,13331.04
202506,2025-06-01,40,4,44,20,12,15262.28
202506,2025-06-01,41,4,88,35,18,13638.24
202506,2025-06-01,42,4,60,20,18,4818.0
202506,2025-06-01,43,4,96,20,10,27323.52
202506,2025-06-01,44,4,94,20,12,5857.14
202506,2025-06-01,45,4,89,30,12,11611.83
202506,2025-06-01,46,4,69,20,12,8440.77
202506,2025-06-01,47,4,79,30,15,41982.18
202506,2025-06-01,48,4,100,30,15,38624.0
202506,2025-06-01,49,4,55,25,10,33202.95
202506,2025-06-01,50,4,47,25,15,12034.35
202506,2025-06-01,51,4,61,25,10,5563.81
202506,2025-06-01,52,4,74,35,10,43682.94
202506,2025-06-01,53,4,79,35,10,34887.98
202506,2025-06-01,54,4,57,35,10,5682.33
202506,2025-06-01,55,4,78,25,18,27752.4
202506,2025-06-01,56,4,44,20,10,14989.92
202506,2025-06-01,57,4,77,30,18,35146.65
202506,2025-06-01,58,4,66,20,10,24640.44
202506,2025-06-01,59,4,78,35,10,8066.76
202506,2025-06-01,60,4,96,25,12,33646.08
202506,2025-06-01,61,4,83,20,15,39104.62
202506,2025-06-01,62,4,76,20,12,11239.64
202506,2025-06-01,63,4,85,30,18,27251.0
202506,2025-06-01,64,4,64,20,12,21049.6
202506,2025-06-01,65,4,59,20,15,18779.7
202506,2025-06-01,66,4,29,20,10,16865.24
202506,2025-06-01,67,4,76,25,18,9487.08
202506,2025-06-01,68,4,58,30,15,24808.92
202506,2025-06-01,69,4,87,25,18,34551.18
202506,2025-06-01,70,4,54,20,12,24740.1
202506,2025-06-01,71,4,78,35,18,28874.04
202506,2025-06-01,72,4,71,30,18,26022.92
202506,2025-06-01,73,4,58,35,15,15665.22
202506,2025-06-01,74,4,67,35,12,28079.7
202506,2025-06-01,75,4,70,20,12,12297.6
202506,2025-06-01,76,4,70,20,10,30629.9
202506,2025-06-01,77,4,47,35,15,4710.81
202506,2025-06-01,78,4,77,20,18,28102.69
202506,2025-06-01,79,4,88,20,15,18590.88
202506,2025-06-01,80,4,97,25,12,44145.67
202506,2025-06-01,81,4,78,25,10,17340.18
202506,2025-06-01,82,4,80,30,15,37896.8
202506,2025-06-01,83,4,88,20,10,36010.48
202506,2025-06-01,84,4,55,25,10,23938.75
202506,2025-06-01,85,4,87,30,12,16458.66
202506,2025-06-01,86,4,60,30,10,34317.0
202506,2025-06-01,87,4,93,35,18,43003.2
202506,2025-06-01,88,4,87,25,18,13488.48
202506,2025-06-01,89,4,81,20,18,11808.18
202506,2025-06-01,90,4,80,30,15,28738.4
202506,2025-06-01,91,4,47,30,12,21348.81
202506,2025-06-01,92,4,83,30,12,33777.68
202506,2025-06-01,93,4,45,35,15,14766.3
202506,2025-06-01,94,4,26,20,10,9271.86
202506,2025-06-01,95,4,73,25,15,12899.1
202506,2025-06-01,96,4,77,30,18,14208.81
202506,2025-06-01,97,4,72,20,18,27939.6
202506,2025-06-01,98,4,56,30,15,17974.88
202506,2025-06-01,99,4,90,35,18,37213.2
202506,2025-06-01,100,4,69,30,12,25415.46
202506,2025-06-01,1,5,80,20,10,16501.6
202506,2025-06-01,2,5,98,30,10,41998.88
202506,2025-06-01,3,5,73,30,18,26885.17
202506,2025-06-01,4,5,83,35,15,30460.17
202506,2025-06-01,5,5,58,35,12,30895.44
202506,2025-06-01,6,5,42,30,15,9543.66
202506,2025-06-01,7,5,36,30,12,7194.24
202506,2025-06-01,8,5,81,25,18,25084.08
202506,2025-06-01,9,5,32,20,18,3448.32
202506,2025-06-01,10,5,60,25,18,27141.0
202506,2025-06-01,11,5,48,35,12,25458.24
202506,2025-06-01,12,5,67,30,18,4695.36
202506,2025-06-01,13,5,46,30,10,6442.3
202506,2025-06-01,14,5,40,30,18,3492.0
202506,2025-06-01,15,5,61,20,18,25590.11
202506,2025-06-01,16,5,64,20,10,17007.36
202506,2025-06-01,17,5,56,20,15,3376.8
202506,2025-06-01,18,5,39,30,10,15966.99
202506,2025-06-01,19,5,48,25,10,11666.88
202506,2025-06-01,20,5,75,35,18,47564.25
202506,2025-06-01,21,5,52,25,15,20907.64
202506,2025-06-01,22,5,27,20,18,2232.63
202506,2025-06-01,23,5,50,20,10,31334.5
202506,2025-06-01,24,5,55,20,18,13957.9
202506,2025-06-01,25,5,24,35,10,11640.72
202506,2025-06-01,26,5,50,30,10,9863.5
202506,2025-06-01,27,5,67,35,12,23411.14
202506,2025-06-01,28,5,76,25,10,43367.12
202506,2025-06-01,29,5,73,35,18,4674.92
202506,2025-06-01,30,5,46,25,12,21949.82
202506,2025-06-01,31,5,45,20,10,4192.65
202506,2025-06-01,32,5,41,30,12,7948.26
202506,2025-06-01,33,5,53,25,12,31027.26
202506,2025-06-01,34,5,41,25,12,16259.37
202506,2025-06-01,35,5,54,25,12,14312.7
202506,2025-06-01,36,5,73,25,15,10014.14
202506,2025-06-01,37,5,46,20,15,12752.12
202506,2025-06-01,38,5,52,35,15,9004.84
202506,2025-06-01,39,5,63,25,12,17496.99
202506,2025-06-01,40,5,30,30,15,10406.1
202506,2025-06-01,41,5,82,20,10,12708.36
202506,2025-06-01,42,5,79,30,10,6343.7
202506,2025-06-01,43,5,66,20,15,18784.92
202506,2025-06-01,44,5,82,35,10,5109.42
202506,2025-06-01,45,5,66,25,15,8611.02
202506,2025-06-01,46,5,68,20,10,8318.44
202506,2025-06-01,47,5,52,25,15,27633.84
202506,2025-06-01,48,5,55,20,15,21243.2
202506,2025-06-01,49,5,37,25,15,22336.53
202506,2025-06-01,50,5,84,35,12,21508.2
202506,2025-06-01,51,5,53,25,12,4834.13
202506,2025-06-01,52,5,75,20,18,44273.25
202506,2025-06-01,53,5,60,30,10,26497.2
202506,2025-06-01,54,5,69,30,18,6878.61
202506,2025-06-01,55,5,65,20,18,23127.0
202506,2025-06-01,56,5,63,25,10,21462.84
202506,2025-06-01,57,5,84,25,10,38341.8
202506,2025-06-01,58,5,93,20,10,34720.62
202506,2025-06-01,59,5,71,30,10,7342.82
202506,2025-06-01,60,5,98,30,15,34347.04
202506,2025-06-01,61,5,73,25,15,34393.22
202506,2025-06-01,62,5,54,20,15,7986.06
202506,2025-06-01,63,5,65,25,10,20839.0
202506,2025-06-01,64,5,97,30,15,31903.3
202506,2025-06-01,65,5,80,35,18,25464.0
202506,2025-06-01,66,5,70,35,15,40709.2
202506,2025-06-01,67,5,46,25,10,5742.18
202506,2025-06-01,68,5,74,25,10,31652.76
202506,2025-06-01,69,5,86,25,10,34154.04
202506,2025-06-01,70,5,72,35,12,32986.8
202506,2025-06-01,71,5,76,30,18,28133.68
202506,2025-06-01,72,5,94,20,12,34452.88
202506,2025-06-01,73,5,56,35,10,15125.04
202506,2025-06-01,74,5,72,25,10,30175.2
202506,2025-06-01,75,5,76,25,18,13351.68
202506,2025-06-01,76,5,52,30,12,22753.64
202506,2025-06-01,77,5,85,35,10,8519.55
202506,2025-06-01,78,5,44,30,15,16058.68
202506,2025-06-01,79,5,65,30,15,13731.9
202506,2025-06-01,80,5,97,35,15,44145.67
202506,2025-06-01,81,5,70,30,10,15561.7
202506,2025-06-01,82,5,69,30,12,32685.99
202506,2025-06-01,83,5,54,20,18,22097.34
202506,2025-06-01,84,5,84,35,10,36561.0
202506,2025-06-01,85,5,97,30,15,18350.46
202506,2025-06-01,86,5,93,25,18,53191.35
202506,2025-06-01,87,5,111,20,18,51326.4
202506,2025-06-01,88,5,70,20,10,10852.8
202506,2025-06-01,89,5,36,35,15,5248.08
202506,2025-06-01,90,5,33,35,18,11854.59
202506,2025-06-01,91,5,81,25,12,36792.63
202506,2025-06-01,92,5,70,35,15,28487.2
202506,2025-06-01,93,5,69,30,18,22641.66
202506,2025-06-01,94,5,87,20,10,31025.07
202506,2025-06-01,95,5,61,35,15,10778.7
202506,2025-06-01,96,5,51,25,18,9411.03
202506,2025-06-01,97,5,65,35,10,25223.25
202506,2025-06-01,98,5,58,25,18,18616.84
202506,2025-06-01,99,5,69,20,15,28530.12
202506,2025-06-01,100,5,62,20,12,22837.08
202506,2025-06-01,1,6,68,30,12,14026.36
202506,2025-06-01,2,6,40,20,15,17142.4
202506,2025-06-01,3,6,58,25,18,21360.82
202506,2025-06-01,4,6,92,35,12,33763.08
202506,2025-06-01,5,6,55,35,15,29297.4
202506,2025-06-01,6,6,39,30,15,8861.97
202506,2025-06-01,7,6,65,35,18,12989.6
202506,2025-06-01,8,6,18,25,15,5574.24
202506,2025-06-01,9,6,55,20,15,5926.8
202506,2025-06-01,10,6,58,25,12,26236.3
202506,2025-06-01,11,6,47,25,15,24927.86
202506,2025-06-01,12,6,47,25,12,3293.76
202506,2025-06-01,13,6,50,30,10,7002.5
202506,2025-06-01,14,6,9,20,15,785.7
202506,2025-06-01,15,6,48,20,18,20136.48
202506,2025-06-01,16,6,75,25,15,19930.5
202506,2025-06-01,17,6,73,20,15,4401.9
202506,2025-06-01,18,6,54,30,12,22108.14
202506,2025-06-01,19,6,42,35,10,10208.52
202506,2025-06-01,20,6,49,30,15,31075.31
202506,2025-06-01,21,6,64,30,18,25732.48
202506,2025-06-01,22,6,47,30,10,3886.43
202506,2025-06-01,23,6,52,35,12,32587.88
202506,2025-06-01,24,6,67,35,18,17003.26
202506,2025-06-01,25,6,53,20,12,25706.59
202506,2025-06-01,26,6,24,30,12,4734.48
202506,2025-06-01,27,6,90,30,18,31447.8
202506,2025-06-01,28,6,58,20,12,33095.96
202506,2025-06-01,29,6,39,25,12,2497.56
202506,2025-06-01,30,6,78,25,15,37219.26
202506,2025-06-01,31,6,74,30,15,6894.58
202506,2025-06-01,32,6,72,25,12,13957.92
202506,2025-06-01,33,6,45,20,15,26343.9
202506,2025-06-01,34,6,59,25,18,23397.63
202506,2025-06-01,35,6,49,25,10,12987.45
202506,2025-06-01,36,6,47,30,10,6447.46
202506,2025-06-01,37,6,83,25,18,23009.26
202506,2025-06-01,38,6,75,35,12,12987.75
202506,2025-06-01,39,6,53,20,18,14719.69
202506,2025-06-01,40,6,69,25,10,23934.03
202506,2025-06-01,41,6,42,35,15,6509.16
202506,2025-06-01,42,6,67,25,12,5380.1
202506,2025-06-01,43,6,45,25,10,12807.9
202506,2025-06-01,44,6,57,30,10,3551.67
202506,2025-06-01,45,6,78,35,18,10176.66
202506,2025-06-01,46,6,77,25,10,9419.41
202506,2025-06-01,47,6,80,30,12,42513.6
202506,2025-06-01,48,6,53,25,18,20470.72
202506,2025-06-01,49,6,63,35,12,38032.47
202506,2025-06-01,50,6,86,35,10,22020.3
202506,2025-06-01,51,6,55,35,12,5016.55
202506,2025-06-01,52,6,73,25,15,43092.63
202506,2025-06-01,53,6,54,20,12,23847.48
202506,2025-06-01,54,6,59,20,12,5881.71
202506,2025-06-01,55,6,79,25,10,28108.2
202506,2025-06-01,56,6,74,30,15,25210.32
202506,2025-06-01,57,6,112,20,12,51122.4
202506,2025-06-01,58,6,88,25,10,32853.92
202506,2025-06-01,59,6,46,35,10,4757.32
202506,2025-06-01,60,6,88,20,10,30842.24
202506,2025-06-01,61,6,95,25,12,44758.3
202506,2025-06-01,62,6,68,25,15,10056.52
202506,2025-06-01,63,6,45,25,18,14427.0
202506,2025-06-01,64,6,62,35,10,20391.8
202506,2025-06-01,65,6,62,20,10,19734.6
202506,2025-06-01,66,6,69,20,10,40127.64
202506,2025-06-01,67,6,77,25,15,9611.91
202506,2025-06-01,68,6,79,35,10,33791.46
202506,2025-06-01,69,6,69,35,12,27402.66
202506,2025-06-01,70,6,72,25,15,32986.8
202506,2025-06-01,71,6,57,35,15,21100.26
202506,2025-06-01,72,6,43,35,10,15760.36
202506,2025-06-01,73,6,82,30,15,22147.38
202506,2025-06-01,74,6,117,30,10,49034.7
202506,2025-06-01,75,6,89,35,12,15635.52
202506,2025-06-01,76,6,78,25,10,34130.46
202506,2025-06-01,77,6,64,30,15,6414.72
202506,2025-06-01,78,6,82,25,12,29927.54
202506,2025-06-01,79,6,95,25,10,20069.7
202506,2025-06-01,80,6,64,35,18,29127.04
202506,2025-06-01,81,6,63,35,10,14005.53
202506,2025-06-01,82,6,40,30,15,18948.4
202506,2025-06-01,83,6,75,35,15,30690.75
202506,2025-06-01,84,6,64,35,15,27856.0
202506,2025-06-01,85,6,49,25,18,9269.82
202506,2025-06-01,86,6,70,20,10,40036.5
202506,2025-06-01,87,6,56,30,15,25894.4
202506,2025-06-01,88,6,85,25,10,13178.4
202506,2025-06-01,89,6,59,20,18,8601.02
202506,2025-06-01,90,6,76,35,18,27301.48
202506,2025-06-01,91,6,72,35,18,32704.56
202506,2025-06-01,92,6,48,30,10,19534.08
202506,2025-06-01,93,6,70,30,12,22969.8
202506,2025-06-01,94,6,73,35,18,26032.53
202506,2025-06-01,95,6,50,20,12,8835.0
202506,2025-06-01,96,6,56,20,12,10333.68
202506,2025-06-01,97,6,74,20,15,28715.7
202506,2025-06-01,98,6,92,35,10,29530.16
202506,2025-06-01,99,6,70,35,10,28943.6
202506,2025-06-01,100,6,86,20,12,31677.24
202507,2025-07-01,1,1,73,25,12,15057.71
202507,2025-07-01,2,1,33,20,10,14142.48
202507,2025-07-01,3,1,80,35,18,29463.2
202507,2025-07-01,4,1,63,35,10,23120.37
202507,2025-07-01,5,1,52,35,18,27699.36
202507,2025-07-01,6,1,39,35,12,8861.97
202507,2025-07-01,7,1,49,30,12,9792.16
202507,2025-07-01,8,1,57,25,12,17651.76
202507,2025-07-01,9,1,52,25,18,5603.52
202507,2025-07-01,10,1,96,20,15,43425.6
202507,2025-07-01,11,1,48,25,10,25458.24
202507,2025-07-01,12,1,52,25,18,3644.16
202507,2025-07-01,13,1,42,30,15,5882.1
202507,2025-07-01,14,1,68,35,12,5936.4
202507,2025-07-01,15,1,46,35,10,19297.46
202507,2025-07-01,16,1,81,20,15,21524.94
202507,2025-07-01,17,1,38,25,15,2291.4
202507,2025-07-01,18,1,35,25,10,14329.35
202507,2025-07-01,19,1,82,20,10,19930.92
202507,2025-07-01,20,1,50,25,18,31709.5
202507,2025-07-01,21,1,40,30,12,16082.8
202507,2025-07-01,22,1,8,25,12,661.52
202507,2025-07-01,23,1,75,20,12,47001.75
202507,2025-07-01,24,1,32,25,15,8120.96
202507,2025-07-01,25,1,49,35,15,23766.47
202507,2025-07-01,26,1,50,35,18,9863.5
202507,2025-07-01,27,1,48,25,12,16772.16
202507,2025-07-01,28,1,55,35,15,31384.1
202507,2025-07-01,29,1,49,20,18,3137.96
202507,2025-07-01,30,1,57,25,18,27198.69
202507,2025-07-01,31,1,63,35,15,5869.71
202507,2025-07-01,32,1,37,20,15,7172.82
202507,2025-07-01,33,1,64,25,12,37466.88
202507,2025-07-01,34,1,74,20,10,29346.18
202507,2025-07-01,35,1,22,20,15,5831.1
202507,2025-07-01,36,1,73,20,18,10014.14
202507,2025-07-01,37,1,41,30,12,11366.02
202507,2025-07-01,38,1,69,35,18,11948.73
202507,2025-07-01,39,1,63,30,12,17496.99
202507,2025-07-01,40,1,51,35,18,17690.37
202507,2025-07-01,41,1,89,25,15,13793.22
202507,2025-07-01,42,1,97,20,12,7789.1
202507,2025-07-01,43,1,61,35,12,17361.82
202507,2025-07-01,44,1,71,30,15,4424.01
202507,2025-07-01,45,1,78,30,12,10176.66
202507,2025-07-01,46,1,45,25,18,5504.85
202507,2025-07-01,47,1,72,30,18,38262.24
202507,2025-07-01,48,1,92,30,18,35534.08
202507,2025-07-01,49,1,96,35,18,57954.24
202507,2025-07-01,50,1,68,30,18,17411.4
202507,2025-07-01,51,1,77,30,18,7023.17
202507,2025-07-01,52,1,75,25,12,44273.25
202507,2025-07-01,53,1,83,30,15,36654.46
202507,2025-07-01,54,1,94,30,10,9370.86
202507,2025-07-01,55,1,86,20,15,30598.8
202507,2025-07-01,56,1,43,35,12,14649.24
202507,2025-07-01,57,1,93,30,10,42449.85
202507,2025-07-01,58,1,81,35,12,30240.54
202507,2025-07-01,59,1,83,35,15,8583.86
202507,2025-07-01,60,1,76,35,15,26636.48
202507,2025-07-01,61,1,75,20,12,35335.5
202507,2025-07-01,62,1,83,20,18,12274.87
202507,2025-07-01,63,1,86,25,18,27571.6
202507,2025-07-01,64,1,54,35,18,17760.6
202507,2025-07-01,65,1,59,25,12,18779.7
202507,2025-07-01,66,1,60,30,10,34893.6
202507,2025-07-01,67,1,78,35,12,9736.74
202507,2025-07-01,68,1,109,30,15,46623.66
202507,2025-07-01,69,1,101,25,10,40111.14
202507,2025-07-01,70,1,71,25,10,32528.65
202507,2025-07-01,71,1,75,30,18,27763.5
202507,2025-07-01,72,1,87,30,10,31887.24
202507,2025-07-01,73,1,112,25,12,30250.08
202507,2025-07-01,74,1,81,25,15,33947.1
202507,2025-07-01,75,1,71,35,18,12473.28
202507,2025-07-01,76,1,70,20,15,30629.9
202507,2025-07-01,77,1,55,30,18,5512.65
202507,2025-07-01,78,1,81,35,12,29562.57
202507,2025-07-01,79,1,87,30,10,18379.62
202507,2025-07-01,80,1,66,30,10,30037.26
202507,2025-07-01,81,1,81,35,10,18007.11
202507,2025-07-01,82,1,53,25,12,25106.63
202507,2025-07-01,83,1,77,25,10,31509.17
202507,2025-07-01,84,1,56,30,18,24374.0
202507,2025-07-01,85,1,88,25,12,16647.84
202507,2025-07-01,86,1,79,25,18,45184.05
202507,2025-07-01,87,1,74,25,10,34217.6
202507,2025-07-01,88,1,68,30,15,10542.72
202507,2025-07-01,89,1,94,20,18,13703.32
202507,2025-07-01,90,1,82,35,18,29456.86
202507,2025-07-01,91,1,56,35,10,25436.88
202507,2025-07-01,92,1,78,35,12,31742.88
202507,2025-07-01,93,1,60,35,12,19688.4
202507,2025-07-01,94,1,52,25,18,18543.72
202507,2025-07-01,95,1,76,25,10,13429.2
202507,2025-07-01,96,1,68,20,10,12548.04
202507,2025-07-01,97,1,53,25,12,20566.65
202507,2025-07-01,98,1,108,20,10,34665.84
202507,2025-07-01,99,1,86,30,15,35559.28
202507,2025-07-01,100,1,39,25,18,14365.26
202507,2025-07-01,1,2,37,30,12,7631.99
202507,2025-07-01,2,2,16,25,12,6856.96
202507,2025-07-01,3,2,64,35,18,23570.56
202507,2025-07-01,4,2,57,35,10,20918.43
202507,2025-07-01,5,2,40,25,18,21307.2
202507,2025-07-01,6,2,58,35,10,13179.34
202507,2025-07-01,7,2,23,25,18,4596.32
202507,2025-07-01,8,2,29,20,15,8980.72
202507,2025-07-01,9,2,78,30,15,8405.28
202507,2025-07-01,10,2,55,35,12,24879.25
202507,2025-07-01,11,2,29,20,15,15381.02
202507,2025-07-01,12,2,49,35,15,3433.92
202507,2025-07-01,13,2,76,20,10,10643.8
202507,2025-07-01,14,2,59,25,12,5150.7
202507,2025-07-01,15,2,45,30,15,18877.95
202507,2025-07-01,16,2,70,20,12,18601.8
202507,2025-07-01,17,2,62,30,10,3738.6
202507,2025-07-01,18,2,25,20,10,10235.25
202507,2025-07-01,19,2,64,20,15,15555.84
202507,2025-07-01,20,2,73,30,18,46295.87
202507,2025-07-01,21,2,41,20,18,16484.87
202507,2025-07-01,22,2,62,30,10,5126.78
202507,2025-07-01,23,2,16,20,12,10027.04
202507,2025-07-01,24,2,47,20,15,11927.66
202507,2025-07-01,25,2,34,30,10,16491.02
202507,2025-07-01,26,2,77,20,15,15189.79
202507,2025-07-01,27,2,72,20,15,25158.24
202507,2025-07-01,28,2,93,25,10,53067.66
202507,2025-07-01,29,2,88,30,18,5635.52
202507,2025-07-01,30,2,12,35,15,5726.04
202507,2025-07-01,31,2,106,20,12,9876.02
202507,2025-07-01,32,2,82,30,12,15896.52
202507,2025-07-01,33,2,52,20,15,30441.84
202507,2025-07-01,34,2,57,25,18,22604.49
202507,2025-07-01,35,2,32,30,18,8481.6
202507,2025-07-01,36,2,33,30,15,4526.94
202507,2025-07-01,37,2,69,20,12,19128.18
202507,2025-07-01,38,2,68,20,10,11775.56
202507,2025-07-01,39,2,41,20,18,11386.93
202507,2025-07-01,40,2,50,30,18,17343.5
202507,2025-07-01,41,2,86,30,18,13328.28
202507,2025-07-01,42,2,67,20,18,5380.1
202507,2025-07-01,43,2,69,35,15,19638.78
202507,2025-07-01,44,2,91,20,10,5670.21
202507,2025-07-01,45,2,76,20,12,9915.72
202507,2025-07-01,46,2,93,35,10,11376.69
202507,2025-07-01,47,2,50,35,12,26571.0
202507,2025-07-01,48,2,80,35,10,30899.2
202507,2025-07-01,49,2,97,35,10,58557.93
202507,2025-07-01,50,2,68,20,15,17411.4
202507,2025-07-01,51,2,94,35,18,8573.74
202507,2025-07-01,52,2,101,35,10,59621.31
202507,2025-07-01,53,2,54,20,18,23847.48
202507,2025-07-01,54,2,70,35,18,6978.3
202507,2025-07-01,55,2,55,30,12,19569.0
202507,2025-07-01,56,2,97,25,12,33045.96
202507,2025-07-01,57,2,60,35,10,27387.0
202507,2025-07-01,58,2,109,35,10,40694.06
202507,2025-07-01,59,2,83,30,10,8583.86
202507,2025-07-01,60,2,73,30,12,25585.04
202507,2025-07-01,61,2,55,30,12,25912.7
202507,2025-07-01,62,2,102,30,15,15084.78
202507,2025-07-01,63,2,99,20,15,31739.4
202507,2025-07-01,64,2,73,35,15,24009.7
202507,2025-07-01,65,2,111,35,12,35331.3
202507,2025-07-01,66,2,72,30,12,41872.32
202507,2025-07-01,67,2,72,30,12,8987.76
202507,2025-07-01,68,2,72,25,12,30797.28
202507,2025-07-01,69,2,69,30,12,27402.66
202507,2025-07-01,70,2,82,35,18,37568.3
202507,2025-07-01,71,2,88,25,10,32575.84
202507,2025-07-01,72,2,81,35,18,29688.12
202507,2025-07-01,73,2,48,30,10,12964.32
202507,2025-07-01,74,2,88,20,15,36880.8
202507,2025-07-01,75,2,64,30,18,11243.52
202507,2025-07-01,76,2,87,35,18,38068.59
202507,2025-07-01,77,2,73,25,10,7316.79
202507,2025-07-01,78,2,78,25,10,28467.66
202507,2025-07-01,79,2,109,25,15,23027.34
202507,2025-07-01,80,2,83,25,12,37774.13
202507,2025-07-01,81,2,88,35,12,19563.28
202507,2025-07-01,82,2,46,35,18,21790.66
202507,2025-07-01,83,2,48,35,12,19642.08
202507,2025-07-01,84,2,71,30,15,30902.75
202507,2025-07-01,85,2,63,20,15,11918.34
202507,2025-07-01,86,2,93,20,12,53191.35
202507,2025-07-01,87,2,77,30,12,35604.8
202507,2025-07-01,88,2,55,30,15,8527.2
202507,2025-07-01,89,2,80,35,10,11662.4
202507,2025-07-01,90,2,79,25,10,28379.17
202507,2025-07-01,91,2,65,35,12,29524.95
202507,2025-07-01,92,2,77,20,18,31335.92
202507,2025-07-01,93,2,81,25,10,26579.34
202507,2025-07-01,94,2,97,35,12,34591.17
202507,2025-07-01,95,2,76,25,18,13429.2
202507,2025-07-01,96,2,53,35,18,9780.09
202507,2025-07-01,97,2,84,35,10,32596.2
202507,2025-07-01,98,2,65,20,15,20863.7
202507,2025-07-01,99,2,105,25,15,43415.4
202507,2025-07-01,100,2,83,25,18,30572.22
202507,2025-07-01,1,3,46,35,12,9488.42
202507,2025-07-01,2,3,75,20,10,32142.0
202507,2025-07-01,3,3,0,20,18,0.0
202507,2025-07-01,4,3,71,20,12,26056.29
202507,2025-07-01,5,3,48,20,10,25568.64
202507,2025-07-01,6,3,66,25,15,14997.18
202507,2025-07-01,7,3,63,25,12,12589.92
202507,2025-07-01,8,3,86,30,15,26632.48
202507,2025-07-01,9,3,57,35,12,6142.32
202507,2025-07-01,10,3,43,20,15,19451.05
202507,2025-07-01,11,3,53,35,18,28110.14
202507,2025-07-01,12,3,21,35,10,1471.68
202507,2025-07-01,13,3,21,35,10,2941.05
202507,2025-07-01,14,3,23,35,10,2007.9
202507,2025-07-01,15,3,80,35,15,33560.8
202507,2025-07-01,16,3,52,35,15,13818.48
202507,2025-07-01,17,3,58,35,18,3497.4
202507,2025-07-01,18,3,66,35,18,27021.06
202507,2025-07-01,19,3,56,30,10,13611.36
202507,2025-07-01,20,3,67,35,12,42490.73
202507,2025-07-01,21,3,54,25,15,21711.78
202507,2025-07-01,22,3,50,30,10,4134.5
202507,2025-07-01,23,3,70,20,15,43868.3
202507,2025-07-01,24,3,73,25,12,18525.94
202507,2025-07-01,25,3,22,30,12,10670.66
202507,2025-07-01,26,3,65,35,15,12822.55
202507,2025-07-01,27,3,38,25,18,13277.96
202507,2025-07-01,28,3,9,25,12,5135.58
202507,2025-07-01,29,3,73,25,10,4674.92
202507,2025-07-01,30,3,88,20,15,41990.96
202507,2025-07-01,31,3,38,25,10,3540.46
202507,2025-07-01,32,3,62,35,10,12019.32
202507,2025-07-01,33,3,31,30,15,18148.02
202507,2025-07-01,34,3,78,35,12,30932.46
202507,2025-07-01,35,3,60,35,10,15903.0
202507,2025-07-01,36,3,43,20,15,5898.74
202507,2025-07-01,37,3,43,35,10,11920.46
202507,2025-07-01,38,3,44,20,15,7619.48
202507,2025-07-01,39,3,83,20,10,23051.59
202507,2025-07-01,40,3,61,20,10,21159.07
202507,2025-07-01,41,3,73,35,12,11313.54
202507,2025-07-01,42,3,54,35,10,4336.2
202507,2025-07-01,43,3,63,20,10,17931.06
202507,2025-07-01,44,3,78,25,18,4860.18
202507,2025-07-01,45,3,72,30,12,9393.84
202507,2025-07-01,46,3,63,30,18,7706.79
202507,2025-07-01,47,3,48,30,18,25508.16
202507,2025-07-01,48,3,77,25,12,29740.48
202507,2025-07-01,49,3,82,30,15,49502.58
202507,2025-07-01,50,3,74,25,15,18947.7
202507,2025-07-01,51,3,93,35,10,8482.53
202507,2025-07-01,52,3,70,25,10,41321.7
202507,2025-07-01,53,3,61,30,18,26938.82
202507,2025-07-01,54,3,81,35,10,8074.89
202507,2025-07-01,55,3,78,30,18,27752.4
202507,2025-07-01,56,3,37,25,18,12605.16
202507,2025-07-01,57,3,63,35,15,28756.35
202507,2025-07-01,58,3,75,25,12,28000.5
202507,2025-07-01,59,3,76,20,12,7859.92
202507,2025-07-01,60,3,61,20,18,21379.28
202507,2025-07-01,61,3,65,25,18,30624.1
202507,2025-07-01,62,3,86,35,15,12718.54
202507,2025-07-01,63,3,60,25,12,19236.0
202507,2025-07-01,64,3,81,30,18,26640.9
202507,2025-07-01,65,3,105,30,15,33421.5
202507,2025-07-01,66,3,24,25,18,13957.44
202507,2025-07-01,67,3,40,25,15,4993.2
202507,2025-07-01,68,3,94,20,10,40207.56
202507,2025-07-01,69,3,83,20,12,32962.62
202507,2025-07-01,70,3,75,20,18,34361.25
202507,2025-07-01,71,3,75,20,10,27763.5
202507,2025-07-01,72,3,66,30,18,24190.32
202507,2025-07-01,73,3,100,20,15,27009.0
202507,2025-07-01,74,3,71,20,10,29756.1
202507,2025-07-01,75,3,67,30,15,11770.56
202507,2025-07-01,76,3,93,25,12,40694.01
202507,2025-07-01,77,3,62,35,10,6214.26
202507,2025-07-01,78,3,64,35,12,23358.08
202507,2025-07-01,79,3,37,20,12,7816.62
202507,2025-07-01,80,3,65,25,15,29582.15
202507,2025-07-01,81,3,67,35,12,14894.77
202507,2025-07-01,82,3,59,35,12,27948.89
202507,2025-07-01,83,3,60,20,10,24552.6
202507,2025-07-01,84,3,77,20,10,33514.25
202507,2025-07-01,85,3,73,20,10,13810.14
202507,2025-07-01,86,3,76,25,10,43468.2
202507,2025-07-01,87,3,76,35,10,35142.4
202507,2025-07-01,88,3,53,20,15,8217.12
202507,2025-07-01,89,3,96,20,12,13994.88
202507,2025-07-01,90,3,64,25,15,22990.72
202507,2025-07-01,91,3,102,30,10,46331.46
202507,2025-07-01,92,3,74,30,12,30115.04
202507,2025-07-01,93,3,84,20,12,27563.76
202507,2025-07-01,94,3,42,20,15,14977.62
202507,2025-07-01,95,3,69,25,18,12192.3
202507,2025-07-01,96,3,60,35,18,11071.8
202507,2025-07-01,97,3,73,20,12,28327.65
202507,2025-07-01,98,3,63,35,18,20221.74
202507,2025-07-01,99,3,71,25,10,29357.08
202507,2025-07-01,100,3,65,20,12,23942.1
202507,2025-07-01,1,4,54,25,18,11138.58
202507,2025-07-01,2,4,61,20,15,26142.16
202507,2025-07-01,3,4,15,30,18,5524.35
202507,2025-07-01,4,4,69,30,18,25322.31
202507,2025-07-01,5,4,37,20,15,19709.16
202507,2025-07-01,6,4,48,25,10,10907.04
202507,2025-07-01,7,4,24,20,10,4796.16
202507,2025-07-01,8,4,35,30,12,10838.8
202507,2025-07-01,9,4,71,25,10,7650.96
202507,2025-07-01,10,4,45,35,18,20355.75
202507,2025-07-01,11,4,53,25,18,28110.14
202507,2025-07-01,12,4,62,30,12,4344.96
202507,2025-07-01,13,4,67,20,10,9383.35
202507,2025-07-01,14,4,44,30,12,3841.2
202507,2025-07-01,15,4,43,35,12,18038.93
202507,2025-07-01,16,4,75,35,18,19930.5
202507,2025-07-01,17,4,51,30,10,3075.3
202507,2025-07-01,18,4,19,20,18,7778.79
202507,2025-07-01,19,4,86,35,18,20903.16
202507,2025-07-01,20,4,96,35,10,60882.24
202507,2025-07-01,21,4,34,35,18,13670.38
202507,2025-07-01,22,4,62,35,12,5126.78
202507,2025-07-01,23,4,71,25,18,44494.99
202507,2025-07-01,24,4,61,25,18,15480.58
202507,2025-07-01,25,4,64,30,10,31041.92
202507,2025-07-01,26,4,59,20,18,11638.93
202507,2025-07-01,27,4,46,25,18,16073.32
202507,2025-07-01,28,4,56,35,12,31954.72
202507,2025-07-01,29,4,55,25,12,3522.2
202507,2025-07-01,30,4,67,35,18,31970.39
202507,2025-07-01,31,4,57,35,18,5310.69
202507,2025-07-01,32,4,30,20,12,5815.8
202507,2025-07-01,33,4,72,35,18,42150.24
202507,2025-07-01,34,4,66,20,18,26173.62
202507,2025-07-01,35,4,84,30,12,22264.2
202507,2025-07-01,36,4,63,25,10,8642.34
202507,2025-07-01,37,4,49,35,15,13583.78
202507,2025-07-01,38,4,22,25,15,3809.74
202507,2025-07-01,39,4,83,20,12,23051.59
202507,2025-07-01,40,4,40,30,15,13874.8
202507,2025-07-01,41,4,62,35,18,9608.76
202507,2025-07-01,42,4,68,35,12,5460.4
202507,2025-07-01,43,4,70,35,15,19923.4
202507,2025-07-01,44,4,52,35,18,3240.12
202507,2025-07-01,45,4,70,30,10,9132.9
202507,2025-07-01,46,4,38,25,15,4648.54
202507,2025-07-01,47,4,80,20,15,42513.6
202507,2025-07-01,48,4,65,20,10,25105.6
202507,2025-07-01,49,4,79,30,10,47691.51
202507,2025-07-01,50,4,47,35,10,12034.35
202507,2025-07-01,51,4,44,35,15,4013.24
202507,2025-07-01,52,4,28,35,12,16528.68
202507,2025-07-01,53,4,85,20,12,37537.7
202507,2025-07-01,54,4,84,30,18,8373.96
202507,2025-07-01,55,4,69,30,10,24550.2
202507,2025-07-01,56,4,73,35,10,24869.64
202507,2025-07-01,57,4,65,20,15,29669.25
202507,2025-07-01,58,4,62,35,10,23147.08
202507,2025-07-01,59,4,85,20,15,8790.7
202507,2025-07-01,60,4,34,20,10,11916.32
202507,2025-07-01,61,4,81,25,15,38162.34
202507,2025-07-01,62,4,58,30,12,8577.62
202507,2025-07-01,63,4,75,35,18,24045.0
202507,2025-07-01,64,4,55,30,18,18089.5
202507,2025-07-01,65,4,48,20,12,15278.4
202507,2025-07-01,66,4,49,20,12,28496.44
202507,2025-07-01,67,4,75,25,10,9362.25
202507,2025-07-01,68,4,89,20,10,38068.86
202507,2025-07-01,69,4,89,25,15,35345.46
202507,2025-07-01,70,4,56,20,10,25656.4
202507,2025-07-01,71,4,70,35,10,25912.6
202507,2025-07-01,72,4,99,35,15,36285.48
202507,2025-07-01,73,4,92,25,10,24848.28
202507,2025-07-01,74,4,84,35,15,35204.4
202507,2025-07-01,75,4,55,25,12,9662.4
202507,2025-07-01,76,4,80,25,12,35005.6
202507,2025-07-01,77,4,59,25,18,5913.57
202507,2025-07-01,78,4,85,25,10,31022.45
202507,2025-07-01,79,4,54,20,18,11408.04
202507,2025-07-01,80,4,79,25,10,35953.69
202507,2025-07-01,81,4,79,20,18,17562.49
202507,2025-07-01,82,4,85,25,10,40265.35
202507,2025-07-01,83,4,50,25,15,20460.5
202507,2025-07-01,84,4,73,25,18,31773.25
202507,2025-07-01,85,4,64,35,12,12107.52
202507,2025-07-01,86,4,73,30,18,41752.35
202507,2025-07-01,87,4,85,30,12,39304.0
202507,2025-07-01,88,4,58,35,15,8992.32
202507,2025-07-01,89,4,93,20,15,13557.54
202507,2025-07-01,90,4,77,35,10,27660.71
202507,2025-07-01,91,4,29,30,15,13172.67
202507,2025-07-01,92,4,59,35,15,24010.64
202507,2025-07-01,93,4,64,35,18,21000.96
202507,2025-07-01,94,4,64,30,10,22823.04
202507,2025-07-01,95,4,77,35,18,13605.9
202507,2025-07-01,96,4,58,25,15,10702.74
202507,2025-07-01,97,4,52,30,15,20178.6
202507,2025-07-01,98,4,90,30,12,28888.2
202507,2025-07-01,99,4,41,30,15,16952.68
202507,2025-07-01,100,4,82,20,15,30203.88
202507,2025-07-01,1,5,33,35,18,6806.91
202507,2025-07-01,2,5,64,35,15,27427.84
202507,2025-07-01,3,5,31,25,15,11416.99
202507,2025-07-01,4,5,63,25,15,23120.37
202507,2025-07-01,5,5,67,25,15,35689.56
202507,2025-07-01,6,5,67,35,12,15224.41
202507,2025-07-01,7,5,41,35,18,8193.44
202507,2025-07-01,8,5,62,25,18,19200.16
202507,2025-07-01,9,5,56,35,15,6034.56
202507,2025-07-01,10,5,36,30,12,16284.6
202507,2025-07-01,11,5,60,25,10,31822.8
202507,2025-07-01,12,5,95,35,18,6657.6
202507,2025-07-01,13,5,60,30,18,8403.0
202507,2025-07-01,14,5,84,20,15,7333.2
202507,2025-07-01,15,5,63,25,12,26429.13
202507,2025-07-01,16,5,15,35,12,3986.1
202507,2025-07-01,17,5,32,30,15,1929.6
202507,2025-07-01,18,5,36,25,18,14738.76
202507,2025-07-01,19,5,49,30,10,11909.94
202507,2025-07-01,20,5,77,30,10,48832.63
202507,2025-07-01,21,5,58,30,15,23320.06
202507,2025-07-01,22,5,45,20,15,3721.05
202507,2025-07-01,23,5,42,20,12,26320.98
202507,2025-07-01,24,5,17,30,18,4314.26
202507,2025-07-01,25,5,67,35,12,32497.01
202507,2025-07-01,26,5,51,20,10,10060.77
202507,2025-07-01,27,5,47,35,12,16422.74
202507,2025-07-01,28,5,66,30,12,37660.92
202507,2025-07-01,29,5,91,25,10,5827.64
202507,2025-07-01,30,5,69,35,18,32924.73
202507,2025-07-01,31,5,56,25,18,5217.52
202507,2025-07-01,32,5,45,25,15,8723.7
202507,2025-07-01,33,5,65,30,15,38052.3
202507,2025-07-01,34,5,55,20,12,21811.35
202507,2025-07-01,35,5,51,20,10,13517.55
202507,2025-07-01,36,5,67,35,12,9191.06
202507,2025-07-01,37,5,47,30,15,13029.34
202507,2025-07-01,38,5,66,20,15,11429.22
202507,2025-07-01,39,5,56,20,12,15552.88
202507,2025-07-01,40,5,45,20,15,15609.15
202507,2025-07-01,41,5,73,30,10,11313.54
202507,2025-07-01,42,5,104,25,10,8351.2
202507,2025-07-01,43,5,62,30,12,17646.44
202507,2025-07-01,44,5,72,30,12,4486.32
202507,2025-07-01,45,5,69,20,12,9002.43
202507,2025-07-01,46,5,42,35,15,5137.86
202507,2025-07-01,47,5,82,25,12,43576.44
202507,2025-07-01,48,5,84,35,15,32444.16
202507,2025-07-01,49,5,57,25,10,34410.33
202507,2025-07-01,50,5,67,20,10,17155.35
202507,2025-07-01,51,5,73,25,12,6658.33
202507,2025-07-01,52,5,72,30,10,42502.32
202507,2025-07-01,53,5,44,30,12,19431.28
202507,2025-07-01,54,5,51,35,15,5084.19
202507,2025-07-01,55,5,57,25,18,20280.6
202507,2025-07-01,56,5,52,30,12,17715.36
202507,2025-07-01,57,5,83,35,18,37885.35
202507,2025-07-01,58,5,91,25,15,33973.94
202507,2025-07-01,59,5,69,20,10,7135.98
202507,2025-07-01,60,5,73,30,18,25585.04
202507,2025-07-01,61,5,62,25,12,29210.68
202507,2025-07-01,62,5,58,30,15,8577.62
202507,2025-07-01,63,5,42,30,15,13465.2
202507,2025-07-01,64,5,82,20,15,26969.8
202507,2025-07-01,65,5,83,35,10,26418.9
202507,2025-07-01,66,5,48,20,12,27914.88
202507,2025-07-01,67,5,84,30,10,10485.72
202507,2025-07-01,68,5,80,20,18,34219.2
202507,2025-07-01,69,5,56,30,15,22239.84
202507,2025-07-01,70,5,47,30,15,21533.05
202507,2025-07-01,71,5,98,25,18,36277.64
202507,2025-07-01,72,5,87,20,18,31887.24
202507,2025-07-01,73,5,54,25,18,14584.86
202507,2025-07-01,74,5,90,25,10,37719.0
202507,2025-07-01,75,5,65,35,18,11419.2
202507,2025-07-01,76,5,92,25,12,40256.44
202507,2025-07-01,77,5,105,35,15,10524.15
202507,2025-07-01,78,5,54,35,10,19708.38
202507,2025-07-01,79,5,102,25,10,21548.52
202507,2025-07-01,80,5,38,30,18,17294.18
202507,2025-07-01,81,5,80,30,18,17784.8
202507,2025-07-01,82,5,78,25,18,36949.38
202507,2025-07-01,83,5,80,30,10,32736.8
202507,2025-07-01,84,5,68,25,18,29597.0
202507,2025-07-01,85,5,88,20,15,16647.84
202507,2025-07-01,86,5,80,20,18,45756.0
202507,2025-07-01,87,5,89,35,12,41153.6
202507,2025-07-01,88,5,62,20,10,9612.48
202507,2025-07-01,89,5,57,35,12,8309.46
202507,2025-07-01,90,5,3,20,18,1077.69
202507,2025-07-01,91,5,65,25,10,29524.95
202507,2025-07-01,92,5,74,25,15,30115.04
202507,2025-07-01,93,5,58,20,18,19032.12
202507,2025-07-01,94,5,79,35,10,28172.19
202507,2025-07-01,95,5,84,30,15,14842.8
202507,2025-07-01,96,5,79,20,15,14577.87
202507,2025-07-01,97,5,102,25,12,39581.1
202507,2025-07-01,98,5,89,35,18,28567.22
202507,2025-07-01,99,5,52,25,10,21500.96
202507,2025-07-01,100,5,84,25,12,30940.56
202507,2025-07-01,1,6,80,30,12,16501.6
202507,2025-07-01,2,6,26,20,15,11142.56
202507,2025-07-01,3,6,39,30,10,14363.31
202507,2025-07-01,4,6,42,30,12,15413.58
202507,2025-07-01,5,6,66,20,12,35156.88
202507,2025-07-01,6,6,77,30,12,17496.71
202507,2025-07-01,7,6,61,35,15,12190.24
202507,2025-07-01,8,6,36,30,10,11148.48
202507,2025-07-01,9,6,51,25,12,5495.76
202507,2025-07-01,10,6,87,25,10,39354.45
202507,2025-07-01,11,6,53,25,15,28110.14
202507,2025-07-01,12,6,57,25,18,3994.56
202507,2025-07-01,13,6,33,30,15,4621.65
202507,2025-07-01,14,6,46,35,18,4015.8
202507,2025-07-01,15,6,49,35,12,20555.99
202507,2025-07-01,16,6,52,20,10,13818.48
202507,2025-07-01,17,6,32,30,15,1929.6
202507,2025-07-01,18,6,51,20,15,20879.91
202507,2025-07-01,19,6,60,30,12,14583.6
202507,2025-07-01,20,6,20,20,12,12683.8
202507,2025-07-01,21,6,56,30,12,22515.92
202507,2025-07-01,22,6,71,35,15,5870.99
202507,2025-07-01,23,6,64,25,10,40108.16
202507,2025-07-01,24,6,62,20,12,15734.36
202507,2025-07-01,25,6,28,35,18,13580.84
202507,2025-07-01,26,6,61,20,10,12033.47
202507,2025-07-01,27,6,61,30,10,21314.62
202507,2025-07-01,28,6,45,35,12,25677.9
202507,2025-07-01,29,6,48,20,18,3073.92
202507,2025-07-01,30,6,59,25,18,28153.03
202507,2025-07-01,31,6,63,30,10,5869.71
202507,2025-07-01,32,6,77,35,12,14927.22
202507,2025-07-01,33,6,40,25,10,23416.8
202507,2025-07-01,34,6,31,35,12,12293.67
202507,2025-07-01,35,6,62,20,10,16433.1
202507,2025-07-01,36,6,67,35,12,9191.06
202507,2025-07-01,37,6,49,25,12,13583.78
202507,2025-07-01,38,6,54,20,12,9351.18
202507,2025-07-01,39,6,68,35,10,18885.64
202507,2025-07-01,40,6,64,30,18,22199.68
202507,2025-07-01,41,6,66,25,18,10228.68
202507,2025-07-01,42,6,43,35,18,3452.9
202507,2025-07-01,43,6,64,20,10,18215.68
202507,2025-07-01,44,6,94,30,12,5857.14
202507,2025-07-01,45,6,36,35,18,4696.92
202507,2025-07-01,46,6,69,20,18,8440.77
202507,2025-07-01,47,6,85,30,15,45170.7
202507,2025-07-01,48,6,69,20,15,26650.56
202507,2025-07-01,49,6,68,25,10,41050.92
202507,2025-07-01,50,6,77,30,15,19715.85
202507,2025-07-01,51,6,67,30,10,6111.07
202507,2025-07-01,52,6,86,20,12,50766.66
202507,2025-07-01,53,6,82,20,12,36212.84
202507,2025-07-01,54,6,64,35,12,6380.16
202507,2025-07-01,55,6,66,35,10,23482.8
202507,2025-07-01,56,6,55,25,15,18737.4
202507,2025-07-01,57,6,86,30,10,39254.7
202507,2025-07-01,58,6,125,25,15,46667.5
202507,2025-07-01,59,6,68,35,18,7032.56
202507,2025-07-01,60,6,41,35,10,14369.68
202507,2025-07-01,61,6,53,25,10,24970.42
202507,2025-07-01,62,6,44,30,10,6507.16
202507,2025-07-01,63,6,119,25,15,38151.4
202507,2025-07-01,64,6,67,35,18,22036.3
202507,2025-07-01,65,6,82,30,15,26100.6
202507,2025-07-01,66,6,112,20,12,65134.72
202507,2025-07-01,67,6,87,25,18,10860.21
202507,2025-07-01,68,6,104,20,10,44484.96
202507,2025-07-01,69,6,84,20,12,33359.76
202507,2025-07-01,70,6,66,25,18,30237.9
202507,2025-07-01,71,6,56,25,10,20730.08
202507,2025-07-01,72,6,59,20,15,21624.68
202507,2025-07-01,73,6,25,20,12,6752.25
202507,2025-07-01,74,6,22,25,15,9220.2
202507,2025-07-01,75,6,42,35,10,7378.56
202507,2025-07-01,76,6,72,20,15,31505.04
202507,2025-07-01,77,6,80,25,12,8018.4
202507,2025-07-01,78,6,67,20,10,24452.99
202507,2025-07-01,79,6,117,25,12,24717.42
202507,2025-07-01,80,6,31,30,12,14108.41
202507,2025-07-01,81,6,71,25,10,15784.01
202507,2025-07-01,82,6,19,25,10,9000.49
202507,2025-07-01,83,6,106,35,10,43376.26
202507,2025-07-01,84,6,52,35,12,22633.0
202507,2025-07-01,85,6,73,35,10,13810.14
202507,2025-07-01,86,6,61,25,10,34888.95
202507,2025-07-01,87,6,82,35,12,37916.8
202507,2025-07-01,88,6,63,35,10,9767.52
202507,2025-07-01,89,6,75,35,15,10933.5
202507,2025-07-01,90,6,71,35,18,25505.33
202507,2025-07-01,91,6,80,35,12,36338.4
202507,2025-07-01,92,6,52,20,10,21161.92
202507,2025-07-01,93,6,93,20,15,30517.02
202507,2025-07-01,94,6,61,25,10,21753.21
202507,2025-07-01,95,6,77,30,10,13605.9
202507,2025-07-01,96,6,42,20,18,7750.26
202507,2025-07-01,97,6,92,20,18,35700.6
202507,2025-07-01,98,6,56,20,18,17974.88
202507,2025-07-01,99,6,55,25,15,22741.4
202507,2025-07-01,100,6,105,30,10,38675.7
202508,2025-08-01,1,1,78,30,10,16089.06
202508,2025-08-01,2,1,60,25,12,25713.6
202508,2025-08-01,3,1,18,35,10,6629.22
202508,2025-08-01,4,1,18,30,10,6605.82
202508,2025-08-01,5,1,65,20,10,34624.2
202508,2025-08-01,6,1,96,30,15,21814.08
202508,2025-08-01,7,1,41,30,15,8193.44
202508,2025-08-01,8,1,84,30,18,26013.12
202508,2025-08-01,9,1,49,35,12,5280.24
202508,2025-08-01,10,1,61,35,15,27593.35
202508,2025-08-01,11,1,44,30,18,23336.72
202508,2025-08-01,12,1,56,20,12,3924.48
202508,2025-08-01,13,1,38,35,18,5321.9
202508,2025-08-01,14,1,46,35,10,4015.8
202508,2025-08-01,15,1,73,25,18,30624.23
202508,2025-08-01,16,1,75,35,10,19930.5
202508,2025-08-01,17,1,39,35,12,2351.7
202508,2025-08-01,18,1,37,35,12,15148.17
202508,2025-08-01,19,1,74,30,18,17986.44
202508,2025-08-01,20,1,88,20,12,55808.72
202508,2025-08-01,21,1,57,35,18,22917.99
202508,2025-08-01,22,1,12,35,12,992.28
202508,2025-08-01,23,1,85,20,15,53268.65
202508,2025-08-01,24,1,48,30,18,12181.44
202508,2025-08-01,25,1,47,25,18,22796.41
202508,2025-08-01,26,1,87,20,12,17162.49
202508,2025-08-01,27,1,39,35,15,13627.38
202508,2025-08-01,28,1,54,20,12,30813.48
202508,2025-08-01,29,1,60,25,12,3842.4
202508,2025-08-01,30,1,64,30,18,30538.88
202508,2025-08-01,31,1,53,20,15,4938.01
202508,2025-08-01,32,1,50,30,18,9693.0
202508,2025-08-01,33,1,63,35,12,36881.46
202508,2025-08-01,34,1,64,35,18,25380.48
202508,2025-08-01,35,1,67,25,12,17758.35
202508,2025-08-01,36,1,40,20,15,5487.2
202508,2025-08-01,37,1,16,20,10,4435.52
202508,2025-08-01,38,1,57,35,18,9870.69
202508,2025-08-01,39,1,65,20,15,18052.45
202508,2025-08-01,40,1,46,25,10,15956.02
202508,2025-08-01,41,1,87,30,12,13483.26
202508,2025-08-01,42,1,78,30,12,6263.4
202508,2025-08-01,43,1,49,20,18,13946.38
202508,2025-08-01,44,1,58,35,12,3613.98
202508,2025-08-01,45,1,60,35,15,7828.2
202508,2025-08-01,46,1,79,35,10,9664.07
202508,2025-08-01,47,1,67,30,18,35605.14
202508,2025-08-01,48,1,51,30,18,19698.24
202508,2025-08-01,49,1,39,35,18,23543.91
202508,2025-08-01,50,1,61,20,12,15619.05
202508,2025-08-01,51,1,59,35,12,5381.39
202508,2025-08-01,52,1,57,20,10,33647.67
202508,2025-08-01,53,1,75,30,12,33121.5
202508,2025-08-01,54,1,62,35,12,6180.78
202508,2025-08-01,55,1,83,35,12,29531.4
202508,2025-08-01,56,1,67,20,15,22825.56
202508,2025-08-01,57,1,99,25,12,45188.55
202508,2025-08-01,58,1,74,20,12,27627.16
202508,2025-08-01,59,1,88,35,10,9100.96
202508,2025-08-01,60,1,68,35,15,23832.64
202508,2025-08-01,61,1,116,25,15,54652.24
202508,2025-08-01,62,1,71,20,10,10500.19
202508,2025-08-01,63,1,71,30,10,22762.6
202508,2025-08-01,64,1,88,35,12,28943.2
202508,2025-08-01,65,1,93,20,10,29601.9
202508,2025-08-01,66,1,50,35,12,29078.0
202508,2025-08-01,67,1,56,25,12,6990.48
202508,2025-08-01,68,1,47,30,18,20103.78
202508,2025-08-01,69,1,87,20,12,34551.18
202508,2025-08-01,70,1,71,20,10,32528.65
202508,2025-08-01,71,1,94,20,18,34796.92
202508,2025-08-01,72,1,92,35,10,33719.84
202508,2025-08-01,73,1,72,35,15,19446.48
202508,2025-08-01,74,1,55,35,15,23050.5
202508,2025-08-01,75,1,81,35,15,14230.08
202508,2025-08-01,76,1,54,35,10,23628.78
202508,2025-08-01,77,1,75,30,12,7517.25
202508,2025-08-01,78,1,75,25,10,27372.75
202508,2025-08-01,79,1,75,35,10,15844.5
202508,2025-08-01,80,1,42,20,15,19114.62
202508,2025-08-01,81,1,72,35,15,16006.32
202508,2025-08-01,82,1,48,35,15,22738.08
202508,2025-08-01,83,1,31,20,10,12685.51
202508,2025-08-01,84,1,56,20,18,24374.0
202508,2025-08-01,85,1,63,20,18,11918.34
202508,2025-08-01,86,1,86,25,15,49187.7
202508,2025-08-01,87,1,55,35,12,25432.0
202508,2025-08-01,88,1,78,20,18,12093.12
202508,2025-08-01,89,1,76,25,10,11079.28
202508,2025-08-01,90,1,84,25,18,30175.32
202508,2025-08-01,91,1,98,30,15,44514.54
202508,2025-08-01,92,1,92,35,12,37440.32
202508,2025-08-01,93,1,65,35,10,21329.1
202508,2025-08-01,94,1,84,35,15,29955.24
202508,2025-08-01,95,1,66,35,12,11662.2
202508,2025-08-01,96,1,58,35,10,10702.74
202508,2025-08-01,97,1,86,20,12,33372.3
202508,2025-08-01,98,1,53,20,18,17011.94
202508,2025-08-01,99,1,84,25,10,34732.32
202508,2025-08-01,100,1,52,20,12,19153.68
202508,2025-08-01,1,2,34,20,18,7013.18
202508,2025-08-01,2,2,33,20,18,14142.48
202508,2025-08-01,3,2,86,35,15,31672.94
202508,2025-08-01,4,2,29,25,12,10642.71
202508,2025-08-01,5,2,14,20,18,7457.52
202508,2025-08-01,6,2,57,25,12,12952.11
202508,2025-08-01,7,2,42,35,10,8393.28
202508,2025-08-01,8,2,40,25,10,12387.2
202508,2025-08-01,9,2,32,35,15,3448.32
202508,2025-08-01,10,2,62,30,10,28045.7
202508,2025-08-01,11,2,71,20,15,37656.98
202508,2025-08-01,12,2,51,20,12,3574.08
202508,2025-08-01,13,2,37,35,12,5181.85
202508,2025-08-01,14,2,85,30,15,7420.5
202508,2025-08-01,15,2,31,30,15,13004.81
202508,2025-08-01,16,2,57,25,15,15147.18
202508,2025-08-01,17,2,52,35,12,3135.6
202508,2025-08-01,18,2,52,20,12,21289.32
202508,2025-08-01,19,2,47,35,15,11423.82
202508,2025-08-01,20,2,36,25,12,22830.84
202508,2025-08-01,21,2,49,25,15,19701.43
202508,2025-08-01,22,2,40,30,10,3307.6
202508,2025-08-01,23,2,24,35,15,15040.56
202508,2025-08-01,24,2,54,20,12,13704.12
202508,2025-08-01,25,2,54,30,10,26191.62
202508,2025-08-01,26,2,44,30,18,8679.88
202508,2025-08-01,27,2,57,35,12,19916.94
202508,2025-08-01,28,2,66,20,12,37660.92
202508,2025-08-01,29,2,63,25,18,4034.52
202508,2025-08-01,30,2,41,20,10,19563.97
202508,2025-08-01,31,2,53,35,12,4938.01
202508,2025-08-01,32,2,63,30,15,12213.18
202508,2025-08-01,33,2,30,30,10,17562.6
202508,2025-08-01,34,2,34,25,15,13483.38
202508,2025-08-01,35,2,60,30,12,15903.0
202508,2025-08-01,36,2,64,20,15,8779.52
202508,2025-08-01,37,2,44,35,12,12197.68
202508,2025-08-01,38,2,73,20,12,12641.41
202508,2025-08-01,39,2,50,20,18,13886.5
202508,2025-08-01,40,2,56,35,15,19424.72
202508,2025-08-01,41,2,73,20,18,11313.54
202508,2025-08-01,42,2,65,30,15,5219.5
202508,2025-08-01,43,2,85,35,12,24192.7
202508,2025-08-01,44,2,71,30,10,4424.01
202508,2025-08-01,45,2,101,25,10,13177.47
202508,2025-08-01,46,2,68,35,18,8318.44
202508,2025-08-01,47,2,56,25,15,29759.52
202508,2025-08-01,48,2,58,20,18,22401.92
202508,2025-08-01,49,2,93,35,10,56143.17
202508,2025-08-01,50,2,70,20,12,17923.5
202508,2025-08-01,51,2,108,25,18,9850.68
202508,2025-08-01,52,2,69,25,18,40731.39
202508,2025-08-01,53,2,54,35,10,23847.48
202508,2025-08-01,54,2,75,35,12,7476.75
202508,2025-08-01,55,2,81,20,18,28819.8
202508,2025-08-01,56,2,84,25,15,28617.12
202508,2025-08-01,57,2,88,20,12,40167.6
202508,2025-08-01,58,2,49,30,12,18293.66
202508,2025-08-01,59,2,66,25,12,6825.72
202508,2025-08-01,60,2,72,30,10,25234.56
202508,2025-08-01,61,2,72,25,10,33922.08
202508,2025-08-01,62,2,72,35,12,10648.08
202508,2025-08-01,63,2,76,25,12,24365.6
202508,2025-08-01,64,2,78,35,15,25654.2
202508,2025-08-01,65,2,85,30,10,27055.5
202508,2025-08-01,66,2,76,20,10,44198.56
202508,2025-08-01,67,2,57,30,15,7115.31
202508,2025-08-01,68,2,46,30,12,19676.04
202508,2025-08-01,69,2,97,30,15,38522.58
202508,2025-08-01,70,2,71,25,10,32528.65
202508,2025-08-01,71,2,57,25,15,21100.26
202508,2025-08-01,72,2,63,25,15,23090.76
202508,2025-08-01,73,2,86,20,15,23227.74
202508,2025-08-01,74,2,84,35,18,35204.4
202508,2025-08-01,75,2,59,30,10,10365.12
202508,2025-08-01,76,2,29,20,18,12689.53
202508,2025-08-01,77,2,80,20,15,8018.4
202508,2025-08-01,78,2,65,35,15,23723.05
202508,2025-08-01,79,2,68,20,15,14365.68
202508,2025-08-01,80,2,84,20,15,38229.24
202508,2025-08-01,81,2,68,35,15,15117.08
202508,2025-08-01,82,2,58,25,10,27475.18
202508,2025-08-01,83,2,78,25,18,31918.38
202508,2025-08-01,84,2,79,20,15,34384.75
202508,2025-08-01,85,2,44,30,12,8323.92
202508,2025-08-01,86,2,100,30,15,57195.0
202508,2025-08-01,87,2,112,20,10,51788.8
202508,2025-08-01,88,2,85,25,18,13178.4
202508,2025-08-01,89,2,47,20,10,6851.66
202508,2025-08-01,90,2,69,20,12,24786.87
202508,2025-08-01,91,2,82,30,18,37246.86
202508,2025-08-01,92,2,59,30,15,24010.64
202508,2025-08-01,93,2,57,25,12,18703.98
202508,2025-08-01,94,2,88,20,12,31381.68
202508,2025-08-01,95,2,77,25,18,13605.9
202508,2025-08-01,96,2,102,35,18,18822.06
202508,2025-08-01,97,2,77,35,18,29879.85
202508,2025-08-01,98,2,65,25,12,20863.7
202508,2025-08-01,99,2,41,30,12,16952.68
202508,2025-08-01,100,2,93,25,18,34255.62
202508,2025-08-01,1,3,76,20,15,15676.52
202508,2025-08-01,2,3,65,20,10,27856.4
202508,2025-08-01,3,3,68,25,10,25043.72
202508,2025-08-01,4,3,28,25,15,10275.72
202508,2025-08-01,5,3,45,25,15,23970.6
202508,2025-08-01,6,3,51,25,15,11588.73
202508,2025-08-01,7,3,56,20,18,11191.04
202508,2025-08-01,8,3,25,35,12,7742.0
202508,2025-08-01,9,3,20,25,15,2155.2
202508,2025-08-01,10,3,31,35,12,14022.85
202508,2025-08-01,11,3,49,25,15,25988.62
202508,2025-08-01,12,3,49,25,12,3433.92
202508,2025-08-01,13,3,87,30,12,12184.35
202508,2025-08-01,14,3,75,35,15,6547.5
202508,2025-08-01,15,3,45,20,18,18877.95
202508,2025-08-01,16,3,39,35,15,10363.86
202508,2025-08-01,17,3,44,20,18,2653.2
202508,2025-08-01,18,3,56,30,15,22926.96
202508,2025-08-01,19,3,51,25,15,12396.06
202508,2025-08-01,20,3,55,25,12,34880.45
202508,2025-08-01,21,3,45,35,12,18093.15
202508,2025-08-01,22,3,63,30,15,5209.47
202508,2025-08-01,23,3,45,20,18,28201.05
202508,2025-08-01,24,3,45,30,12,11420.1
202508,2025-08-01,25,3,60,30,10,29101.8
202508,2025-08-01,26,3,77,30,12,15189.79
202508,2025-08-01,27,3,51,30,15,17820.42
202508,2025-08-01,28,3,44,35,10,25107.28
202508,2025-08-01,29,3,70,25,18,4482.8
202508,2025-08-01,30,3,55,35,15,26244.35
202508,2025-08-01,31,3,42,30,12,3913.14
202508,2025-08-01,32,3,52,30,10,10080.72
202508,2025-08-01,33,3,80,35,18,46833.6
202508,2025-08-01,34,3,58,30,10,23001.06
202508,2025-08-01,35,3,60,30,18,15903.0
202508,2025-08-01,36,3,47,20,12,6447.46
202508,2025-08-01,37,3,60,20,10,16633.2
202508,2025-08-01,38,3,27,30,15,4675.59
202508,2025-08-01,39,3,57,25,18,15830.61
202508,2025-08-01,40,3,31,25,15,10752.97
202508,2025-08-01,41,3,73,30,18,11313.54
202508,2025-08-01,42,3,95,35,18,7628.5
202508,2025-08-01,43,3,58,35,18,16507.96
202508,2025-08-01,44,3,43,30,18,2679.33
202508,2025-08-01,45,3,65,20,18,8480.55
202508,2025-08-01,46,3,111,20,18,13578.63
202508,2025-08-01,47,3,77,20,18,40919.34
202508,2025-08-01,48,3,66,20,10,25491.84
202508,2025-08-01,49,3,93,30,18,56143.17
202508,2025-08-01,50,3,93,20,10,23812.65
202508,2025-08-01,51,3,47,20,12,4286.87
202508,2025-08-01,52,3,54,30,18,31876.74
202508,2025-08-01,53,3,35,20,15,15456.7
202508,2025-08-01,54,3,82,35,18,8174.58
202508,2025-08-01,55,3,79,30,18,28108.2
202508,2025-08-01,56,3,29,35,15,9879.72
202508,2025-08-01,57,3,82,20,15,37428.9
202508,2025-08-01,58,3,55,20,18,20533.7
202508,2025-08-01,59,3,84,20,10,8687.28
202508,2025-08-01,60,3,64,35,18,22430.72
202508,2025-08-01,61,3,93,30,15,43816.02
202508,2025-08-01,62,3,83,25,12,12274.87
202508,2025-08-01,63,3,61,30,12,19556.6
202508,2025-08-01,64,3,91,30,18,29929.9
202508,2025-08-01,65,3,51,30,10,16233.3
202508,2025-08-01,66,3,67,30,15,38964.52
202508,2025-08-01,67,3,100,20,15,12483.0
202508,2025-08-01,68,3,68,35,18,29086.32
202508,2025-08-01,69,3,62,25,18,24622.68
202508,2025-08-01,70,3,74,30,15,33903.1
202508,2025-08-01,71,3,74,20,12,27393.32
202508,2025-08-01,72,3,51,30,12,18692.52
202508,2025-08-01,73,3,61,35,10,16475.49
202508,2025-08-01,74,3,119,35,12,49872.9
202508,2025-08-01,75,3,73,30,18,12824.64
202508,2025-08-01,76,3,86,20,15,37631.02
202508,2025-08-01,77,3,52,20,12,5211.96
202508,2025-08-01,78,3,78,30,10,28467.66
202508,2025-08-01,79,3,100,25,15,21126.0
202508,2025-08-01,80,3,66,35,18,30037.26
202508,2025-08-01,81,3,69,25,18,15339.39
202508,2025-08-01,82,3,106,30,10,50213.26
202508,2025-08-01,83,3,78,35,12,31918.38
202508,2025-08-01,84,3,85,30,12,36996.25
202508,2025-08-01,85,3,66,35,10,12485.88
202508,2025-08-01,86,3,68,35,12,38892.6
202508,2025-08-01,87,3,89,30,15,41153.6
202508,2025-08-01,88,3,85,25,10,13178.4
202508,2025-08-01,89,3,66,20,10,9621.48
202508,2025-08-01,90,3,33,20,12,11854.59
202508,2025-08-01,91,3,64,35,18,29070.72
202508,2025-08-01,92,3,93,30,10,37847.28
202508,2025-08-01,93,3,48,25,10,15750.72
202508,2025-08-01,94,3,88,30,15,31381.68
202508,2025-08-01,95,3,58,25,18,10248.6
202508,2025-08-01,96,3,75,35,15,13839.75
202508,2025-08-01,97,3,95,35,18,36864.75
202508,2025-08-01,98,3,64,20,12,20542.72
202508,2025-08-01,99,3,68,35,15,28116.64
202508,2025-08-01,100,3,79,35,12,29098.86
202508,2025-08-01,1,4,53,20,12,10932.31
202508,2025-08-01,2,4,51,35,12,21856.56
202508,2025-08-01,3,4,47,30,15,17309.63
202508,2025-08-01,4,4,30,30,12,11009.7
202508,2025-08-01,5,4,72,30,18,38352.96
202508,2025-08-01,6,4,27,35,12,6135.21
202508,2025-08-01,7,4,77,25,10,15387.68
202508,2025-08-01,8,4,57,20,12,17651.76
202508,2025-08-01,9,4,87,25,12,9375.12
202508,2025-08-01,10,4,83,30,18,37545.05
202508,2025-08-01,11,4,71,35,10,37656.98
202508,2025-08-01,12,4,57,35,10,3994.56
202508,2025-08-01,13,4,74,35,12,10363.7
202508,2025-08-01,14,4,45,20,18,3928.5
202508,2025-08-01,15,4,81,30,15,33980.31
202508,2025-08-01,16,4,72,30,18,19133.28
202508,2025-08-01,17,4,62,35,18,3738.6
202508,2025-08-01,18,4,34,25,18,13919.94
202508,2025-08-01,19,4,62,25,18,15069.72
202508,2025-08-01,20,4,46,25,18,29172.74
202508,2025-08-01,21,4,77,35,15,30959.39
202508,2025-08-01,22,4,43,20,18,3555.67
202508,2025-08-01,23,4,66,35,15,41361.54
202508,2025-08-01,24,4,36,35,15,9136.08
202508,2025-08-01,25,4,50,30,15,24251.5
202508,2025-08-01,26,4,42,25,15,8285.34
202508,2025-08-01,27,4,41,30,12,14326.22
202508,2025-08-01,28,4,58,30,12,33095.96
202508,2025-08-01,29,4,66,35,18,4226.64
202508,2025-08-01,30,4,54,30,10,25767.18
202508,2025-08-01,31,4,73,25,18,6801.41
202508,2025-08-01,32,4,60,35,18,11631.6
202508,2025-08-01,33,4,41,35,18,24002.22
202508,2025-08-01,34,4,43,30,10,17052.51
202508,2025-08-01,35,4,32,30,12,8481.6
202508,2025-08-01,36,4,21,20,18,2880.78
202508,2025-08-01,37,4,49,35,18,13583.78
202508,2025-08-01,38,4,39,30,10,6753.63
202508,2025-08-01,39,4,56,30,18,15552.88
202508,2025-08-01,40,4,41,30,12,14221.67
202508,2025-08-01,41,4,36,30,10,5579.28
202508,2025-08-01,42,4,84,20,15,6745.2
202508,2025-08-01,43,4,52,35,12,14800.24
202508,2025-08-01,44,4,38,25,10,2367.78
202508,2025-08-01,45,4,39,20,10,5088.33
202508,2025-08-01,46,4,94,20,15,11499.02
202508,2025-08-01,47,4,77,20,18,40919.34
202508,2025-08-01,48,4,75,30,18,28968.0
202508,2025-08-01,49,4,57,30,12,34410.33
202508,2025-08-01,50,4,63,25,15,16131.15
202508,2025-08-01,51,4,64,30,15,5837.44
202508,2025-08-01,52,4,75,25,15,44273.25
202508,2025-08-01,53,4,55,35,15,24289.1
202508,2025-08-01,54,4,29,25,15,2891.01
202508,2025-08-01,55,4,65,25,12,23127.0
202508,2025-08-01,56,4,60,25,18,20440.8
202508,2025-08-01,57,4,52,35,10,23735.4
202508,2025-08-01,58,4,58,20,10,21653.72
202508,2025-08-01,59,4,80,30,18,8273.6
202508,2025-08-01,60,4,60,20,10,21028.8
202508,2025-08-01,61,4,66,20,10,31095.24
202508,2025-08-01,62,4,75,25,15,11091.75
202508,2025-08-01,63,4,51,30,18,16350.6
202508,2025-08-01,64,4,73,20,10,24009.7
202508,2025-08-01,65,4,85,35,15,27055.5
202508,2025-08-01,66,4,89,20,10,51758.84
202508,2025-08-01,67,4,85,20,15,10610.55
202508,2025-08-01,68,4,74,25,18,31652.76
202508,2025-08-01,69,4,65,30,18,25814.1
202508,2025-08-01,70,4,38,35,10,17409.7
202508,2025-08-01,71,4,99,30,15,36647.82
202508,2025-08-01,72,4,72,35,18,26389.44
202508,2025-08-01,73,4,71,35,10,19176.39
202508,2025-08-01,74,4,82,35,18,34366.2
202508,2025-08-01,75,4,104,20,15,18270.72
202508,2025-08-01,76,4,55,35,18,24066.35
202508,2025-08-01,77,4,77,35,18,7717.71
202508,2025-08-01,78,4,103,25,10,37591.91
202508,2025-08-01,79,4,53,30,12,11196.78
202508,2025-08-01,80,4,69,30,18,31402.59
202508,2025-08-01,81,4,72,30,15,16006.32
202508,2025-08-01,82,4,57,20,10,27001.47
202508,2025-08-01,83,4,67,30,12,27417.07
202508,2025-08-01,84,4,68,25,12,29597.0
202508,2025-08-01,85,4,65,20,12,12296.7
202508,2025-08-01,86,4,91,25,18,52047.45
202508,2025-08-01,87,4,62,35,15,28668.8
202508,2025-08-01,88,4,76,20,15,11783.04
202508,2025-08-01,89,4,66,30,18,9621.48
202508,2025-08-01,90,4,66,25,18,23709.18
202508,2025-08-01,91,4,68,25,12,30887.64
202508,2025-08-01,92,4,77,20,15,31335.92
202508,2025-08-01,93,4,79,20,15,25923.06
202508,2025-08-01,94,4,71,20,12,25319.31
202508,2025-08-01,95,4,73,20,18,12899.1
202508,2025-08-01,96,4,41,35,10,7565.73
202508,2025-08-01,97,4,75,30,18,29103.75
202508,2025-08-01,98,4,59,30,18,18937.82
202508,2025-08-01,99,4,53,25,12,21914.44
202508,2025-08-01,100,4,41,20,15,15101.94
202508,2025-08-01,1,5,30,35,15,6188.1
202508,2025-08-01,2,5,28,25,15,11999.68
202508,2025-08-01,3,5,61,35,15,22465.69
202508,2025-08-01,4,5,16,30,12,5871.84
202508,2025-08-01,5,5,55,20,12,29297.4
202508,2025-08-01,6,5,76,30,15,17269.48
202508,2025-08-01,7,5,82,30,10,16386.88
202508,2025-08-01,8,5,55,20,12,17032.4
202508,2025-08-01,9,5,42,25,18,4525.92
202508,2025-08-01,10,5,50,25,15,22617.5
202508,2025-08-01,11,5,47,20,18,24927.86
202508,2025-08-01,12,5,73,35,15,5115.84
202508,2025-08-01,13,5,65,35,18,9103.25
202508,2025-08-01,14,5,88,30,10,7682.4
202508,2025-08-01,15,5,31,25,10,13004.81
202508,2025-08-01,16,5,76,25,15,20196.24
202508,2025-08-01,17,5,54,20,12,3256.2
202508,2025-08-01,18,5,51,20,12,20879.91
202508,2025-08-01,19,5,69,30,15,16771.14
202508,2025-08-01,20,5,45,25,15,28538.55
202508,2025-08-01,21,5,59,35,15,23722.13
202508,2025-08-01,22,5,56,20,15,4630.64
202508,2025-08-01,23,5,37,25,15,23187.53
202508,2025-08-01,24,5,67,25,10,17003.26
202508,2025-08-01,25,5,79,35,15,38317.37
202508,2025-08-01,26,5,25,30,10,4931.75
202508,2025-08-01,27,5,61,30,10,21314.62
202508,2025-08-01,28,5,43,25,18,24536.66
202508,2025-08-01,29,5,83,30,15,5315.32
202508,2025-08-01,30,5,56,20,18,26721.52
202508,2025-08-01,31,5,60,35,15,5590.2
202508,2025-08-01,32,5,19,25,12,3683.34
202508,2025-08-01,33,5,27,25,10,15806.34
202508,2025-08-01,34,5,23,25,15,9121.11
202508,2025-08-01,35,5,79,20,10,20938.95
202508,2025-08-01,36,5,55,20,12,7544.9
202508,2025-08-01,37,5,67,20,15,18573.74
202508,2025-08-01,38,5,54,35,12,9351.18
202508,2025-08-01,39,5,42,30,12,11664.66
202508,2025-08-01,40,5,51,25,15,17690.37
202508,2025-08-01,41,5,44,25,10,6819.12
202508,2025-08-01,42,5,67,30,18,5380.1
202508,2025-08-01,43,5,64,25,10,18215.68
202508,2025-08-01,44,5,79,20,12,4922.49
202508,2025-08-01,45,5,54,20,15,7045.38
202508,2025-08-01,46,5,85,25,18,10398.05
202508,2025-08-01,47,5,79,25,15,41982.18
202508,2025-08-01,48,5,71,20,10,27423.04
202508,2025-08-01,49,5,53,30,18,31995.57
202508,2025-08-01,50,5,56,20,12,14338.8
202508,2025-08-01,51,5,56,25,10,5107.76
202508,2025-08-01,52,5,97,30,15,57260.07
202508,2025-08-01,53,5,60,30,12,26497.2
202508,2025-08-01,54,5,101,20,10,10068.69
202508,2025-08-01,55,5,86,30,12,30598.8
202508,2025-08-01,56,5,87,20,12,29639.16
202508,2025-08-01,57,5,55,20,15,25104.75
202508,2025-08-01,58,5,66,30,10,24640.44
202508,2025-08-01,59,5,69,35,18,7135.98
202508,2025-08-01,60,5,46,20,10,16122.08
202508,2025-08-01,61,5,95,20,18,44758.3
202508,2025-08-01,62,5,54,30,15,7986.06
202508,2025-08-01,63,5,118,30,15,37830.8
202508,2025-08-01,64,5,78,35,18,25654.2
202508,2025-08-01,65,5,71,35,12,22599.3
202508,2025-08-01,66,5,82,30,15,47687.92
202508,2025-08-01,67,5,48,30,10,5991.84
202508,2025-08-01,68,5,50,25,10,21387.0
202508,2025-08-01,69,5,57,25,18,22636.98
202508,2025-08-01,70,5,84,30,15,38484.6
202508,2025-08-01,71,5,47,25,10,17398.46
202508,2025-08-01,72,5,75,35,15,27489.0
202508,2025-08-01,73,5,111,20,10,29979.99
202508,2025-08-01,74,5,105,20,18,44005.5
202508,2025-08-01,75,5,74,20,18,13000.32
202508,2025-08-01,76,5,71,35,10,31067.47
202508,2025-08-01,77,5,91,20,10,9120.93
202508,2025-08-01,78,5,75,25,12,27372.75
202508,2025-08-01,79,5,78,30,12,16478.28
202508,2025-08-01,80,5,74,20,18,33678.14
202508,2025-08-01,81,5,78,25,18,17340.18
202508,2025-08-01,82,5,75,25,12,35528.25
202508,2025-08-01,83,5,84,20,18,34373.64
202508,2025-08-01,84,5,43,30,18,18715.75
202508,2025-08-01,85,5,48,25,18,9080.64
202508,2025-08-01,86,5,38,35,12,21734.1
202508,2025-08-01,87,5,66,20,12,30518.4
202508,2025-08-01,88,5,70,30,18,10852.8
202508,2025-08-01,89,5,109,20,10,15890.02
202508,2025-08-01,90,5,66,20,15,23709.18
202508,2025-08-01,91,5,40,25,12,18169.2
202508,2025-08-01,92,5,96,30,18,39068.16
202508,2025-08-01,93,5,79,25,12,25923.06
202508,2025-08-01,94,5,61,35,10,21753.21
202508,2025-08-01,95,5,61,25,12,10778.7
202508,2025-08-01,96,5,86,25,10,15869.58
202508,2025-08-01,97,5,121,20,18,46954.05
202508,2025-08-01,98,5,97,30,15,31135.06
202508,2025-08-01,99,5,83,35,12,34318.84
202508,2025-08-01,100,5,73,30,12,26888.82
202508,2025-08-01,1,6,58,35,10,11963.66
202508,2025-08-01,2,6,75,25,15,32142.0
202508,2025-08-01,3,6,85,20,15,31304.65
202508,2025-08-01,4,6,32,30,12,11743.68
202508,2025-08-01,5,6,81,20,15,43147.08
202508,2025-08-01,6,6,30,20,12,6816.9
202508,2025-08-01,7,6,37,35,10,7394.08
202508,2025-08-01,8,6,62,35,10,19200.16
202508,2025-08-01,9,6,69,30,10,7435.44
202508,2025-08-01,10,6,73,25,12,33021.55
202508,2025-08-01,11,6,59,30,10,31292.42
202508,2025-08-01,12,6,60,35,15,4204.8
202508,2025-08-01,13,6,37,30,18,5181.85
202508,2025-08-01,14,6,55,30,18,4801.5
202508,2025-08-01,15,6,50,35,15,20975.5
202508,2025-08-01,16,6,80,20,10,21259.2
202508,2025-08-01,17,6,48,30,10,2894.4
202508,2025-08-01,18,6,20,30,18,8188.2
202508,2025-08-01,19,6,78,35,15,18958.68
202508,2025-08-01,20,6,70,25,10,44393.3
202508,2025-08-01,21,6,33,20,18,13268.31
202508,2025-08-01,22,6,53,30,15,4382.57
202508,2025-08-01,23,6,70,35,12,43868.3
202508,2025-08-01,24,6,70,25,18,17764.6
202508,2025-08-01,25,6,50,35,18,24251.5
202508,2025-08-01,26,6,66,30,18,13019.82
202508,2025-08-01,27,6,63,25,10,22013.46
202508,2025-08-01,28,6,51,25,18,29101.62
202508,2025-08-01,29,6,49,20,18,3137.96
202508,2025-08-01,30,6,62,25,12,29584.54
202508,2025-08-01,31,6,62,20,10,5776.54
202508,2025-08-01,32,6,44,20,12,8529.84
202508,2025-08-01,33,6,47,35,10,27514.74
202508,2025-08-01,34,6,57,30,18,22604.49
202508,2025-08-01,35,6,51,30,18,13517.55
202508,2025-08-01,36,6,35,20,10,4801.3
202508,2025-08-01,37,6,33,25,10,9148.26
202508,2025-08-01,38,6,41,25,15,7099.97
202508,2025-08-01,39,6,45,20,15,12497.85
202508,2025-08-01,40,6,69,30,12,23934.03
202508,2025-08-01,41,6,78,25,15,12088.44
202508,2025-08-01,42,6,81,30,10,6504.3
202508,2025-08-01,43,6,72,20,15,20492.64
202508,2025-08-01,44,6,80,35,10,4984.8
202508,2025-08-01,45,6,76,30,12,9915.72
202508,2025-08-01,46,6,74,30,18,9052.42
202508,2025-08-01,47,6,50,25,12,26571.0
202508,2025-08-01,48,6,52,30,10,20084.48
202508,2025-08-01,49,6,67,35,18,40447.23
202508,2025-08-01,50,6,66,25,10,16899.3
202508,2025-08-01,51,6,49,30,12,4469.29
202508,2025-08-01,52,6,46,25,18,27154.26
202508,2025-08-01,53,6,76,35,10,33563.12
202508,2025-08-01,54,6,51,30,18,5084.19
202508,2025-08-01,55,6,92,35,15,32733.6
202508,2025-08-01,56,6,71,35,12,24188.28
202508,2025-08-01,57,6,39,25,15,17801.55
202508,2025-08-01,58,6,67,25,12,25013.78
202508,2025-08-01,59,6,57,25,10,5894.94
202508,2025-08-01,60,6,60,20,12,21028.8
202508,2025-08-01,61,6,76,25,12,35806.64
202508,2025-08-01,62,6,78,30,12,11535.42
202508,2025-08-01,63,6,80,20,18,25648.0
202508,2025-08-01,64,6,64,30,18,21049.6
202508,2025-08-01,65,6,72,30,18,22917.6
202508,2025-08-01,66,6,67,35,18,38964.52
202508,2025-08-01,67,6,86,35,10,10735.38
202508,2025-08-01,68,6,89,35,15,38068.86
202508,2025-08-01,69,6,72,30,12,28594.08
202508,2025-08-01,70,6,35,35,15,16035.25
202508,2025-08-01,71,6,76,30,15,28133.68
202508,2025-08-01,72,6,68,35,15,24923.36
202508,2025-08-01,73,6,71,25,10,19176.39
202508,2025-08-01,74,6,75,25,15,31432.5
202508,2025-08-01,75,6,74,25,10,13000.32
202508,2025-08-01,76,6,103,35,15,45069.71
202508,2025-08-01,77,6,93,30,15,9321.39
202508,2025-08-01,78,6,81,25,18,29562.57
202508,2025-08-01,79,6,83,30,18,17534.58
202508,2025-08-01,80,6,68,30,10,30947.48
202508,2025-08-01,81,6,51,20,15,11337.81
202508,2025-08-01,82,6,79,35,12,37423.09
202508,2025-08-01,83,6,94,35,18,38465.74
202508,2025-08-01,84,6,38,30,10,16539.5
202508,2025-08-01,85,6,57,20,18,10783.26
202508,2025-08-01,86,6,85,35,15,48615.75
202508,2025-08-01,87,6,67,30,12,30980.8
202508,2025-08-01,88,6,45,30,18,6976.8
202508,2025-08-01,89,6,10,30,15,1457.8
202508,2025-08-01,90,6,98,20,15,35204.54
202508,2025-08-01,91,6,72,35,15,32704.56
202508,2025-08-01,92,6,61,20,18,24824.56
202508,2025-08-01,93,6,40,35,18,13125.6
202508,2025-08-01,94,6,74,25,10,26389.14
202508,2025-08-01,95,6,65,20,12,11485.5
202508,2025-08-01,96,6,66,30,12,12178.98
202508,2025-08-01,97,6,59,20,10,22894.95
202508,2025-08-01,98,6,55,35,12,17653.9
202508,2025-08-01,99,6,104,20,10,43001.92
202508,2025-08-01,100,6,85,30,18,31308.9
202509,2025-09-01,1,1,96,25,12,19801.92
202509,2025-09-01,2,1,62,30,12,26570.72
202509,2025-09-01,3,1,47,25,15,17309.63
202509,2025-09-01,4,1,47,25,15,17248.53
202509,2025-09-01,5,1,66,25,18,35156.88
202509,2025-09-01,6,1,61,35,18,13861.03
202509,2025-09-01,7,1,74,20,15,14788.16
202509,2025-09-01,8,1,45,35,10,13935.6
202509,2025-09-01,9,1,74,20,10,7974.24
202509,2025-09-01,10,1,47,30,10,21260.45
202509,2025-09-01,11,1,61,25,12,32353.18
202509,2025-09-01,12,1,38,30,10,2663.04
202509,2025-09-01,13,1,80,20,15,11204.0
202509,2025-09-01,14,1,33,25,18,2880.9
202509,2025-09-01,15,1,44,25,15,18458.44
202509,2025-09-01,16,1,57,35,18,15147.18
202509,2025-09-01,17,1,60,35,10,3618.0
202509,2025-09-01,18,1,84,30,15,34390.44
202509,2025-09-01,19,1,44,30,15,10694.64
202509,2025-09-01,20,1,54,35,10,34246.26
202509,2025-09-01,21,1,53,30,12,21309.71
202509,2025-09-01,22,1,34,25,18,2811.46
202509,2025-09-01,23,1,56,20,18,35094.64
202509,2025-09-01,24,1,47,35,15,11927.66
202509,2025-09-01,25,1,41,35,12,19886.23
202509,2025-09-01,26,1,64,35,12,12625.28
202509,2025-09-01,27,1,45,20,15,15723.9
202509,2025-09-01,28,1,49,25,18,27960.38
202509,2025-09-01,29,1,38,30,10,2433.52
202509,2025-09-01,30,1,38,20,12,18132.46
202509,2025-09-01,31,1,30,30,18,2795.1
202509,2025-09-01,32,1,38,35,12,7366.68
202509,2025-09-01,33,1,74,30,10,43321.08
202509,2025-09-01,34,1,63,25,10,24983.91
202509,2025-09-01,35,1,63,30,15,16698.15
202509,2025-09-01,36,1,71,25,12,9739.78
202509,2025-09-01,37,1,57,20,18,15801.54
202509,2025-09-01,38,1,63,35,15,10909.71
202509,2025-09-01,39,1,62,30,12,17219.26
202509,2025-09-01,40,1,54,20,12,18730.98
202509,2025-09-01,41,1,78,35,12,12088.44
202509,2025-09-01,42,1,80,35,15,6424.0
202509,2025-09-01,43,1,54,25,15,15369.48
202509,2025-09-01,44,1,40,35,18,2492.4
202509,2025-09-01,45,1,101,30,15,13177.47
202509,2025-09-01,46,1,69,35,10,8440.77
202509,2025-09-01,47,1,59,35,10,31353.78
202509,2025-09-01,48,1,77,35,15,29740.48
202509,2025-09-01,49,1,64,20,10,38636.16
202509,2025-09-01,50,1,42,20,18,10754.1
202509,2025-09-01,51,1,71,35,15,6475.91
202509,2025-09-01,52,1,65,30,10,38370.15
202509,2025-09-01,53,1,77,25,15,34004.74
202509,2025-09-01,54,1,72,30,10,7177.68
202509,2025-09-01,55,1,59,30,12,20992.2
202509,2025-09-01,56,1,64,30,12,21803.52
202509,2025-09-01,57,1,65,20,18,29669.25
202509,2025-09-01,58,1,73,30,12,27253.82
202509,2025-09-01,59,1,49,25,15,5067.58
202509,2025-09-01,60,1,92,35,15,32244.16
202509,2025-09-01,61,1,85,35,18,40046.9
202509,2025-09-01,62,1,53,35,15,7838.17
202509,2025-09-01,63,1,76,35,15,24365.6
202509,2025-09-01,64,1,73,20,18,24009.7
202509,2025-09-01,65,1,52,20,15,16551.6
202509,2025-09-01,66,1,85,30,15,49432.6
202509,2025-09-01,67,1,56,30,12,6990.48
202509,2025-09-01,68,1,90,30,12,38496.6
202509,2025-09-01,69,1,49,35,18,19459.86
202509,2025-09-01,70,1,86,35,10,39400.9
202509,2025-09-01,71,1,100,30,18,37018.0
202509,2025-09-01,72,1,79,25,12,28955.08
202509,2025-09-01,73,1,77,20,15,20796.93
202509,2025-09-01,74,1,76,20,18,31851.6
202509,2025-09-01,75,1,59,35,12,10365.12
202509,2025-09-01,76,1,98,30,10,42881.86
202509,2025-09-01,77,1,66,30,12,6615.18
202509,2025-09-01,78,1,82,30,18,29927.54
202509,2025-09-01,79,1,67,35,10,14154.42
202509,2025-09-01,80,1,82,20,10,37319.02
202509,2025-09-01,81,1,72,20,10,16006.32
202509,2025-09-01,82,1,55,30,15,26054.05
202509,2025-09-01,83,1,63,35,18,25780.23
202509,2025-09-01,84,1,83,25,15,36125.75
202509,2025-09-01,85,1,55,30,12,10404.9
202509,2025-09-01,86,1,44,20,15,25165.8
202509,2025-09-01,87,1,83,35,12,38379.2
202509,2025-09-01,88,1,75,25,15,11628.0
202509,2025-09-01,89,1,90,30,18,13120.2
202509,2025-09-01,90,1,61,30,18,21913.03
202509,2025-09-01,91,1,72,30,10,32704.56
202509,2025-09-01,92,1,75,25,15,30522.0
202509,2025-09-01,93,1,85,30,18,27891.9
202509,2025-09-01,94,1,56,30,10,19970.16
202509,2025-09-01,95,1,53,35,15,9365.1
202509,2025-09-01,96,1,79,30,18,14577.87
202509,2025-09-01,97,1,50,25,15,19402.5
202509,2025-09-01,98,1,59,25,12,18937.82
202509,2025-09-01,99,1,56,25,15,23154.88
202509,2025-09-01,100,1,70,30,15,25783.8
202509,2025-09-01,1,2,52,20,15,10726.04
202509,2025-09-01,2,2,61,35,15,26142.16
202509,2025-09-01,3,2,19,35,15,6997.51
202509,2025-09-01,4,2,48,20,18,17615.52
202509,2025-09-01,5,2,68,35,10,36222.24
202509,2025-09-01,6,2,78,25,15,17723.94
202509,2025-09-01,7,2,55,20,12,10991.2
202509,2025-09-01,8,2,39,35,12,12077.52
202509,2025-09-01,9,2,38,25,12,4094.88
202509,2025-09-01,10,2,46,30,18,20808.1
202509,2025-09-01,11,2,33,20,15,17502.54
202509,2025-09-01,12,2,65,20,18,4555.2
202509,2025-09-01,13,2,51,20,15,7142.55
202509,2025-09-01,14,2,106,35,18,9253.8
202509,2025-09-01,15,2,57,20,15,23912.07
202509,2025-09-01,16,2,56,35,18,14881.44
202509,2025-09-01,17,2,51,25,15,3075.3
202509,2025-09-01,18,2,22,20,15,9007.02
202509,2025-09-01,19,2,28,30,15,6805.68
202509,2025-09-01,20,2,66,20,12,41856.54
202509,2025-09-01,21,2,27,35,15,10855.89
202509,2025-09-01,22,2,20,30,18,1653.8
202509,2025-09-01,23,2,18,20,10,11280.42
202509,2025-09-01,24,2,28,35,10,7105.84
202509,2025-09-01,25,2,57,25,18,27646.71
202509,2025-09-01,26,2,81,20,10,15978.87
202509,2025-09-01,27,2,84,20,18,29351.28
202509,2025-09-01,28,2,56,30,10,31954.72
202509,2025-09-01,29,2,38,20,10,2433.52
202509,2025-09-01,30,2,62,35,10,29584.54
202509,2025-09-01,31,2,33,35,18,3074.61
202509,2025-09-01,32,2,70,30,10,13570.2
202509,2025-09-01,33,2,65,35,18,38052.3
202509,2025-09-01,34,2,48,25,15,19035.36
202509,2025-09-01,35,2,38,30,10,10071.9
202509,2025-09-01,36,2,49,35,12,6721.82
202509,2025-09-01,37,2,52,20,15,14415.44
202509,2025-09-01,38,2,62,25,18,10736.54
202509,2025-09-01,39,2,25,35,18,6943.25
202509,2025-09-01,40,2,33,25,15,11446.71
202509,2025-09-01,41,2,90,25,18,13948.2
202509,2025-09-01,42,2,45,35,12,3613.5
202509,2025-09-01,43,2,89,30,15,25331.18
202509,2025-09-01,44,2,57,35,10,3551.67
202509,2025-09-01,45,2,39,35,10,5088.33
202509,2025-09-01,46,2,57,35,12,6972.81
202509,2025-09-01,47,2,86,25,12,45702.12
202509,2025-09-01,48,2,86,30,10,33216.64
202509,2025-09-01,49,2,80,25,12,48295.2
202509,2025-09-01,50,2,99,30,10,25348.95
202509,2025-09-01,51,2,86,25,10,7844.06
202509,2025-09-01,52,2,42,20,15,24793.02
202509,2025-09-01,53,2,85,25,10,37537.7
202509,2025-09-01,54,2,102,35,15,10168.38
202509,2025-09-01,55,2,58,25,18,20636.4
202509,2025-09-01,56,2,93,30,12,31683.24
202509,2025-09-01,57,2,75,35,18,34233.75
202509,2025-09-01,58,2,52,25,15,19413.68
202509,2025-09-01,59,2,82,35,18,8480.44
202509,2025-09-01,60,2,50,35,10,17524.0
202509,2025-09-01,61,2,49,30,10,23085.86
202509,2025-09-01,62,2,79,25,10,11683.31
202509,2025-09-01,63,2,77,20,18,24686.2
202509,2025-09-01,64,2,65,25,15,21378.5
202509,2025-09-01,65,2,87,35,15,27692.1
202509,2025-09-01,66,2,57,25,18,33148.92
202509,2025-09-01,67,2,69,20,12,8613.27
202509,2025-09-01,68,2,59,30,12,25236.66
202509,2025-09-01,69,2,118,35,12,46862.52
202509,2025-09-01,70,2,99,35,15,45356.85
202509,2025-09-01,71,2,52,20,12,19249.36
202509,2025-09-01,72,2,60,35,18,21991.2
202509,2025-09-01,73,2,94,20,10,25388.46
202509,2025-09-01,74,2,101,25,12,42329.1
202509,2025-09-01,75,2,43,25,12,7554.24
202509,2025-09-01,76,2,69,20,15,30192.33
202509,2025-09-01,77,2,70,25,15,7016.1
202509,2025-09-01,78,2,58,25,18,21168.26
202509,2025-09-01,79,2,71,20,10,14999.46
202509,2025-09-01,80,2,109,35,12,49606.99
202509,2025-09-01,81,2,74,30,15,16450.94
202509,2025-09-01,82,2,99,35,15,46897.29
202509,2025-09-01,83,2,88,35,15,36010.48
202509,2025-09-01,84,2,62,30,18,26985.5
202509,2025-09-01,85,2,78,30,12,14756.04
202509,2025-09-01,86,2,85,25,15,48615.75
202509,2025-09-01,87,2,67,30,15,30980.8
202509,2025-09-01,88,2,67,30,10,10387.68
202509,2025-09-01,89,2,72,20,10,10496.16
202509,2025-09-01,90,2,74,30,10,26583.02
202509,2025-09-01,91,2,85,25,18,38609.55
202509,2025-09-01,92,2,86,35,12,34998.56
202509,2025-09-01,93,2,106,20,15,34782.84
202509,2025-09-01,94,2,89,25,10,31738.29
202509,2025-09-01,95,2,80,25,10,14136.0
202509,2025-09-01,96,2,72,25,18,13286.16
202509,2025-09-01,97,2,34,35,15,13193.7
202509,2025-09-01,98,2,95,20,15,30493.1
202509,2025-09-01,99,2,80,35,10,33078.4
202509,2025-09-01,100,2,65,30,18,23942.1
202509,2025-09-01,1,3,44,25,12,9075.88
202509,2025-09-01,2,3,34,20,10,14571.04
202509,2025-09-01,3,3,87,30,12,32041.23
202509,2025-09-01,4,3,80,25,12,29359.2
202509,2025-09-01,5,3,53,30,15,28232.04
202509,2025-09-01,6,3,83,20,10,18860.09
202509,2025-09-01,7,3,43,20,12,8593.12
202509,2025-09-01,8,3,59,35,12,18271.12
202509,2025-09-01,9,3,58,25,18,6250.08
202509,2025-09-01,10,3,51,20,12,23069.85
202509,2025-09-01,11,3,45,20,18,23867.1
202509,2025-09-01,12,3,71,35,15,4975.68
202509,2025-09-01,13,3,60,35,18,8403.0
202509,2025-09-01,14,3,83,20,10,7245.9
202509,2025-09-01,15,3,54,35,18,22653.54
202509,2025-09-01,16,3,46,35,10,12224.04
202509,2025-09-01,17,3,80,25,18,4824.0
202509,2025-09-01,18,3,62,35,12,25383.42
202509,2025-09-01,19,3,29,30,10,7048.74
202509,2025-09-01,20,3,38,35,18,24099.22
202509,2025-09-01,21,3,51,35,10,20505.57
202509,2025-09-01,22,3,58,35,12,4796.02
202509,2025-09-01,23,3,50,20,18,31334.5
202509,2025-09-01,24,3,35,25,10,8882.3
202509,2025-09-01,25,3,86,30,18,41712.58
202509,2025-09-01,26,3,56,20,15,11047.12
202509,2025-09-01,27,3,67,20,18,23411.14
202509,2025-09-01,28,3,30,25,10,17118.6
202509,2025-09-01,29,3,51,25,12,3266.04
202509,2025-09-01,30,3,48,35,15,22904.16
202509,2025-09-01,31,3,76,30,18,7080.92
202509,2025-09-01,32,3,20,30,18,3877.2
202509,2025-09-01,33,3,73,35,15,42735.66
202509,2025-09-01,34,3,58,20,10,23001.06
202509,2025-09-01,35,3,43,35,10,11397.15
202509,2025-09-01,36,3,53,30,12,7270.54
202509,2025-09-01,37,3,23,20,18,6376.06
202509,2025-09-01,38,3,76,30,10,13160.92
202509,2025-09-01,39,3,30,35,10,8331.9
202509,2025-09-01,40,3,62,25,15,21505.94
202509,2025-09-01,41,3,71,25,15,11003.58
202509,2025-09-01,42,3,74,20,18,5942.2
202509,2025-09-01,43,3,55,20,10,15654.1
202509,2025-09-01,44,3,63,20,15,3925.53
202509,2025-09-01,45,3,74,20,12,9654.78
202509,2025-09-01,46,3,94,35,12,11499.02
202509,2025-09-01,47,3,73,35,18,38793.66
202509,2025-09-01,48,3,100,20,18,38624.0
202509,2025-09-01,49,3,98,30,12,59161.62
202509,2025-09-01,50,3,98,20,15,25092.9
202509,2025-09-01,51,3,75,25,10,6840.75
202509,2025-09-01,52,3,84,25,18,49586.04
202509,2025-09-01,53,3,103,25,15,45486.86
202509,2025-09-01,54,3,69,25,18,6878.61
202509,2025-09-01,55,3,41,20,12,14587.8
202509,2025-09-01,56,3,78,25,10,26573.04
202509,2025-09-01,57,3,73,35,10,33320.85
202509,2025-09-01,58,3,86,35,15,32107.24
202509,2025-09-01,59,3,67,30,10,6929.14
202509,2025-09-01,60,3,79,25,12,27687.92
202509,2025-09-01,61,3,84,25,15,39575.76
202509,2025-09-01,62,3,118,25,15,17451.02
202509,2025-09-01,63,3,93,25,10,29815.8
202509,2025-09-01,64,3,61,20,18,20062.9
202509,2025-09-01,65,3,84,30,18,26737.2
202509,2025-09-01,66,3,65,25,15,37801.4
202509,2025-09-01,67,3,96,20,18,11983.68
202509,2025-09-01,68,3,63,30,15,26947.62
202509,2025-09-01,69,3,65,30,18,25814.1
202509,2025-09-01,70,3,79,25,15,36193.85
202509,2025-09-01,71,3,93,20,10,34426.74
202509,2025-09-01,72,3,104,25,10,38118.08
202509,2025-09-01,73,3,67,30,10,18096.03
202509,2025-09-01,74,3,42,20,12,17602.2
202509,2025-09-01,75,3,49,25,12,8608.32
202509,2025-09-01,76,3,63,20,15,27566.91
202509,2025-09-01,77,3,73,30,18,7316.79
202509,2025-09-01,78,3,95,20,12,34672.15
202509,2025-09-01,79,3,40,30,18,8450.4
202509,2025-09-01,80,3,80,20,18,36408.8
202509,2025-09-01,81,3,74,35,10,16450.94
202509,2025-09-01,82,3,81,35,10,38370.51
202509,2025-09-01,83,3,87,25,10,35601.27
202509,2025-09-01,84,3,58,30,18,25244.5
202509,2025-09-01,85,3,37,35,10,6999.66
202509,2025-09-01,86,3,86,30,10,49187.7
202509,2025-09-01,87,3,81,25,15,37454.4
202509,2025-09-01,88,3,85,35,10,13178.4
202509,2025-09-01,89,3,84,30,10,12245.52
202509,2025-09-01,90,3,84,35,15,30175.32
202509,2025-09-01,91,3,78,25,15,35429.94
202509,2025-09-01,92,3,75,25,12,30522.0
202509,2025-09-01,93,3,60,35,18,19688.4
202509,2025-09-01,94,3,69,30,10,24606.09
202509,2025-09-01,95,3,48,35,18,8481.6
202509,2025-09-01,96,3,82,35,18,15131.46
202509,2025-09-01,97,3,58,35,10,22506.9
202509,2025-09-01,98,3,79,20,18,25357.42
202509,2025-09-01,99,3,59,30,12,24395.32
202509,2025-09-01,100,3,54,30,15,19890.36
202509,2025-09-01,1,4,45,35,12,9282.15
202509,2025-09-01,2,4,23,20,18,9856.88
202509,2025-09-01,3,4,22,25,10,8102.38
202509,2025-09-01,4,4,55,25,12,20184.45
202509,2025-09-01,5,4,68,25,15,36222.24
202509,2025-09-01,6,4,9,35,18,2045.07
202509,2025-09-01,7,4,56,30,18,11191.04
202509,2025-09-01,8,4,74,30,15,22916.32
202509,2025-09-01,9,4,57,20,10,6142.32
202509,2025-09-01,10,4,49,30,15,22165.15
202509,2025-09-01,11,4,65,20,15,34474.7
202509,2025-09-01,12,4,61,35,12,4274.88
202509,2025-09-01,13,4,59,20,10,8262.95
202509,2025-09-01,14,4,35,30,18,3055.5
202509,2025-09-01,15,4,66,20,15,27687.66
202509,2025-09-01,16,4,40,30,12,10629.6
202509,2025-09-01,17,4,39,35,10,2351.7
202509,2025-09-01,18,4,53,35,15,21698.73
202509,2025-09-01,19,4,67,30,18,16285.02
202509,2025-09-01,20,4,43,35,10,27270.17
202509,2025-09-01,21,4,48,20,10,19299.36
202509,2025-09-01,22,4,93,20,18,7690.17
202509,2025-09-01,23,4,52,35,18,32587.88
202509,2025-09-01,24,4,52,30,18,13196.56
202509,2025-09-01,25,4,58,30,15,28131.74
202509,2025-09-01,26,4,56,30,18,11047.12
202509,2025-09-01,27,4,75,30,18,26206.5
202509,2025-09-01,28,4,42,25,18,23966.04
202509,2025-09-01,29,4,63,25,12,4034.52
202509,2025-09-01,30,4,49,35,12,23381.33
202509,2025-09-01,31,4,58,30,15,5403.86
202509,2025-09-01,32,4,45,30,10,8723.7
202509,2025-09-01,33,4,78,25,10,45662.76
202509,2025-09-01,34,4,52,30,18,20621.64
202509,2025-09-01,35,4,37,30,18,9806.85
202509,2025-09-01,36,4,48,20,18,6584.64
202509,2025-09-01,37,4,42,35,12,11643.24
202509,2025-09-01,38,4,75,35,10,12987.75
202509,2025-09-01,39,4,34,25,12,9442.82
202509,2025-09-01,40,4,80,35,18,27749.6
202509,2025-09-01,41,4,61,20,18,9453.78
202509,2025-09-01,42,4,82,35,18,6584.6
202509,2025-09-01,43,4,84,35,15,23908.08
202509,2025-09-01,44,4,70,35,10,4361.7
202509,2025-09-01,45,4,109,25,18,14221.23
202509,2025-09-01,46,4,55,25,18,6728.15
202509,2025-09-01,47,4,28,25,18,14879.76
202509,2025-09-01,48,4,81,35,12,31285.44
202509,2025-09-01,49,4,70,35,10,42258.3
202509,2025-09-01,50,4,61,20,10,15619.05
202509,2025-09-01,51,4,69,35,12,6293.49
202509,2025-09-01,52,4,103,30,10,60801.93
202509,2025-09-01,53,4,86,25,18,37979.32
202509,2025-09-01,54,4,86,25,12,8573.34
202509,2025-09-01,55,4,58,20,18,20636.4
202509,2025-09-01,56,4,67,25,15,22825.56
202509,2025-09-01,57,4,81,25,12,36972.45
202509,2025-09-01,58,4,95,25,12,35467.3
202509,2025-09-01,59,4,100,25,10,10342.0
202509,2025-09-01,60,4,34,25,12,11916.32
202509,2025-09-01,61,4,54,25,15,25441.56
202509,2025-09-01,62,4,89,30,18,13162.21
202509,2025-09-01,63,4,71,20,18,22762.6
202509,2025-09-01,64,4,92,20,18,30258.8
202509,2025-09-01,65,4,72,30,12,22917.6
202509,2025-09-01,66,4,110,20,18,63971.6
202509,2025-09-01,67,4,73,30,12,9112.59
202509,2025-09-01,68,4,69,25,15,29514.06
202509,2025-09-01,69,4,76,35,18,30182.64
202509,2025-09-01,70,4,85,30,12,38942.75
202509,2025-09-01,71,4,91,30,10,33686.38
202509,2025-09-01,72,4,38,25,15,13927.76
202509,2025-09-01,73,4,73,25,18,19716.57
202509,2025-09-01,74,4,51,20,10,21374.1
202509,2025-09-01,75,4,115,35,15,20203.2
202509,2025-09-01,76,4,74,30,15,32380.18
202509,2025-09-01,77,4,62,30,18,6214.26
202509,2025-09-01,78,4,68,30,12,24817.96
202509,2025-09-01,79,4,59,20,10,12464.34
202509,2025-09-01,80,4,94,20,15,42780.34
202509,2025-09-01,81,4,79,25,15,17562.49
202509,2025-09-01,82,4,83,30,15,39317.93
202509,2025-09-01,83,4,75,25,10,30690.75
202509,2025-09-01,84,4,71,30,12,30902.75
202509,2025-09-01,85,4,69,35,18,13053.42
202509,2025-09-01,86,4,48,30,12,27453.6
202509,2025-09-01,87,4,76,30,15,35142.4
202509,2025-09-01,88,4,81,20,18,12558.24
202509,2025-09-01,89,4,76,35,18,11079.28
202509,2025-09-01,90,4,59,35,10,21194.57
202509,2025-09-01,91,4,60,25,10,27253.8
202509,2025-09-01,92,4,93,25,12,37847.28
202509,2025-09-01,93,4,77,25,10,25266.78
202509,2025-09-01,94,4,82,25,10,29242.02
202509,2025-09-01,95,4,78,35,10,13782.6
202509,2025-09-01,96,4,47,20,15,8672.91
202509,2025-09-01,97,4,54,35,18,20954.7
202509,2025-09-01,98,4,89,25,12,28567.22
202509,2025-09-01,99,4,86,35,18,35559.28
202509,2025-09-01,100,4,80,25,18,29467.2
202509,2025-09-01,1,5,43,25,10,8869.61
202509,2025-09-01,2,5,76,30,12,32570.56
202509,2025-09-01,3,5,58,30,15,21360.82
202509,2025-09-01,4,5,28,35,12,10275.72
202509,2025-09-01,5,5,57,20,18,30362.76
202509,2025-09-01,6,5,82,35,15,18632.86
202509,2025-09-01,7,5,37,30,10,7394.08
202509,2025-09-01,8,5,62,35,10,19200.16
202509,2025-09-01,9,5,54,25,12,5819.04
202509,2025-09-01,10,5,60,25,10,27141.0
202509,2025-09-01,11,5,73,35,10,38717.74
202509,2025-09-01,12,5,69,20,15,4835.52
202509,2025-09-01,13,5,43,20,10,6022.15
202509,2025-09-01,14,5,42,25,18,3666.6
202509,2025-09-01,15,5,68,30,15,28526.68
202509,2025-09-01,16,5,44,20,12,11692.56
202509,2025-09-01,17,5,45,20,12,2713.5
202509,2025-09-01,18,5,75,25,10,30705.75
202509,2025-09-01,19,5,10,20,18,2430.6
202509,2025-09-01,20,5,72,30,15,45661.68
202509,2025-09-01,21,5,90,30,15,36186.3
202509,2025-09-01,22,5,70,20,18,5788.3
202509,2025-09-01,23,5,72,30,18,45121.68
202509,2025-09-01,24,5,40,25,10,10151.2
202509,2025-09-01,25,5,46,20,15,22311.38
202509,2025-09-01,26,5,40,35,18,7890.8
202509,2025-09-01,27,5,73,25,18,25507.66
202509,2025-09-01,28,5,67,30,10,38231.54
202509,2025-09-01,29,5,35,20,15,2241.4
202509,2025-09-01,30,5,33,25,18,15746.61
202509,2025-09-01,31,5,61,35,15,5683.37
202509,2025-09-01,32,5,48,30,12,9305.28
202509,2025-09-01,33,5,38,20,12,22245.96
202509,2025-09-01,34,5,44,35,10,17449.08
202509,2025-09-01,35,5,25,35,15,6626.25
202509,2025-09-01,36,5,48,30,12,6584.64
202509,2025-09-01,37,5,43,25,10,11920.46
202509,2025-09-01,38,5,50,30,18,8658.5
202509,2025-09-01,39,5,38,25,12,10553.74
202509,2025-09-01,40,5,59,25,18,20465.33
202509,2025-09-01,41,5,79,20,18,12243.42
202509,2025-09-01,42,5,91,20,10,7307.3
202509,2025-09-01,43,5,47,30,15,13377.14
202509,2025-09-01,44,5,67,35,12,4174.77
202509,2025-09-01,45,5,50,25,12,6523.5
202509,2025-09-01,46,5,73,35,18,8930.09
202509,2025-09-01,47,5,82,20,15,43576.44
202509,2025-09-01,48,5,68,30,10,26264.32
202509,2025-09-01,49,5,74,35,10,44673.06
202509,2025-09-01,50,5,119,20,15,30469.95
202509,2025-09-01,51,5,81,20,10,7388.01
202509,2025-09-01,52,5,54,35,18,31876.74
202509,2025-09-01,53,5,74,35,12,32679.88
202509,2025-09-01,54,5,114,20,12,11364.66
202509,2025-09-01,55,5,48,30,10,17078.4
202509,2025-09-01,56,5,63,25,10,21462.84
202509,2025-09-01,57,5,62,20,12,28299.9
202509,2025-09-01,58,5,44,30,12,16426.96
202509,2025-09-01,59,5,65,25,12,6722.3
202509,2025-09-01,60,5,78,25,18,27337.44
202509,2025-09-01,61,5,55,20,15,25912.7
202509,2025-09-01,62,5,79,25,18,11683.31
202509,2025-09-01,63,5,69,30,12,22121.4
202509,2025-09-01,64,5,97,20,15,31903.3
202509,2025-09-01,65,5,53,30,15,16869.9
202509,2025-09-01,66,5,77,20,10,44780.12
202509,2025-09-01,67,5,59,35,12,7364.97
202509,2025-09-01,68,5,61,35,10,26092.14
202509,2025-09-01,69,5,96,30,12,38125.44
202509,2025-09-01,70,5,70,20,18,32070.5
202509,2025-09-01,71,5,93,30,18,34426.74
202509,2025-09-01,72,5,96,30,10,35185.92
202509,2025-09-01,73,5,115,30,12,31060.35
202509,2025-09-01,74,5,42,30,18,17602.2
202509,2025-09-01,75,5,79,25,18,13878.72
202509,2025-09-01,76,5,52,25,18,22753.64
202509,2025-09-01,77,5,63,25,15,6314.49
202509,2025-09-01,78,5,72,20,12,26277.84
202509,2025-09-01,79,5,67,20,12,14154.42
202509,2025-09-01,80,5,67,30,18,30492.37
202509,2025-09-01,81,5,54,35,12,12004.74
202509,2025-09-01,82,5,72,35,18,34107.12
202509,2025-09-01,83,5,80,35,12,32736.8
202509,2025-09-01,84,5,101,30,15,43960.25
202509,2025-09-01,85,5,89,25,15,16837.02
202509,2025-09-01,86,5,75,25,15,42896.25
202509,2025-09-01,87,5,72,30,18,33292.8
202509,2025-09-01,88,5,71,35,12,11007.84
202509,2025-09-01,89,5,72,35,15,10496.16
202509,2025-09-01,90,5,59,35,10,21194.57
202509,2025-09-01,91,5,37,30,18,16806.51
202509,2025-09-01,92,5,73,30,12,29708.08
202509,2025-09-01,93,5,84,20,12,27563.76
202509,2025-09-01,94,5,62,20,12,22109.82
202509,2025-09-01,95,5,55,30,10,9718.5
202509,2025-09-01,96,5,75,30,12,13839.75
202509,2025-09-01,97,5,57,30,18,22118.85
202509,2025-09-01,98,5,66,35,10,21184.68
202509,2025-09-01,99,5,47,20,10,19433.56
202509,2025-09-01,100,5,76,30,10,27993.84
202509,2025-09-01,1,6,65,20,18,13407.55
202509,2025-09-01,2,6,47,30,18,20142.32
202509,2025-09-01,3,6,67,25,18,24675.43
202509,2025-09-01,4,6,42,35,12,15413.58
202509,2025-09-01,5,6,80,30,12,42614.4
202509,2025-09-01,6,6,41,35,18,9316.43
202509,2025-09-01,7,6,46,25,12,9192.64
202509,2025-09-01,8,6,59,30,15,18271.12
202509,2025-09-01,9,6,51,25,10,5495.76
202509,2025-09-01,10,6,54,25,18,24426.9
202509,2025-09-01,11,6,56,25,10,29701.28
202509,2025-09-01,12,6,12,20,15,840.96
202509,2025-09-01,13,6,65,20,10,9103.25
202509,2025-09-01,14,6,62,30,12,5412.6
202509,2025-09-01,15,6,26,35,12,10907.26
202509,2025-09-01,16,6,19,20,10,5049.06
202509,2025-09-01,17,6,53,35,12,3195.9
202509,2025-09-01,18,6,60,25,18,24564.6
202509,2025-09-01,19,6,52,30,10,12639.12
202509,2025-09-01,20,6,38,30,18,24099.22
202509,2025-09-01,21,6,31,30,18,12464.17
202509,2025-09-01,22,6,43,20,10,3555.67
202509,2025-09-01,23,6,66,20,15,41361.54
202509,2025-09-01,24,6,63,25,12,15988.14
202509,2025-09-01,25,6,82,25,15,39772.46
202509,2025-09-01,26,6,70,30,18,13808.9
202509,2025-09-01,27,6,33,30,12,11530.86
202509,2025-09-01,28,6,67,25,12,38231.54
202509,2025-09-01,29,6,29,30,18,1857.16
202509,2025-09-01,30,6,42,35,18,20041.14
202509,2025-09-01,31,6,51,35,10,4751.67
202509,2025-09-01,32,6,54,30,12,10468.44
202509,2025-09-01,33,6,32,20,12,18733.44
202509,2025-09-01,34,6,12,25,18,4758.84
202509,2025-09-01,35,6,67,25,15,17758.35
202509,2025-09-01,36,6,67,35,12,9191.06
202509,2025-09-01,37,6,58,35,15,16078.76
202509,2025-09-01,38,6,44,20,10,7619.48
202509,2025-09-01,39,6,49,25,12,13608.77
202509,2025-09-01,40,6,40,20,10,13874.8
202509,2025-09-01,41,6,53,20,18,8213.94
202509,2025-09-01,42,6,81,30,18,6504.3
202509,2025-09-01,43,6,91,35,10,25900.42
202509,2025-09-01,44,6,87,30,15,5420.97
202509,2025-09-01,45,6,63,25,18,8219.61
202509,2025-09-01,46,6,66,35,12,8073.78
202509,2025-09-01,47,6,74,30,15,39325.08
202509,2025-09-01,48,6,74,30,10,28581.76
202509,2025-09-01,49,6,84,30,12,50709.96
202509,2025-09-01,50,6,89,25,10,22788.45
202509,2025-09-01,51,6,37,35,18,3374.77
202509,2025-09-01,52,6,91,25,10,53718.21
202509,2025-09-01,53,6,56,35,18,24730.72
202509,2025-09-01,54,6,86,30,15,8573.34
202509,2025-09-01,55,6,104,25,12,37003.2
202509,2025-09-01,56,6,64,30,12,21803.52
202509,2025-09-01,57,6,86,35,10,39254.7
202509,2025-09-01,58,6,70,30,15,26133.8
202509,2025-09-01,59,6,104,25,12,10755.68
202509,2025-09-01,60,6,67,30,12,23482.16
202509,2025-09-01,61,6,58,35,12,27326.12
202509,2025-09-01,62,6,92,30,18,13605.88
202509,2025-09-01,63,6,55,25,12,17633.0
202509,2025-09-01,64,6,86,20,12,28285.4
202509,2025-09-01,65,6,75,25,10,23872.5
202509,2025-09-01,66,6,63,35,12,36638.28
202509,2025-09-01,67,6,79,30,15,9861.57
202509,2025-09-01,68,6,65,25,12,27803.1
202509,2025-09-01,69,6,77,20,12,30579.78
202509,2025-09-01,70,6,71,25,18,32528.65
202509,2025-09-01,71,6,69,30,10,25542.42
202509,2025-09-01,72,6,64,25,12,23457.28
202509,2025-09-01,73,6,48,30,18,12964.32
202509,2025-09-01,74,6,74,30,10,31013.4
202509,2025-09-01,75,6,58,30,12,10189.44
202509,2025-09-01,76,6,92,35,12,40256.44
202509,2025-09-01,77,6,71,20,12,7116.33
202509,2025-09-01,78,6,97,25,15,35402.09
202509,2025-09-01,79,6,41,20,15,8661.66
202509,2025-09-01,80,6,56,20,18,25486.16
202509,2025-09-01,81,6,88,20,12,19563.28
202509,2025-09-01,82,6,59,25,12,27948.89
202509,2025-09-01,83,6,95,30,10,38874.95
202509,2025-09-01,84,6,44,20,18,19151.0
202509,2025-09-01,85,6,54,20,15,10215.72
202509,2025-09-01,86,6,46,30,15,26309.7
202509,2025-09-01,87,6,95,35,10,43928.0
202509,2025-09-01,88,6,42,30,10,6511.68
202509,2025-09-01,89,6,40,30,12,5831.2
202509,2025-09-01,90,6,50,25,15,17961.5
202509,2025-09-01,91,6,59,30,18,26799.57
202509,2025-09-01,92,6,79,30,10,32149.84
202509,2025-09-01,93,6,67,20,12,21985.38
202509,2025-09-01,94,6,87,30,15,31025.07
202509,2025-09-01,95,6,124,20,12,21910.8
202509,2025-09-01,96,6,72,30,12,13286.16
202509,2025-09-01,97,6,58,20,18,22506.9
202509,2025-09-01,98,6,75,20,10,24073.5
202509,2025-09-01,99,6,81,25,15,33491.88
202509,2025-09-01,100,6,72,20,15,26520.48
202510,2025-10-01,1,1,16,25,15,3300.32
202510,2025-10-01,2,1,46,30,10,19713.76
202510,2025-10-01,3,1,44,35,10,16204.76
202510,2025-10-01,4,1,18,30,18,6605.82
202510,2025-10-01,5,1,32,30,15,17045.76
202510,2025-10-01,6,1,85,35,10,19314.55
202510,2025-10-01,7,1,22,35,18,4396.48
202510,2025-10-01,8,1,16,25,12,4954.88
202510,2025-10-01,9,1,49,25,15,5280.24
202510,2025-10-01,10,1,42,35,12,18998.7
202510,2025-10-01,11,1,54,20,18,28640.52
202510,2025-10-01,12,1,67,20,18,4695.36
202510,2025-10-01,13,1,58,25,10,8122.9
202510,2025-10-01,14,1,76,30,18,6634.8
202510,2025-10-01,15,1,44,25,15,18458.44
202510,2025-10-01,16,1,26,25,10,6909.24
202510,2025-10-01,17,1,53,20,18,3195.9
202510,2025-10-01,18,1,42,35,10,17195.22
202510,2025-10-01,19,1,47,30,10,11423.82
202510,2025-10-01,20,1,69,30,12,43759.11
202510,2025-10-01,21,1,39,20,15,15680.73
202510,2025-10-01,22,1,71,35,15,5870.99
202510,2025-10-01,23,1,55,35,18,34467.95
202510,2025-10-01,24,1,31,35,10,7867.18
202510,2025-10-01,25,1,23,30,12,11155.69
202510,2025-10-01,26,1,49,25,18,9666.23
202510,2025-10-01,27,1,7,20,10,2445.94
202510,2025-10-01,28,1,61,20,10,34807.82
202510,2025-10-01,29,1,0,20,10,0.0
202510,2025-10-01,30,1,10,30,18,4771.7
202510,2025-10-01,31,1,28,20,10,2608.76
202510,2025-10-01,32,1,59,25,12,11437.74
202510,2025-10-01,33,1,55,35,10,32198.1
202510,2025-10-01,34,1,64,25,10,25380.48
202510,2025-10-01,35,1,51,30,18,13517.55
202510,2025-10-01,36,1,80,20,18,10974.4
202510,2025-10-01,37,1,24,25,10,6653.28
202510,2025-10-01,38,1,73,35,18,12641.41
202510,2025-10-01,39,1,72,30,10,19996.56
202510,2025-10-01,40,1,24,30,18,8324.88
202510,2025-10-01,41,1,42,20,15,6509.16
202510,2025-10-01,42,1,65,20,18,5219.5
202510,2025-10-01,43,1,84,30,18,23908.08
202510,2025-10-01,44,1,63,25,18,3925.53
202510,2025-10-01,45,1,99,35,12,12916.53
202510,2025-10-01,46,1,67,20,10,8196.11
202510,2025-10-01,47,1,54,35,12,28696.68
202510,2025-10-01,48,1,9,35,12,3476.16
202510,2025-10-01,49,1,69,20,10,41654.61
202510,2025-10-01,50,1,74,30,18,18947.7
202510,2025-10-01,51,1,59,25,12,5381.39
202510,2025-10-01,52,1,52,35,12,30696.12
202510,2025-10-01,53,1,46,30,18,20314.52
202510,2025-10-01,54,1,45,30,10,4486.05
202510,2025-10-01,55,1,40,35,12,14232.0
202510,2025-10-01,56,1,78,20,12,26573.04
202510,2025-10-01,57,1,56,20,18,25561.2
202510,2025-10-01,58,1,34,35,15,12693.56
202510,2025-10-01,59,1,48,20,15,4964.16
202510,2025-10-01,60,1,63,30,15,22080.24
202510,2025-10-01,61,1,56,25,18,26383.84
202510,2025-10-01,62,1,91,35,10,13457.99
202510,2025-10-01,63,1,48,30,18,15388.8
202510,2025-10-01,64,1,77,35,15,25325.3
202510,2025-10-01,65,1,66,20,18,21007.8
202510,2025-10-01,66,1,34,35,18,19773.04
202510,2025-10-01,67,1,63,35,15,7864.29
202510,2025-10-01,68,1,36,20,15,15398.64
202510,2025-10-01,69,1,66,35,10,26211.24
202510,2025-10-01,70,1,43,20,18,19700.45
202510,2025-10-01,71,1,46,30,15,17028.28
202510,2025-10-01,72,1,67,35,10,24556.84
202510,2025-10-01,73,1,70,30,15,18906.3
202510,2025-10-01,74,1,90,35,12,37719.0
202510,2025-10-01,75,1,52,30,12,9135.36
202510,2025-10-01,76,1,58,20,10,25379.06
202510,2025-10-01,77,1,86,35,12,8619.78
202510,2025-10-01,78,1,75,25,10,27372.75
202510,2025-10-01,79,1,60,20,12,12675.6
202510,2025-10-01,80,1,58,30,15,26396.38
202510,2025-10-01,81,1,104,35,15,23120.24
202510,2025-10-01,82,1,41,25,12,19422.11
202510,2025-10-01,83,1,65,35,18,26598.65
202510,2025-10-01,84,1,39,35,12,16974.75
202510,2025-10-01,85,1,66,20,12,12485.88
202510,2025-10-01,86,1,40,20,18,22878.0
202510,2025-10-01,87,1,42,35,18,19420.8
202510,2025-10-01,88,1,59,20,12,9147.36
202510,2025-10-01,89,1,38,35,10,5539.64
202510,2025-10-01,90,1,76,30,15,27301.48
202510,2025-10-01,91,1,50,35,12,22711.5
202510,2025-10-01,92,1,69,20,10,28080.24
202510,2025-10-01,93,1,37,25,15,12141.18
202510,2025-10-01,94,1,60,20,12,21396.6
202510,2025-10-01,95,1,43,30,15,7598.1
202510,2025-10-01,96,1,112,30,15,20667.36
202510,2025-10-01,97,1,87,20,10,33760.35
202510,2025-10-01,98,1,65,30,15,20863.7
202510,2025-10-01,99,1,39,20,10,16125.72
202510,2025-10-01,100,1,71,25,18,26152.14
202510,2025-10-01,1,2,10,35,18,2062.7
202510,2025-10-01,2,2,46,25,18,19713.76
202510,2025-10-01,3,2,63,25,15,23202.27
202510,2025-10-01,4,2,48,35,10,17615.52
202510,2025-10-01,5,2,82,35,12,43679.76
202510,2025-10-01,6,2,0,20,12,0.0
202510,2025-10-01,7,2,31,30,12,6195.04
202510,2025-10-01,8,2,59,25,10,18271.12
202510,2025-10-01,9,2,38,20,10,4094.88
202510,2025-10-01,10,2,54,20,15,24426.9
202510,2025-10-01,11,2,51,25,15,27049.38
202510,2025-10-01,12,2,42,25,15,2943.36
202510,2025-10-01,13,2,26,25,10,3641.3
202510,2025-10-01,14,2,39,35,15,3404.7
202510,2025-10-01,15,2,56,20,18,23492.56
202510,2025-10-01,16,2,68,35,15,18070.32
202510,2025-10-01,17,2,54,30,18,3256.2
202510,2025-10-01,18,2,88,35,12,36028.08
202510,2025-10-01,19,2,52,35,12,12639.12
202510,2025-10-01,20,2,11,30,10,6976.09
202510,2025-10-01,21,2,23,35,12,9247.61
202510,2025-10-01,22,2,28,25,15,2315.32
202510,2025-10-01,23,2,40,25,18,25067.6
202510,2025-10-01,24,2,51,30,18,12942.78
202510,2025-10-01,25,2,48,20,10,23281.44
202510,2025-10-01,26,2,72,25,12,14203.44
202510,2025-10-01,27,2,60,25,10,20965.2
202510,2025-10-01,28,2,32,25,12,18259.84
202510,2025-10-01,29,2,67,30,10,4290.68
202510,2025-10-01,30,2,68,30,18,32447.56
202510,2025-10-01,31,2,52,35,18,4844.84
202510,2025-10-01,32,2,20,20,12,3877.2
202510,2025-10-01,33,2,49,30,10,28685.58
202510,2025-10-01,34,2,16,30,10,6345.12
202510,2025-10-01,35,2,32,30,10,8481.6
202510,2025-10-01,36,2,72,25,10,9876.96
202510,2025-10-01,37,2,39,30,10,10811.58
202510,2025-10-01,38,2,22,35,18,3809.74
202510,2025-10-01,39,2,64,35,10,17774.72
202510,2025-10-01,40,2,46,20,12,15956.02
202510,2025-10-01,41,2,55,25,12,8523.9
202510,2025-10-01,42,2,38,35,15,3051.4
202510,2025-10-01,43,2,42,30,18,11954.04
202510,2025-10-01,44,2,100,20,18,6231.0
202510,2025-10-01,45,2,54,25,18,7045.38
202510,2025-10-01,46,2,42,20,15,5137.86
202510,2025-10-01,47,2,43,25,18,22851.06
202510,2025-10-01,48,2,92,35,15,35534.08
202510,2025-10-01,49,2,40,30,15,24147.6
202510,2025-10-01,50,2,90,30,12,23044.5
202510,2025-10-01,51,2,40,20,12,3648.4
202510,2025-10-01,52,2,100,25,15,59031.0
202510,2025-10-01,53,2,56,25,15,24730.72
202510,2025-10-01,54,2,52,35,12,5183.88
202510,2025-10-01,55,2,76,20,12,27040.8
202510,2025-10-01,56,2,75,35,12,25551.0
202510,2025-10-01,57,2,69,35,10,31495.05
202510,2025-10-01,58,2,73,30,15,27253.82
202510,2025-10-01,59,2,90,20,12,9307.8
202510,2025-10-01,60,2,73,20,10,25585.04
202510,2025-10-01,61,2,79,20,12,37220.06
202510,2025-10-01,62,2,50,35,18,7394.5
202510,2025-10-01,63,2,70,20,15,22442.0
202510,2025-10-01,64,2,35,20,12,11511.5
202510,2025-10-01,65,2,51,35,10,16233.3
202510,2025-10-01,66,2,73,35,10,42453.88
202510,2025-10-01,67,2,65,20,15,8113.95
202510,2025-10-01,68,2,53,35,10,22670.22
202510,2025-10-01,69,2,79,20,10,31374.06
202510,2025-10-01,70,2,79,25,15,36193.85
202510,2025-10-01,71,2,80,35,12,29614.4
202510,2025-10-01,72,2,49,30,18,17959.48
202510,2025-10-01,73,2,39,35,12,10533.51
202510,2025-10-01,74,2,78,30,10,32689.8
202510,2025-10-01,75,2,77,20,12,13527.36
202510,2025-10-01,76,2,32,30,10,14002.24
202510,2025-10-01,77,2,52,30,10,5211.96
202510,2025-10-01,78,2,67,25,10,24452.99
202510,2025-10-01,79,2,74,20,10,15633.24
202510,2025-10-01,80,2,73,20,15,33223.03
202510,2025-10-01,81,2,50,20,15,11115.5
202510,2025-10-01,82,2,66,20,12,31264.86
202510,2025-10-01,83,2,59,25,15,24143.39
202510,2025-10-01,84,2,29,20,18,12622.25
202510,2025-10-01,85,2,70,20,15,13242.6
202510,2025-10-01,86,2,58,30,18,33173.1
202510,2025-10-01,87,2,18,20,15,8323.2
202510,2025-10-01,88,2,68,35,10,10542.72
202510,2025-10-01,89,2,61,30,10,8892.58
202510,2025-10-01,90,2,84,35,18,30175.32
202510,2025-10-01,91,2,52,20,15,23619.96
202510,2025-10-01,92,2,38,35,12,15464.48
202510,2025-10-01,93,2,65,20,10,21329.1
202510,2025-10-01,94,2,63,25,10,22466.43
202510,2025-10-01,95,2,38,30,15,6714.6
202510,2025-10-01,96,2,49,35,15,9041.97
202510,2025-10-01,97,2,63,30,18,24447.15
202510,2025-10-01,98,2,69,25,12,22147.62
202510,2025-10-01,99,2,60,35,15,24808.8
202510,2025-10-01,100,2,89,35,15,32782.26
202510,2025-10-01,1,3,54,20,18,11138.58
202510,2025-10-01,2,3,16,30,10,6856.96
202510,2025-10-01,3,3,36,25,12,13258.44
202510,2025-10-01,4,3,44,35,15,16147.56
202510,2025-10-01,5,3,54,30,18,28764.72
202510,2025-10-01,6,3,53,20,12,12043.19
202510,2025-10-01,7,3,35,25,10,6994.4
202510,2025-10-01,8,3,31,25,18,9600.08
202510,2025-10-01,9,3,30,30,10,3232.8
202510,2025-10-01,10,3,48,25,18,21712.8
202510,2025-10-01,11,3,45,30,10,23867.1
202510,2025-10-01,12,3,15,20,18,1051.2
202510,2025-10-01,13,3,63,20,12,8823.15
202510,2025-10-01,14,3,9,25,18,785.7
202510,2025-10-01,15,3,37,35,15,15521.87
202510,2025-10-01,16,3,45,25,10,11958.3
202510,2025-10-01,17,3,52,20,15,3135.6
202510,2025-10-01,18,3,67,35,18,27430.47
202510,2025-10-01,19,3,46,25,10,11180.76
202510,2025-10-01,20,3,57,20,10,36148.83
202510,2025-10-01,21,3,55,20,18,22113.85
202510,2025-10-01,22,3,36,30,15,2976.84
202510,2025-10-01,23,3,53,35,10,33214.57
202510,2025-10-01,24,3,54,25,15,13704.12
202510,2025-10-01,25,3,61,25,18,29586.83
202510,2025-10-01,26,3,47,20,18,9271.69
202510,2025-10-01,27,3,34,30,10,11880.28
202510,2025-10-01,28,3,41,20,15,23395.42
202510,2025-10-01,29,3,80,35,15,5123.2
202510,2025-10-01,30,3,22,35,18,10497.74
202510,2025-10-01,31,3,25,30,18,2329.25
202510,2025-10-01,32,3,63,30,15,12213.18
202510,2025-10-01,33,3,60,20,18,35125.2
202510,2025-10-01,34,3,73,20,12,28949.61
202510,2025-10-01,35,3,51,35,10,13517.55
202510,2025-10-01,36,3,13,20,10,1783.34
202510,2025-10-01,37,3,65,35,18,18019.3
202510,2025-10-01,38,3,44,20,10,7619.48
202510,2025-10-01,39,3,40,35,18,11109.2
202510,2025-10-01,40,3,83,25,18,28790.21
202510,2025-10-01,41,3,67,30,15,10383.66
202510,2025-10-01,42,3,82,25,12,6584.6
202510,2025-10-01,43,3,78,20,18,22200.36
202510,2025-10-01,44,3,58,20,10,3613.98
202510,2025-10-01,45,3,55,20,18,7175.85
202510,2025-10-01,46,3,84,20,18,10275.72
202510,2025-10-01,47,3,76,20,10,40387.92
202510,2025-10-01,48,3,47,30,10,18153.28
202510,2025-10-01,49,3,75,25,10,45276.75
202510,2025-10-01,50,3,47,30,15,12034.35
202510,2025-10-01,51,3,74,30,10,6749.54
202510,2025-10-01,52,3,74,30,15,43682.94
202510,2025-10-01,53,3,56,35,18,24730.72
202510,2025-10-01,54,3,69,30,12,6878.61
202510,2025-10-01,55,3,73,25,12,25973.4
202510,2025-10-01,56,3,41,30,18,13967.88
202510,2025-10-01,57,3,80,30,15,36516.0
202510,2025-10-01,58,3,81,25,12,30240.54
202510,2025-10-01,59,3,69,20,18,7135.98
202510,2025-10-01,60,3,81,20,12,28388.88
202510,2025-10-01,61,3,37,25,15,17432.18
202510,2025-10-01,62,3,65,25,10,9612.85
202510,2025-10-01,63,3,63,20,15,20197.8
202510,2025-10-01,64,3,80,25,18,26312.0
202510,2025-10-01,65,3,58,35,15,18461.4
202510,2025-10-01,66,3,39,25,18,22680.84
202510,2025-10-01,67,3,47,20,18,5867.01
202510,2025-10-01,68,3,42,35,12,17965.08
202510,2025-10-01,69,3,54,20,18,21445.56
202510,2025-10-01,70,3,72,25,15,32986.8
202510,2025-10-01,71,3,62,35,12,22951.16
202510,2025-10-01,72,3,59,30,18,21624.68
202510,2025-10-01,73,3,85,25,12,22957.65
202510,2025-10-01,74,3,63,30,18,26403.3
202510,2025-10-01,75,3,53,30,12,9311.04
202510,2025-10-01,76,3,45,25,18,19690.65
202510,2025-10-01,77,3,50,35,18,5011.5
202510,2025-10-01,78,3,42,20,15,15328.74
202510,2025-10-01,79,3,89,20,12,18802.14
202510,2025-10-01,80,3,41,30,12,18659.51
202510,2025-10-01,81,3,77,20,18,17117.87
202510,2025-10-01,82,3,61,35,18,28896.31
202510,2025-10-01,83,3,47,20,18,19232.87
202510,2025-10-01,84,3,94,20,15,40913.5
202510,2025-10-01,85,3,50,30,10,9459.0
202510,2025-10-01,86,3,70,35,12,40036.5
202510,2025-10-01,87,3,83,30,18,38379.2
202510,2025-10-01,88,3,39,25,10,6046.56
202510,2025-10-01,89,3,47,20,18,6851.66
202510,2025-10-01,90,3,70,25,15,25146.1
202510,2025-10-01,91,3,65,20,18,29524.95
202510,2025-10-01,92,3,66,25,15,26859.36
202510,2025-10-01,93,3,73,30,18,23954.22
202510,2025-10-01,94,3,37,30,18,13194.57
202510,2025-10-01,95,3,51,25,18,9011.7
202510,2025-10-01,96,3,71,20,10,13101.63
202510,2025-10-01,97,3,59,30,15,22894.95
202510,2025-10-01,98,3,68,30,18,21826.64
202510,2025-10-01,99,3,60,20,12,24808.8
202510,2025-10-01,100,3,62,25,15,22837.08
202510,2025-10-01,1,4,34,25,18,7013.18
202510,2025-10-01,2,4,51,20,18,21856.56
202510,2025-10-01,3,4,37,35,12,13626.73
202510,2025-10-01,4,4,26,30,15,9541.74
202510,2025-10-01,5,4,57,25,10,30362.76
202510,2025-10-01,6,4,104,30,10,23631.92
202510,2025-10-01,7,4,35,25,18,6994.4
202510,2025-10-01,8,4,52,20,10,16103.36
202510,2025-10-01,9,4,25,20,10,2694.0
202510,2025-10-01,10,4,79,20,10,35735.65
202510,2025-10-01,11,4,8,20,15,4243.04
202510,2025-10-01,12,4,42,35,10,2943.36
202510,2025-10-01,13,4,66,35,10,9243.3
202510,2025-10-01,14,4,30,35,12,2619.0
202510,2025-10-01,15,4,50,30,15,20975.5
202510,2025-10-01,16,4,94,20,12,24979.56
202510,2025-10-01,17,4,46,20,12,2773.8
202510,2025-10-01,18,4,37,20,10,15148.17
202510,2025-10-01,19,4,32,25,12,7777.92
202510,2025-10-01,20,4,78,30,18,49466.82
202510,2025-10-01,21,4,69,20,18,27742.83
202510,2025-10-01,22,4,71,35,12,5870.99
202510,2025-10-01,23,4,27,25,12,16920.63
202510,2025-10-01,24,4,54,20,10,13704.12
202510,2025-10-01,25,4,45,30,15,21826.35
202510,2025-10-01,26,4,24,20,18,4734.48
202510,2025-10-01,27,4,57,35,12,19916.94
202510,2025-10-01,28,4,44,35,15,25107.28
202510,2025-10-01,29,4,58,30,18,3714.32
202510,2025-10-01,30,4,61,20,12,29107.37
202510,2025-10-01,31,4,58,25,10,5403.86
202510,2025-10-01,32,4,60,25,12,11631.6
202510,2025-10-01,33,4,45,20,18,26343.9
202510,2025-10-01,34,4,67,25,10,26570.19
202510,2025-10-01,35,4,73,35,15,19348.65
202510,2025-10-01,36,4,28,20,18,3841.04
202510,2025-10-01,37,4,28,35,10,7762.16
202510,2025-10-01,38,4,45,25,10,7792.65
202510,2025-10-01,39,4,61,25,12,16941.53
202510,2025-10-01,40,4,31,35,15,10752.97
202510,2025-10-01,41,4,59,20,18,9143.82
202510,2025-10-01,42,4,56,25,18,4496.8
202510,2025-10-01,43,4,64,25,15,18215.68
202510,2025-10-01,44,4,63,20,18,3925.53
202510,2025-10-01,45,4,92,35,18,12003.24
202510,2025-10-01,46,4,67,30,10,8196.11
202510,2025-10-01,47,4,54,25,12,28696.68
202510,2025-10-01,48,4,70,25,10,27036.8
202510,2025-10-01,49,4,80,25,12,48295.2
202510,2025-10-01,50,4,76,30,12,19459.8
202510,2025-10-01,51,4,59,25,18,5381.39
202510,2025-10-01,52,4,54,35,10,31876.74
202510,2025-10-01,53,4,65,25,18,28705.3
202510,2025-10-01,54,4,82,25,18,8174.58
202510,2025-10-01,55,4,48,30,15,17078.4
202510,2025-10-01,56,4,104,25,12,35430.72
202510,2025-10-01,57,4,79,30,12,36059.55
202510,2025-10-01,58,4,73,35,15,27253.82
202510,2025-10-01,59,4,85,30,15,8790.7
202510,2025-10-01,60,4,64,30,12,22430.72
202510,2025-10-01,61,4,71,35,18,33450.94
202510,2025-10-01,62,4,70,20,10,10352.3
202510,2025-10-01,63,4,48,20,15,15388.8
202510,2025-10-01,64,4,85,25,12,27956.5
202510,2025-10-01,65,4,49,20,18,15596.7
202510,2025-10-01,66,4,77,30,10,44780.12
202510,2025-10-01,67,4,71,20,15,8862.93
202510,2025-10-01,68,4,60,35,18,25664.4
202510,2025-10-01,69,4,74,20,15,29388.36
202510,2025-10-01,70,4,106,30,15,48563.9
202510,2025-10-01,71,4,54,20,18,19989.72
202510,2025-10-01,72,4,69,25,18,25289.88
202510,2025-10-01,73,4,78,35,10,21067.02
202510,2025-10-01,74,4,62,25,15,25984.2
202510,2025-10-01,75,4,71,20,12,12473.28
202510,2025-10-01,76,4,63,20,15,27566.91
202510,2025-10-01,77,4,31,35,12,3107.13
202510,2025-10-01,78,4,80,35,12,29197.6
202510,2025-10-01,79,4,59,20,18,12464.34
202510,2025-10-01,80,4,56,25,18,25486.16
202510,2025-10-01,81,4,14,35,10,3112.34
202510,2025-10-01,82,4,70,25,12,33159.7
202510,2025-10-01,83,4,34,25,15,13913.14
202510,2025-10-01,84,4,62,30,10,26985.5
202510,2025-10-01,85,4,52,20,12,9837.36
202510,2025-10-01,86,4,39,30,15,22306.05
202510,2025-10-01,87,4,74,35,18,34217.6
202510,2025-10-01,88,4,91,25,18,14108.64
202510,2025-10-01,89,4,66,25,15,9621.48
202510,2025-10-01,90,4,60,35,15,21553.8
202510,2025-10-01,91,4,62,30,10,28162.26
202510,2025-10-01,92,4,48,25,15,19534.08
202510,2025-10-01,93,4,60,35,15,19688.4
202510,2025-10-01,94,4,29,20,10,10341.69
202510,2025-10-01,95,4,44,20,18,7774.8
202510,2025-10-01,96,4,90,25,18,16607.7
202510,2025-10-01,97,4,65,35,10,25223.25
202510,2025-10-01,98,4,86,25,18,27604.28
202510,2025-10-01,99,4,59,25,15,24395.32
202510,2025-10-01,100,4,41,35,18,15101.94
202510,2025-10-01,1,5,49,35,10,10107.23
202510,2025-10-01,2,5,25,20,12,10714.0
202510,2025-10-01,3,5,40,30,15,14731.6
202510,2025-10-01,4,5,23,25,12,8440.77
202510,2025-10-01,5,5,32,25,10,17045.76
202510,2025-10-01,6,5,78,20,10,17723.94
202510,2025-10-01,7,5,48,30,18,9592.32
202510,2025-10-01,8,5,50,25,10,15484.0
202510,2025-10-01,9,5,50,25,12,5388.0
202510,2025-10-01,10,5,61,30,12,27593.35
202510,2025-10-01,11,5,24,35,12,12729.12
202510,2025-10-01,12,5,25,25,10,1752.0
202510,2025-10-01,13,5,85,20,18,11904.25
202510,2025-10-01,14,5,79,25,10,6896.7
202510,2025-10-01,15,5,73,25,18,30624.23
202510,2025-10-01,16,5,38,25,18,10098.12
202510,2025-10-01,17,5,61,30,15,3678.3
202510,2025-10-01,18,5,65,30,12,26611.65
202510,2025-10-01,19,5,52,25,10,12639.12
202510,2025-10-01,20,5,36,35,12,22830.84
202510,2025-10-01,21,5,53,20,10,21309.71
202510,2025-10-01,22,5,43,35,10,3555.67
202510,2025-10-01,23,5,29,30,12,18174.01
202510,2025-10-01,24,5,14,35,15,3552.92
202510,2025-10-01,25,5,98,20,18,47532.94
202510,2025-10-01,26,5,50,25,18,9863.5
202510,2025-10-01,27,5,29,35,12,10133.18
202510,2025-10-01,28,5,44,35,15,25107.28
202510,2025-10-01,29,5,35,20,12,2241.4
202510,2025-10-01,30,5,92,30,15,43899.64
202510,2025-10-01,31,5,47,30,10,4378.99
202510,2025-10-01,32,5,35,20,10,6785.1
202510,2025-10-01,33,5,33,30,10,19318.86
202510,2025-10-01,34,5,72,20,10,28553.04
202510,2025-10-01,35,5,29,30,15,7686.45
202510,2025-10-01,36,5,67,25,12,9191.06
202510,2025-10-01,37,5,31,35,12,8593.82
202510,2025-10-01,38,5,70,25,10,12121.9
202510,2025-10-01,39,5,78,20,12,21662.94
202510,2025-10-01,40,5,43,35,10,14915.41
202510,2025-10-01,41,5,59,35,12,9143.82
202510,2025-10-01,42,5,47,25,12,3774.1
202510,2025-10-01,43,5,84,30,10,23908.08
202510,2025-10-01,44,5,63,25,12,3925.53
202510,2025-10-01,45,5,68,20,12,8871.96
202510,2025-10-01,46,5,51,30,12,6238.83
202510,2025-10-01,47,5,39,30,12,20725.38
202510,2025-10-01,48,5,77,35,15,29740.48
202510,2025-10-01,49,5,78,25,10,47087.82
202510,2025-10-01,50,5,55,35,12,14082.75
202510,2025-10-01,51,5,50,20,10,4560.5
202510,2025-10-01,52,5,64,35,18,37779.84
202510,2025-10-01,53,5,64,25,10,28263.68
202510,2025-10-01,54,5,84,35,18,8373.96
202510,2025-10-01,55,5,61,35,18,21703.8
202510,2025-10-01,56,5,91,30,10,31001.88
202510,2025-10-01,57,5,44,25,12,20083.8
202510,2025-10-01,58,5,46,20,15,17173.64
202510,2025-10-01,59,5,47,30,15,4860.74
202510,2025-10-01,60,5,66,30,10,23131.68
202510,2025-10-01,61,5,56,20,18,26383.84
202510,2025-10-01,62,5,95,20,18,14049.55
202510,2025-10-01,63,5,89,35,15,28533.4
202510,2025-10-01,64,5,59,35,10,19405.1
202510,2025-10-01,65,5,37,20,15,11777.1
202510,2025-10-01,66,5,75,30,15,43617.0
202510,2025-10-01,67,5,86,20,10,10735.38
202510,2025-10-01,68,5,40,30,10,17109.6
202510,2025-10-01,69,5,36,35,18,14297.04
202510,2025-10-01,70,5,88,30,12,40317.2
202510,2025-10-01,71,5,79,35,12,29244.22
202510,2025-10-01,72,5,40,20,12,14660.8
202510,2025-10-01,73,5,57,30,10,15395.13
202510,2025-10-01,74,5,72,20,15,30175.2
202510,2025-10-01,75,5,68,20,15,11946.24
202510,2025-10-01,76,5,72,20,18,31505.04
202510,2025-10-01,77,5,33,35,10,3307.59
202510,2025-10-01,78,5,44,25,10,16058.68
202510,2025-10-01,79,5,47,30,12,9929.22
202510,2025-10-01,80,5,79,30,15,35953.69
202510,2025-10-01,81,5,74,25,12,16450.94
202510,2025-10-01,82,5,75,25,12,35528.25
202510,2025-10-01,83,5,65,20,15,26598.65
202510,2025-10-01,84,5,44,25,18,19151.0
202510,2025-10-01,85,5,6,35,15,1135.08
202510,2025-10-01,86,5,81,25,15,46327.95
202510,2025-10-01,87,5,63,30,10,29131.2
202510,2025-10-01,88,5,67,30,18,10387.68
202510,2025-10-01,89,5,73,35,12,10641.94
202510,2025-10-01,90,5,75,30,12,26942.25
202510,2025-10-01,91,5,68,30,10,30887.64
202510,2025-10-01,92,5,48,20,10,19534.08
202510,2025-10-01,93,5,38,20,15,12469.32
202510,2025-10-01,94,5,48,25,15,17117.28
202510,2025-10-01,95,5,60,30,18,10602.0
202510,2025-10-01,96,5,78,25,18,14393.34
202510,2025-10-01,97,5,93,35,12,36088.65
202510,2025-10-01,98,5,62,35,10,19900.76
202510,2025-10-01,99,5,60,25,10,24808.8
202510,2025-10-01,100,5,71,35,15,26152.14
202510,2025-10-01,1,6,55,20,12,11344.85
202510,2025-10-01,2,6,37,20,15,15856.72
202510,2025-10-01,3,6,55,30,10,20255.95
202510,2025-10-01,4,6,46,35,10,16881.54
202510,2025-10-01,5,6,114,35,10,60725.52
202510,2025-10-01,6,6,50,30,12,11361.5
202510,2025-10-01,7,6,44,25,12,8792.96
202510,2025-10-01,8,6,45,30,15,13935.6
202510,2025-10-01,9,6,46,30,15,4956.96
202510,2025-10-01,10,6,29,25,10,13118.15
202510,2025-10-01,11,6,58,30,15,30762.04
202510,2025-10-01,12,6,54,35,18,3784.32
202510,2025-10-01,13,6,49,30,18,6862.45
202510,2025-10-01,14,6,65,35,10,5674.5
202510,2025-10-01,15,6,58,20,12,24331.58
202510,2025-10-01,16,6,64,35,12,17007.36
202510,2025-10-01,17,6,59,20,15,3557.7
202510,2025-10-01,18,6,14,30,18,5731.74
202510,2025-10-01,19,6,19,35,12,4618.14
202510,2025-10-01,20,6,52,35,15,32977.88
202510,2025-10-01,21,6,46,30,10,18495.22
202510,2025-10-01,22,6,44,20,18,3638.36
202510,2025-10-01,23,6,57,20,15,35721.33
202510,2025-10-01,24,6,63,35,10,15988.14
202510,2025-10-01,25,6,57,20,15,27646.71
202510,2025-10-01,26,6,63,25,12,12428.01
202510,2025-10-01,27,6,9,20,12,3144.78
202510,2025-10-01,28,6,41,25,18,23395.42
202510,2025-10-01,29,6,59,35,10,3778.36
202510,2025-10-01,30,6,62,20,12,29584.54
202510,2025-10-01,31,6,34,30,18,3167.78
202510,2025-10-01,32,6,67,35,10,12988.62
202510,2025-10-01,33,6,27,25,12,15806.34
202510,2025-10-01,34,6,61,20,18,24190.77
202510,2025-10-01,35,6,38,30,18,10071.9
202510,2025-10-01,36,6,66,20,10,9053.88
202510,2025-10-01,37,6,50,25,18,13861.0
202510,2025-10-01,38,6,25,25,18,4329.25
202510,2025-10-01,39,6,62,20,15,17219.26
202510,2025-10-01,40,6,42,35,10,14568.54
202510,2025-10-01,41,6,68,25,12,10538.64
202510,2025-10-01,42,6,29,35,15,2328.7
202510,2025-10-01,43,6,86,25,15,24477.32
202510,2025-10-01,44,6,48,35,10,2990.88
202510,2025-10-01,45,6,97,30,12,12655.59
202510,2025-10-01,46,6,80,35,18,9786.4
202510,2025-10-01,47,6,48,25,10,25508.16
202510,2025-10-01,48,6,48,20,10,18539.52
202510,2025-10-01,49,6,93,35,12,56143.17
202510,2025-10-01,50,6,49,35,15,12546.45
202510,2025-10-01,51,6,70,30,15,6384.7
202510,2025-10-01,52,6,79,30,18,46634.49
202510,2025-10-01,53,6,61,30,15,26938.82
202510,2025-10-01,54,6,65,30,10,6479.85
202510,2025-10-01,55,6,60,20,18,21348.0
202510,2025-10-01,56,6,59,35,12,20100.12
202510,2025-10-01,57,6,70,35,12,31951.5
202510,2025-10-01,58,6,77,35,15,28747.18
202510,2025-10-01,59,6,113,30,12,11686.46
202510,2025-10-01,60,6,62,30,18,21729.76
202510,2025-10-01,61,6,8,30,10,3769.12
202510,2025-10-01,62,6,31,35,10,4584.59
202510,2025-10-01,63,6,69,30,12,22121.4
202510,2025-10-01,64,6,78,30,12,25654.2
202510,2025-10-01,65,6,69,30,10,21962.7
202510,2025-10-01,66,6,104,35,18,60482.24
202510,2025-10-01,67,6,100,30,15,12483.0
202510,2025-10-01,68,6,47,35,12,20103.78
202510,2025-10-01,69,6,69,35,15,27402.66
202510,2025-10-01,70,6,63,35,10,28863.45
202510,2025-10-01,71,6,27,35,18,9994.86
202510,2025-10-01,72,6,18,30,12,6597.36
202510,2025-10-01,73,6,20,30,10,5401.8
202510,2025-10-01,74,6,49,35,12,20535.9
202510,2025-10-01,75,6,73,20,18,12824.64
202510,2025-10-01,76,6,56,20,18,24503.92
202510,2025-10-01,77,6,47,35,18,4710.81
202510,2025-10-01,78,6,25,20,12,9124.25
202510,2025-10-01,79,6,43,30,10,9084.18
202510,2025-10-01,80,6,62,20,18,28216.82
202510,2025-10-01,81,6,57,25,18,12671.67
202510,2025-10-01,82,6,52,25,12,24632.92
202510,2025-10-01,83,6,24,25,12,9821.04
202510,2025-10-01,84,6,94,30,15,40913.5
202510,2025-10-01,85,6,46,20,12,8702.28
202510,2025-10-01,86,6,90,25,18,51475.5
202510,2025-10-01,87,6,70,30,12,32368.0
202510,2025-10-01,88,6,70,30,10,10852.8
202510,2025-10-01,89,6,58,25,12,8455.24
202510,2025-10-01,90,6,57,20,12,20476.11
202510,2025-10-01,91,6,48,35,15,21803.04
202510,2025-10-01,92,6,43,25,12,17499.28
202510,2025-10-01,93,6,75,35,12,24610.5
202510,2025-10-01,94,6,68,30,15,24249.48
202510,2025-10-01,95,6,59,20,15,10425.3
202510,2025-10-01,96,6,76,35,12,14024.28
202510,2025-10-01,97,6,59,30,10,22894.95
202510,2025-10-01,98,6,51,25,12,16369.98
202510,2025-10-01,99,6,67,25,12,27703.16
202510,2025-10-01,100,6,49,30,18,18048.66
202511,2025-11-01,1,1,40,35,10,8250.8
202511,2025-11-01,2,1,41,30,18,17570.96
202511,2025-11-01,3,1,26,30,10,9575.54
202511,2025-11-01,4,1,59,25,15,21652.41
202511,2025-11-01,5,1,29,30,15,15447.72
202511,2025-11-01,6,1,56,30,18,12724.88
202511,2025-11-01,7,1,77,20,12,15387.68
202511,2025-11-01,8,1,73,20,10,22606.64
202511,2025-11-01,9,1,64,35,10,6896.64
202511,2025-11-01,10,1,27,35,15,12213.45
202511,2025-11-01,11,1,35,20,12,18563.3
202511,2025-11-01,12,1,28,35,15,1962.24
202511,2025-11-01,13,1,17,30,15,2380.85
202511,2025-11-01,14,1,56,30,18,4888.8
202511,2025-11-01,15,1,86,35,10,36077.86
202511,2025-11-01,16,1,35,25,10,9300.9
202511,2025-11-01,17,1,20,25,10,1206.0
202511,2025-11-01,18,1,53,25,18,21698.73
202511,2025-11-01,19,1,73,20,18,17743.38
202511,2025-11-01,20,1,46,30,10,29172.74
202511,2025-11-01,21,1,46,35,18,18495.22
202511,2025-11-01,22,1,35,20,12,2894.15
202511,2025-11-01,23,1,24,25,12,15040.56
202511,2025-11-01,24,1,20,25,10,5075.6
202511,2025-11-01,25,1,65,30,18,31526.95
202511,2025-11-01,26,1,36,30,15,7101.72
202511,2025-11-01,27,1,56,35,15,19567.52
202511,2025-11-01,28,1,41,25,10,23395.42
202511,2025-11-01,29,1,61,30,15,3906.44
202511,2025-11-01,30,1,36,30,15,17178.12
202511,2025-11-01,31,1,34,30,15,3167.78
202511,2025-11-01,32,1,33,20,12,6397.38
202511,2025-11-01,33,1,62,35,12,36296.04
202511,2025-11-01,34,1,53,30,18,21018.21
202511,2025-11-01,35,1,46,20,18,12192.3
202511,2025-11-01,36,1,15,35,18,2057.7
202511,2025-11-01,37,1,28,30,12,7762.16
202511,2025-11-01,38,1,22,25,12,3809.74
202511,2025-11-01,39,1,67,35,18,18607.91
202511,2025-11-01,40,1,59,25,10,20465.33
202511,2025-11-01,41,1,57,30,18,8833.86
202511,2025-11-01,42,1,46,20,10,3693.8
202511,2025-11-01,43,1,75,25,12,21346.5
202511,2025-11-01,44,1,68,35,18,4237.08
202511,2025-11-01,45,1,66,25,18,8611.02
202511,2025-11-01,46,1,48,20,12,5871.84
202511,2025-11-01,47,1,61,25,12,32416.62
202511,2025-11-01,48,1,59,20,18,22788.16
202511,2025-11-01,49,1,52,30,15,31391.88
202511,2025-11-01,50,1,17,20,18,4352.85
202511,2025-11-01,51,1,39,20,18,3557.19
202511,2025-11-01,52,1,47,20,18,27744.57
202511,2025-11-01,53,1,46,35,10,20314.52
202511,2025-11-01,54,1,65,20,15,6479.85
202511,2025-11-01,55,1,59,20,12,20992.2
202511,2025-11-01,56,1,44,20,10,14989.92
202511,2025-11-01,57,1,85,25,12,38798.25
202511,2025-11-01,58,1,40,30,15,14933.6
202511,2025-11-01,59,1,73,20,18,7549.66
202511,2025-11-01,60,1,65,35,18,22781.2
202511,2025-11-01,61,1,69,25,10,32508.66
202511,2025-11-01,62,1,52,35,12,7690.28
202511,2025-11-01,63,1,81,20,12,25968.6
202511,2025-11-01,64,1,90,25,12,29601.0
202511,2025-11-01,65,1,58,20,12,18461.4
202511,2025-11-01,66,1,63,35,12,36638.28
202511,2025-11-01,67,1,67,20,10,8363.61
202511,2025-11-01,68,1,86,30,12,36785.64
202511,2025-11-01,69,1,94,20,18,37331.16
202511,2025-11-01,70,1,54,20,12,24740.1
202511,2025-11-01,71,1,85,25,18,31465.3
202511,2025-11-01,72,1,38,20,10,13927.76
202511,2025-11-01,73,1,63,25,12,17015.67
202511,2025-11-01,74,1,68,25,18,28498.8
202511,2025-11-01,75,1,43,35,15,7554.24
202511,2025-11-01,76,1,45,25,18,19690.65
202511,2025-11-01,77,1,5,20,15,501.15
202511,2025-11-01,78,1,58,30,15,21168.26
202511,2025-11-01,79,1,99,35,18,20914.74
202511,2025-11-01,80,1,45,25,12,20479.95
202511,2025-11-01,81,1,35,20,18,7780.85
202511,2025-11-01,82,1,50,25,12,23685.5
202511,2025-11-01,83,1,68,25,10,27826.28
202511,2025-11-01,84,1,56,20,12,24374.0
202511,2025-11-01,85,1,73,35,10,13810.14
202511,2025-11-01,86,1,63,30,15,36032.85
202511,2025-11-01,87,1,78,35,18,36067.2
202511,2025-11-01,88,1,63,30,15,9767.52
202511,2025-11-01,89,1,96,25,15,13994.88
202511,2025-11-01,90,1,29,35,18,10417.67
202511,2025-11-01,91,1,50,20,18,22711.5
202511,2025-11-01,92,1,40,20,18,16278.4
202511,2025-11-01,93,1,64,30,18,21000.96
202511,2025-11-01,94,1,44,25,15,15690.84
202511,2025-11-01,95,1,52,30,12,9188.4
202511,2025-11-01,96,1,86,30,18,15869.58
202511,2025-11-01,97,1,85,25,18,32984.25
202511,2025-11-01,98,1,39,35,15,12518.22
202511,2025-11-01,99,1,68,35,18,28116.64
202511,2025-11-01,100,1,36,30,10,13260.24
202511,2025-11-01,1,2,59,35,10,12169.93
202511,2025-11-01,2,2,21,30,18,8999.76
202511,2025-11-01,3,2,29,30,18,10680.41
202511,2025-11-01,4,2,83,35,18,30460.17
202511,2025-11-01,5,2,66,20,18,35156.88
202511,2025-11-01,6,2,28,20,12,6362.44
202511,2025-11-01,7,2,26,35,12,5195.84
202511,2025-11-01,8,2,40,30,12,12387.2
202511,2025-11-01,9,2,38,35,10,4094.88
202511,2025-11-01,10,2,54,25,12,24426.9
202511,2025-11-01,11,2,20,35,10,10607.6
202511,2025-11-01,12,2,77,35,15,5396.16
202511,2025-11-01,13,2,40,20,18,5602.0
202511,2025-11-01,14,2,42,20,10,3666.6
202511,2025-11-01,15,2,45,30,12,18877.95
202511,2025-11-01,16,2,78,35,10,20727.72
202511,2025-11-01,17,2,49,35,10,2954.7
202511,2025-11-01,18,2,26,30,18,10644.66
202511,2025-11-01,19,2,61,35,10,14826.66
202511,2025-11-01,20,2,68,25,10,43124.92
202511,2025-11-01,21,2,22,35,18,8845.54
202511,2025-11-01,22,2,57,30,18,4713.33
202511,2025-11-01,23,2,36,30,10,22560.84
202511,2025-11-01,24,2,57,25,18,14465.46
202511,2025-11-01,25,2,31,25,10,15035.93
202511,2025-11-01,26,2,64,25,15,12625.28
202511,2025-11-01,27,2,72,25,15,25158.24
202511,2025-11-01,28,2,62,25,15,35378.44
202511,2025-11-01,29,2,58,30,10,3714.32
202511,2025-11-01,30,2,50,35,10,23858.5
202511,2025-11-01,31,2,46,20,10,4285.82
202511,2025-11-01,32,2,35,30,10,6785.1
202511,2025-11-01,33,2,36,35,10,21075.12
202511,2025-11-01,34,2,69,20,18,27363.33
202511,2025-11-01,35,2,29,20,18,7686.45
202511,2025-11-01,36,2,48,35,10,6584.64
202511,2025-11-01,37,2,33,30,12,9148.26
202511,2025-11-01,38,2,32,20,18,5541.44
202511,2025-11-01,39,2,60,35,10,16663.8
202511,2025-11-01,40,2,33,20,18,11446.71
202511,2025-11-01,41,2,65,30,10,10073.7
202511,2025-11-01,42,2,41,30,12,3292.3
202511,2025-11-01,43,2,111,25,18,31592.82
202511,2025-11-01,44,2,67,30,18,4174.77
202511,2025-11-01,45,2,38,35,18,4957.86
202511,2025-11-01,46,2,66,25,15,8073.78
202511,2025-11-01,47,2,88,35,10,46764.96
202511,2025-11-01,48,2,108,20,15,41713.92
202511,2025-11-01,49,2,58,20,10,35014.02
202511,2025-11-01,50,2,69,20,10,17667.45
202511,2025-11-01,51,2,40,20,18,3648.4
202511,2025-11-01,52,2,70,20,10,41321.7
202511,2025-11-01,53,2,64,35,15,28263.68
202511,2025-11-01,54,2,45,20,12,4486.05
202511,2025-11-01,55,2,53,20,15,18857.4
202511,2025-11-01,56,2,53,20,12,18056.04
202511,2025-11-01,57,2,77,30,15,35146.65
202511,2025-11-01,58,2,55,35,12,20533.7
202511,2025-11-01,59,2,53,25,12,5481.26
202511,2025-11-01,60,2,27,20,10,9462.96
202511,2025-11-01,61,2,38,20,12,17903.32
202511,2025-11-01,62,2,48,35,15,7098.72
202511,2025-11-01,63,2,69,35,15,22121.4
202511,2025-11-01,64,2,42,35,15,13813.8
202511,2025-11-01,65,2,72,25,18,22917.6
202511,2025-11-01,66,2,66,30,18,38382.96
202511,2025-11-01,67,2,77,30,15,9611.91
202511,2025-11-01,68,2,63,25,15,26947.62
202511,2025-11-01,69,2,48,25,18,19062.72
202511,2025-11-01,70,2,63,30,12,28863.45
202511,2025-11-01,71,2,48,20,15,17768.64
202511,2025-11-01,72,2,52,20,18,19059.04
202511,2025-11-01,73,2,68,30,10,18366.12
202511,2025-11-01,74,2,100,30,12,41910.0
202511,2025-11-01,75,2,54,35,15,9486.72
202511,2025-11-01,76,2,71,20,15,31067.47
202511,2025-11-01,77,2,73,20,12,7316.79
202511,2025-11-01,78,2,44,25,18,16058.68
202511,2025-11-01,79,2,79,25,18,16689.54
202511,2025-11-01,80,2,68,35,18,30947.48
202511,2025-11-01,81,2,61,35,18,13560.91
202511,2025-11-01,82,2,59,20,18,27948.89
202511,2025-11-01,83,2,82,20,15,33555.22
202511,2025-11-01,84,2,40,30,18,17410.0
202511,2025-11-01,85,2,55,20,18,10404.9
202511,2025-11-01,86,2,75,30,10,42896.25
202511,2025-11-01,87,2,56,30,15,25894.4
202511,2025-11-01,88,2,44,35,10,6821.76
202511,2025-11-01,89,2,42,30,15,6122.76
202511,2025-11-01,90,2,68,20,10,24427.64
202511,2025-11-01,91,2,42,25,15,19077.66
202511,2025-11-01,92,2,61,35,12,24824.56
202511,2025-11-01,93,2,29,30,10,9516.06
202511,2025-11-01,94,2,44,30,18,15690.84
202511,2025-11-01,95,2,47,30,15,8304.9
202511,2025-11-01,96,2,67,30,10,12363.51
202511,2025-11-01,97,2,39,35,12,15133.95
202511,2025-11-01,98,2,73,25,15,23431.54
202511,2025-11-01,99,2,41,30,12,16952.68
202511,2025-11-01,100,2,42,30,12,15470.28
202511,2025-11-01,1,3,55,35,10,11344.85
202511,2025-11-01,2,3,59,20,10,25285.04
202511,2025-11-01,3,3,34,20,10,12521.86
202511,2025-11-01,4,3,36,30,10,13211.64
202511,2025-11-01,5,3,46,30,18,24503.28
202511,2025-11-01,6,3,40,35,15,9089.2
202511,2025-11-01,7,3,22,25,12,4396.48
202511,2025-11-01,8,3,46,20,12,14245.28
202511,2025-11-01,9,3,14,30,18,1508.64
202511,2025-11-01,10,3,23,20,12,10404.05
202511,2025-11-01,11,3,27,20,18,14320.26
202511,2025-11-01,12,3,73,25,15,5115.84
202511,2025-11-01,13,3,40,20,10,5602.0
202511,2025-11-01,14,3,55,25,12,4801.5
202511,2025-11-01,15,3,40,35,15,16780.4
202511,2025-11-01,16,3,53,25,15,14084.22
202511,2025-11-01,17,3,51,35,12,3075.3
202511,2025-11-01,18,3,48,20,15,19651.68
202511,2025-11-01,19,3,28,30,15,6805.68
202511,2025-11-01,20,3,30,25,18,19025.7
202511,2025-11-01,21,3,38,20,12,15278.66
202511,2025-11-01,22,3,41,20,15,3390.29
202511,2025-11-01,23,3,33,35,15,20680.77
202511,2025-11-01,24,3,62,30,18,15734.36
202511,2025-11-01,25,3,20,30,18,9700.6
202511,2025-11-01,26,3,41,20,15,8088.07
202511,2025-11-01,27,3,40,25,12,13976.8
202511,2025-11-01,28,3,34,35,10,19401.08
202511,2025-11-01,29,3,28,35,15,1793.12
202511,2025-11-01,30,3,46,35,12,21949.82
202511,2025-11-01,31,3,61,20,15,5683.37
202511,2025-11-01,32,3,53,35,10,10274.58
202511,2025-11-01,33,3,68,35,12,39808.56
202511,2025-11-01,34,3,78,35,15,30932.46
202511,2025-11-01,35,3,73,20,15,19348.65
202511,2025-11-01,36,3,32,30,12,4389.76
202511,2025-11-01,37,3,61,25,18,16910.42
202511,2025-11-01,38,3,28,35,18,4848.76
202511,2025-11-01,39,3,44,35,18,12220.12
202511,2025-11-01,40,3,58,35,15,20118.46
202511,2025-11-01,41,3,71,30,15,11003.58
202511,2025-11-01,42,3,44,30,15,3533.2
202511,2025-11-01,43,3,56,35,15,15938.72
202511,2025-11-01,44,3,35,20,12,2180.85
202511,2025-11-01,45,3,78,30,10,10176.66
202511,2025-11-01,46,3,76,20,12,9297.08
202511,2025-11-01,47,3,44,25,18,23382.48
202511,2025-11-01,48,3,80,20,15,30899.2
202511,2025-11-01,49,3,74,35,12,44673.06
202511,2025-11-01,50,3,71,35,15,18179.55
202511,2025-11-01,51,3,30,20,12,2736.3
202511,2025-11-01,52,3,10,30,18,5903.1
202511,2025-11-01,53,3,64,25,10,28263.68
202511,2025-11-01,54,3,52,20,12,5183.88
202511,2025-11-01,55,3,55,30,15,19569.0
202511,2025-11-01,56,3,78,30,18,26573.04
202511,2025-11-01,57,3,68,25,18,31038.6
202511,2025-11-01,58,3,58,30,18,21653.72
202511,2025-11-01,59,3,54,20,10,5584.68
202511,2025-11-01,60,3,32,30,18,11215.36
202511,2025-11-01,61,3,46,35,12,21672.44
202511,2025-11-01,62,3,65,25,12,9612.85
202511,2025-11-01,63,3,58,20,18,18594.8
202511,2025-11-01,64,3,68,20,18,22365.2
202511,2025-11-01,65,3,72,30,15,22917.6
202511,2025-11-01,66,3,78,20,15,45361.68
202511,2025-11-01,67,3,59,25,10,7364.97
202511,2025-11-01,68,3,67,35,10,28658.58
202511,2025-11-01,69,3,74,25,12,29388.36
202511,2025-11-01,70,3,64,35,15,29321.6
202511,2025-11-01,71,3,48,25,12,17768.64
202511,2025-11-01,72,3,36,20,12,13194.72
202511,2025-11-01,73,3,79,35,12,21337.11
202511,2025-11-01,74,3,36,35,10,15087.6
202511,2025-11-01,75,3,62,35,12,10892.16
202511,2025-11-01,76,3,73,30,15,31942.61
202511,2025-11-01,77,3,55,35,15,5512.65
202511,2025-11-01,78,3,79,35,12,28832.63
202511,2025-11-01,79,3,74,20,10,15633.24
202511,2025-11-01,80,3,59,25,10,26851.49
202511,2025-11-01,81,3,55,25,10,12227.05
202511,2025-11-01,82,3,61,35,12,28896.31
202511,2025-11-01,83,3,58,35,10,23734.18
202511,2025-11-01,84,3,54,35,18,23503.5
202511,2025-11-01,85,3,36,20,15,6810.48
202511,2025-11-01,86,3,62,30,15,35460.9
202511,2025-11-01,87,3,56,30,18,25894.4
202511,2025-11-01,88,3,85,35,12,13178.4
202511,2025-11-01,89,3,64,30,18,9329.92
202511,2025-11-01,90,3,86,30,15,30893.78
202511,2025-11-01,91,3,46,20,10,20894.58
202511,2025-11-01,92,3,28,25,12,11394.88
202511,2025-11-01,93,3,48,30,12,15750.72
202511,2025-11-01,94,3,71,20,12,25319.31
202511,2025-11-01,95,3,45,35,18,7951.5
202511,2025-11-01,96,3,50,20,15,9226.5
202511,2025-11-01,97,3,52,30,18,20178.6
202511,2025-11-01,98,3,93,30,12,29851.14
202511,2025-11-01,99,3,75,25,15,31011.0
202511,2025-11-01,100,3,20,35,10,7366.8
202511,2025-11-01,1,4,73,30,12,15057.71
202511,2025-11-01,2,4,27,20,12,11571.12
202511,2025-11-01,3,4,8,20,12,2946.32
202511,2025-11-01,4,4,37,25,18,13578.63
202511,2025-11-01,5,4,34,20,12,18111.12
202511,2025-11-01,6,4,44,25,12,9998.12
202511,2025-11-01,7,4,61,20,12,12190.24
202511,2025-11-01,8,4,12,35,18,3716.16
202511,2025-11-01,9,4,23,35,15,2478.48
202511,2025-11-01,10,4,62,25,18,28045.7
202511,2025-11-01,11,4,33,35,18,17502.54
202511,2025-11-01,12,4,32,25,18,2242.56
202511,2025-11-01,13,4,62,30,12,8683.1
202511,2025-11-01,14,4,62,35,12,5412.6
202511,2025-11-01,15,4,56,35,18,23492.56
202511,2025-11-01,16,4,71,20,12,18867.54
202511,2025-11-01,17,4,38,25,10,2291.4
202511,2025-11-01,18,4,21,35,18,8597.61
202511,2025-11-01,19,4,35,25,15,8507.1
202511,2025-11-01,20,4,30,35,10,19025.7
202511,2025-11-01,21,4,88,20,18,35382.16
202511,2025-11-01,22,4,50,25,12,4134.5
202511,2025-11-01,23,4,47,25,15,29454.43
202511,2025-11-01,24,4,48,30,15,12181.44
202511,2025-11-01,25,4,33,35,12,16005.99
202511,2025-11-01,26,4,38,30,18,7496.26
202511,2025-11-01,27,4,36,25,12,12579.12
202511,2025-11-01,28,4,33,25,18,18830.46
202511,2025-11-01,29,4,61,35,10,3906.44
202511,2025-11-01,30,4,13,20,15,6203.21
202511,2025-11-01,31,4,36,30,12,3354.12
202511,2025-11-01,32,4,61,30,15,11825.46
202511,2025-11-01,33,4,43,35,12,25173.06
202511,2025-11-01,34,4,42,20,12,16655.94
202511,2025-11-01,35,4,16,35,12,4240.8
202511,2025-11-01,36,4,64,25,12,8779.52
202511,2025-11-01,37,4,26,30,18,7207.72
202511,2025-11-01,38,4,69,20,15,11948.73
202511,2025-11-01,39,4,27,25,15,7498.71
202511,2025-11-01,40,4,55,20,12,19077.85
202511,2025-11-01,41,4,87,30,15,13483.26
202511,2025-11-01,42,4,82,30,15,6584.6
202511,2025-11-01,43,4,63,35,12,17931.06
202511,2025-11-01,44,4,44,35,18,2741.64
202511,2025-11-01,45,4,79,20,15,10307.13
202511,2025-11-01,46,4,41,20,10,5015.53
202511,2025-11-01,47,4,47,35,18,24976.74
202511,2025-11-01,48,4,64,20,15,24719.36
202511,2025-11-01,49,4,49,35,15,29580.81
202511,2025-11-01,50,4,45,35,18,11522.25
202511,2025-11-01,51,4,69,25,18,6293.49
202511,2025-11-01,52,4,38,30,18,22431.78
202511,2025-11-01,53,4,77,20,15,34004.74
202511,2025-11-01,54,4,18,30,15,1794.42
202511,2025-11-01,55,4,56,35,18,19924.8
202511,2025-11-01,56,4,86,25,12,29298.48
202511,2025-11-01,57,4,47,25,12,21453.15
202511,2025-11-01,58,4,43,20,12,16053.62
202511,2025-11-01,59,4,83,30,15,8583.86
202511,2025-11-01,60,4,51,30,18,17874.48
202511,2025-11-01,61,4,63,35,10,29681.82
202511,2025-11-01,62,4,24,20,18,3549.36
202511,2025-11-01,63,4,80,25,12,25648.0
202511,2025-11-01,64,4,58,30,15,19076.2
202511,2025-11-01,65,4,71,30,12,22599.3
202511,2025-11-01,66,4,37,35,15,21517.72
202511,2025-11-01,67,4,43,20,18,5367.69
202511,2025-11-01,68,4,98,35,10,41918.52
202511,2025-11-01,69,4,54,30,12,21445.56
202511,2025-11-01,70,4,60,20,10,27489.0
202511,2025-11-01,71,4,92,25,10,34056.56
202511,2025-11-01,72,4,89,25,12,32620.28
202511,2025-11-01,73,4,84,20,10,22687.56
202511,2025-11-01,74,4,58,25,18,24307.8
202511,2025-11-01,75,4,41,20,18,7202.88
202511,2025-11-01,76,4,65,25,12,28442.05
202511,2025-11-01,77,4,72,25,15,7216.56
202511,2025-11-01,78,4,64,35,10,23358.08
202511,2025-11-01,79,4,51,30,10,10774.26
202511,2025-11-01,80,4,67,20,10,30492.37
202511,2025-11-01,81,4,61,20,15,13560.91
202511,2025-11-01,82,4,53,25,12,25106.63
202511,2025-11-01,83,4,40,35,15,16368.4
202511,2025-11-01,84,4,88,25,15,38302.0
202511,2025-11-01,85,4,70,35,18,13242.6
202511,2025-11-01,86,4,60,20,12,34317.0
202511,2025-11-01,87,4,33,35,18,15259.2
202511,2025-11-01,88,4,57,25,18,8837.28
202511,2025-11-01,89,4,82,20,15,11953.96
202511,2025-11-01,90,4,17,35,15,6106.91
202511,2025-11-01,91,4,74,35,15,33613.02
202511,2025-11-01,92,4,49,35,15,19941.04
202511,2025-11-01,93,4,50,30,18,16407.0
202511,2025-11-01,94,4,82,30,15,29242.02
202511,2025-11-01,95,4,62,30,15,10955.4
202511,2025-11-01,96,4,55,20,15,10149.15
202511,2025-11-01,97,4,38,30,12,14745.9
202511,2025-11-01,98,4,64,35,12,20542.72
202511,2025-11-01,99,4,52,20,18,21500.96
202511,2025-11-01,100,4,61,20,15,22468.74
202511,2025-11-01,1,5,37,30,15,7631.99
202511,2025-11-01,2,5,38,20,12,16285.28
202511,2025-11-01,3,5,36,30,12,13258.44
202511,2025-11-01,4,5,66,30,12,24221.34
202511,2025-11-01,5,5,53,30,12,28232.04
202511,2025-11-01,6,5,47,20,18,10679.81
202511,2025-11-01,7,5,25,25,10,4996.0
202511,2025-11-01,8,5,30,35,15,9290.4
202511,2025-11-01,9,5,28,20,10,3017.28
202511,2025-11-01,10,5,48,25,10,21712.8
202511,2025-11-01,11,5,34,30,15,18032.92
202511,2025-11-01,12,5,29,35,15,2032.32
202511,2025-11-01,13,5,35,30,15,4901.75
202511,2025-11-01,14,5,78,25,10,6809.4
202511,2025-11-01,15,5,31,25,10,13004.81
202511,2025-11-01,16,5,63,25,18,16741.62
202511,2025-11-01,17,5,38,35,15,2291.4
202511,2025-11-01,18,5,49,35,12,20061.09
202511,2025-11-01,19,5,56,20,12,13611.36
202511,2025-11-01,20,5,48,30,10,30441.12
202511,2025-11-01,21,5,18,25,15,7237.26
202511,2025-11-01,22,5,51,25,12,4217.19
202511,2025-11-01,23,5,37,20,12,23187.53
202511,2025-11-01,24,5,46,30,15,11673.88
202511,2025-11-01,25,5,17,20,12,8245.51
202511,2025-11-01,26,5,43,25,18,8482.61
202511,2025-11-01,27,5,25,25,15,8735.5
202511,2025-11-01,28,5,64,20,15,36519.68
202511,2025-11-01,29,5,55,20,12,3522.2
202511,2025-11-01,30,5,44,20,10,20995.48
202511,2025-11-01,31,5,65,30,12,6056.05
202511,2025-11-01,32,5,30,30,18,5815.8
202511,2025-11-01,33,5,50,30,10,29271.0
202511,2025-11-01,34,5,55,20,15,21811.35
202511,2025-11-01,35,5,45,35,15,11927.25
202511,2025-11-01,36,5,44,20,12,6035.92
202511,2025-11-01,37,5,49,25,12,13583.78
202511,2025-11-01,38,5,41,30,15,7099.97
202511,2025-11-01,39,5,25,35,10,6943.25
202511,2025-11-01,40,5,65,20,10,22546.55
202511,2025-11-01,41,5,78,20,12,12088.44
202511,2025-11-01,42,5,58,30,12,4657.4
202511,2025-11-01,43,5,53,30,15,15084.86
202511,2025-11-01,44,5,47,35,10,2928.57
202511,2025-11-01,45,5,47,25,12,6132.09
202511,2025-11-01,46,5,67,35,12,8196.11
202511,2025-11-01,47,5,59,35,18,31353.78
202511,2025-11-01,48,5,40,35,10,15449.6
202511,2025-11-01,49,5,31,25,18,18714.39
202511,2025-11-01,50,5,49,25,15,12546.45
202511,2025-11-01,51,5,64,25,10,5837.44
202511,2025-11-01,52,5,75,20,12,44273.25
202511,2025-11-01,53,5,74,20,12,32679.88
202511,2025-11-01,54,5,86,20,12,8573.34
202511,2025-11-01,55,5,47,20,12,16722.6
202511,2025-11-01,56,5,55,20,10,18737.4
202511,2025-11-01,57,5,61,30,15,27843.45
202511,2025-11-01,58,5,52,20,12,19413.68
202511,2025-11-01,59,5,56,20,10,5791.52
202511,2025-11-01,60,5,73,35,18,25585.04
202511,2025-11-01,61,5,48,30,15,22614.72
202511,2025-11-01,62,5,63,25,12,9317.07
202511,2025-11-01,63,5,67,20,10,21480.2
202511,2025-11-01,64,5,89,20,12,29272.1
202511,2025-11-01,65,5,97,20,12,30875.1
202511,2025-11-01,66,5,57,25,15,33148.92
202511,2025-11-01,67,5,31,35,12,3869.73
202511,2025-11-01,68,5,51,20,18,21814.74
202511,2025-11-01,69,5,58,25,12,23034.12
202511,2025-11-01,70,5,48,35,18,21991.2
202511,2025-11-01,71,5,32,35,10,11845.76
202511,2025-11-01,72,5,64,30,10,23457.28
202511,2025-11-01,73,5,35,35,10,9453.15
202511,2025-11-01,74,5,86,20,12,36042.6
202511,2025-11-01,75,5,68,20,10,11946.24
202511,2025-11-01,76,5,36,35,15,15752.52
202511,2025-11-01,77,5,77,20,15,7717.71
202511,2025-11-01,78,5,94,20,10,34307.18
202511,2025-11-01,79,5,34,25,12,7182.84
202511,2025-11-01,80,5,64,25,10,29127.04
202511,2025-11-01,81,5,58,25,15,12893.98
202511,2025-11-01,82,5,31,30,15,14685.01
202511,2025-11-01,83,5,86,35,10,35192.06
202511,2025-11-01,84,5,24,35,10,10446.0
202511,2025-11-01,85,5,52,30,18,9837.36
202511,2025-11-01,86,5,57,35,15,32601.15
202511,2025-11-01,87,5,68,20,18,31443.2
202511,2025-11-01,88,5,69,35,15,10697.76
202511,2025-11-01,89,5,50,25,15,7289.0
202511,2025-11-01,90,5,82,35,12,29456.86
202511,2025-11-01,91,5,40,25,10,18169.2
202511,2025-11-01,92,5,71,35,12,28894.16
202511,2025-11-01,93,5,48,20,18,15750.72
202511,2025-11-01,94,5,23,20,12,8202.03
202511,2025-11-01,95,5,83,35,10,14666.1
202511,2025-11-01,96,5,35,20,10,6458.55
202511,2025-11-01,97,5,56,30,18,21730.8
202511,2025-11-01,98,5,34,20,12,10913.32
202511,2025-11-01,99,5,55,35,12,22741.4
202511,2025-11-01,100,5,96,20,18,35360.64
202511,2025-11-01,1,6,59,35,18,12169.93
202511,2025-11-01,2,6,61,20,10,26142.16
202511,2025-11-01,3,6,62,30,15,22833.98
202511,2025-11-01,4,6,49,35,18,17982.51
202511,2025-11-01,5,6,17,35,12,9055.56
202511,2025-11-01,6,6,47,25,12,10679.81
202511,2025-11-01,7,6,95,25,18,18984.8
202511,2025-11-01,8,6,22,20,10,6812.96
202511,2025-11-01,9,6,51,35,10,5495.76
202511,2025-11-01,10,6,65,30,10,29402.75
202511,2025-11-01,11,6,30,20,18,15911.4
202511,2025-11-01,12,6,52,20,15,3644.16
202511,2025-11-01,13,6,45,20,18,6302.25
202511,2025-11-01,14,6,69,25,12,6023.7
202511,2025-11-01,15,6,27,25,12,11326.77
202511,2025-11-01,16,6,15,30,12,3986.1
202511,2025-11-01,17,6,57,20,18,3437.1
202511,2025-11-01,18,6,54,30,18,22108.14
202511,2025-11-01,19,6,42,30,15,10208.52
202511,2025-11-01,20,6,53,25,12,33612.07
202511,2025-11-01,21,6,47,25,18,18897.29
202511,2025-11-01,22,6,26,30,10,2149.94
202511,2025-11-01,23,6,54,35,12,33841.26
202511,2025-11-01,24,6,26,25,15,6598.28
202511,2025-11-01,25,6,29,25,15,14065.87
202511,2025-11-01,26,6,38,30,15,7496.26
202511,2025-11-01,27,6,46,30,15,16073.32
202511,2025-11-01,28,6,30,20,12,17118.6
202511,2025-11-01,29,6,67,20,18,4290.68
202511,2025-11-01,30,6,55,20,12,26244.35
202511,2025-11-01,31,6,54,30,12,5031.18
202511,2025-11-01,32,6,22,25,18,4264.92
202511,2025-11-01,33,6,38,35,12,22245.96
202511,2025-11-01,34,6,72,35,12,28553.04
202511,2025-11-01,35,6,56,35,12,14842.8
202511,2025-11-01,36,6,49,25,12,6721.82
202511,2025-11-01,37,6,41,20,10,11366.02
202511,2025-11-01,38,6,50,30,12,8658.5
202511,2025-11-01,39,6,53,35,15,14719.69
202511,2025-11-01,40,6,54,35,15,18730.98
202511,2025-11-01,41,6,57,30,18,8833.86
202511,2025-11-01,42,6,69,35,15,5540.7
202511,2025-11-01,43,6,67,35,18,19069.54
202511,2025-11-01,44,6,60,30,10,3738.6
202511,2025-11-01,45,6,62,35,12,8089.14
202511,2025-11-01,46,6,58,35,10,7095.14
202511,2025-11-01,47,6,62,25,10,32948.04
202511,2025-11-01,48,6,73,35,12,28195.52
202511,2025-11-01,49,6,65,20,18,39239.85
202511,2025-11-01,50,6,47,30,15,12034.35
202511,2025-11-01,51,6,75,25,18,6840.75
202511,2025-11-01,52,6,52,35,18,30696.12
202511,2025-11-01,53,6,62,20,10,27380.44
202511,2025-11-01,54,6,42,30,15,4186.98
202511,2025-11-01,55,6,84,30,10,29887.2
202511,2025-11-01,56,6,71,20,10,24188.28
202511,2025-11-01,57,6,81,30,15,36972.45
202511,2025-11-01,58,6,70,20,15,26133.8
202511,2025-11-01,59,6,43,35,12,4447.06
202511,2025-11-01,60,6,68,20,15,23832.64
202511,2025-11-01,61,6,39,25,18,18374.46
202511,2025-11-01,62,6,47,20,10,6950.83
202511,2025-11-01,63,6,65,35,18,20839.0
202511,2025-11-01,64,6,44,20,10,14471.6
202511,2025-11-01,65,6,67,30,18,21326.1
202511,2025-11-01,66,6,72,20,12,41872.32
202511,2025-11-01,67,6,61,35,10,7614.63
202511,2025-11-01,68,6,81,20,12,34646.94
202511,2025-11-01,69,6,80,35,10,31771.2
202511,2025-11-01,70,6,49,30,15,22449.35
202511,2025-11-01,71,6,56,30,15,20730.08
202511,2025-11-01,72,6,45,35,15,16493.4
202511,2025-11-01,73,6,86,30,12,23227.74
202511,2025-11-01,74,6,84,35,12,35204.4
202511,2025-11-01,75,6,54,35,15,9486.72
202511,2025-11-01,76,6,32,25,18,14002.24
202511,2025-11-01,77,6,52,35,10,5211.96
202511,2025-11-01,78,6,30,30,10,10949.1
202511,2025-11-01,79,6,55,25,15,11619.3
202511,2025-11-01,80,6,44,30,15,20024.84
202511,2025-11-01,81,6,48,30,15,10670.88
202511,2025-11-01,82,6,87,30,18,41212.77
202511,2025-11-01,83,6,67,35,10,27417.07
202511,2025-11-01,84,6,14,20,12,6093.5
202511,2025-11-01,85,6,40,20,10,7567.2
202511,2025-11-01,86,6,61,20,18,34888.95
202511,2025-11-01,87,6,52,25,12,24044.8
202511,2025-11-01,88,6,70,35,12,10852.8
202511,2025-11-01,89,6,31,25,18,4519.18
202511,2025-11-01,90,6,62,35,15,22272.26
202511,2025-11-01,91,6,55,25,10,24982.65
202511,2025-11-01,92,6,51,35,12,20754.96
202511,2025-11-01,93,6,58,35,12,19032.12
202511,2025-11-01,94,6,84,30,10,29955.24
202511,2025-11-01,95,6,58,30,18,10248.6
202511,2025-11-01,96,6,54,20,12,9964.62
202511,2025-11-01,97,6,63,30,10,24447.15
202511,2025-11-01,98,6,52,20,18,16690.96
202511,2025-11-01,99,6,61,30,10,25222.28
202511,2025-11-01,100,6,44,20,10,16206.96
202512,2025-12-01,1,1,14,25,18,2887.78
202512,2025-12-01,2,1,39,30,10,16713.84
202512,2025-12-01,3,1,85,25,15,31304.65
202512,2025-12-01,4,1,44,30,15,16147.56
202512,2025-12-01,5,1,14,25,18,7457.52
202512,2025-12-01,6,1,63,35,10,14315.49
202512,2025-12-01,7,1,54,20,18,10791.36
202512,2025-12-01,8,1,36,25,18,11148.48
202512,2025-12-01,9,1,25,30,15,2694.0
202512,2025-12-01,10,1,52,20,15,23522.2
202512,2025-12-01,11,1,54,25,15,28640.52
202512,2025-12-01,12,1,65,30,15,4555.2
202512,2025-12-01,13,1,71,35,18,9943.55
202512,2025-12-01,14,1,74,30,15,6460.2
202512,2025-12-01,15,1,51,25,10,21395.01
202512,2025-12-01,16,1,55,35,15,14615.7
202512,2025-12-01,17,1,32,35,12,1929.6
202512,2025-12-01,18,1,46,35,15,18832.86
202512,2025-12-01,19,1,27,25,10,6562.62
202512,2025-12-01,20,1,28,20,10,17757.32
202512,2025-12-01,21,1,38,35,10,15278.66
202512,2025-12-01,22,1,47,35,12,3886.43
202512,2025-12-01,23,1,45,30,15,28201.05
202512,2025-12-01,24,1,48,35,15,12181.44
202512,2025-12-01,25,1,42,30,12,20371.26
202512,2025-12-01,26,1,24,25,15,4734.48
202512,2025-12-01,27,1,61,20,18,21314.62
202512,2025-12-01,28,1,66,25,12,37660.92
202512,2025-12-01,29,1,43,25,18,2753.72
202512,2025-12-01,30,1,54,30,18,25767.18
202512,2025-12-01,31,1,25,20,10,2329.25
202512,2025-12-01,32,1,36,20,10,6978.96
202512,2025-12-01,33,1,35,35,10,20489.7
202512,2025-12-01,34,1,42,35,10,16655.94
202512,2025-12-01,35,1,66,25,15,17493.3
202512,2025-12-01,36,1,32,30,18,4389.76
202512,2025-12-01,37,1,49,35,10,13583.78
202512,2025-12-01,38,1,41,25,10,7099.97
202512,2025-12-01,39,1,54,30,15,14997.42
202512,2025-12-01,40,1,10,30,10,3468.7
202512,2025-12-01,41,1,70,30,12,10848.6
202512,2025-12-01,42,1,92,25,15,7387.6
202512,2025-12-01,43,1,59,30,12,16792.58
202512,2025-12-01,44,1,63,25,12,3925.53
202512,2025-12-01,45,1,48,35,12,6262.56
202512,2025-12-01,46,1,57,35,15,6972.81
202512,2025-12-01,47,1,69,35,18,36667.98
202512,2025-12-01,48,1,70,20,12,27036.8
202512,2025-12-01,49,1,83,20,12,50106.27
202512,2025-12-01,50,1,58,35,15,14850.9
202512,2025-12-01,51,1,55,35,15,5016.55
202512,2025-12-01,52,1,59,35,18,34828.29
202512,2025-12-01,53,1,37,20,10,16339.94
202512,2025-12-01,54,1,67,30,12,6679.23
202512,2025-12-01,55,1,83,20,18,29531.4
202512,2025-12-01,56,1,87,20,15,29639.16
202512,2025-12-01,57,1,75,20,10,34233.75
202512,2025-12-01,58,1,39,35,10,14560.26
202512,2025-12-01,59,1,50,20,18,5171.0
202512,2025-12-01,60,1,74,20,10,25935.52
202512,2025-12-01,61,1,55,30,18,25912.7
202512,2025-12-01,62,1,72,30,15,10648.08
202512,2025-12-01,63,1,37,35,10,11862.2
202512,2025-12-01,64,1,22,20,12,7235.8
202512,2025-12-01,65,1,82,20,18,26100.6
202512,2025-12-01,66,1,87,30,15,50595.72
202512,2025-12-01,67,1,27,25,15,3370.41
202512,2025-12-01,68,1,88,35,12,37641.12
202512,2025-12-01,69,1,61,30,12,24225.54
202512,2025-12-01,70,1,95,25,18,43524.25
202512,2025-12-01,71,1,44,35,15,16287.92
202512,2025-12-01,72,1,41,35,18,15027.32
202512,2025-12-01,73,1,50,20,10,13504.5
202512,2025-12-01,74,1,43,35,10,18021.3
202512,2025-12-01,75,1,54,25,15,9486.72
202512,2025-12-01,76,1,5,25,12,2187.85
202512,2025-12-01,77,1,74,30,10,7417.02
202512,2025-12-01,78,1,36,25,10,13138.92
202512,2025-12-01,79,1,41,20,12,8661.66
202512,2025-12-01,80,1,79,25,18,35953.69
202512,2025-12-01,81,1,33,35,10,7336.23
202512,2025-12-01,82,1,74,35,18,35054.54
202512,2025-12-01,83,1,59,35,10,24143.39
202512,2025-12-01,84,1,71,25,18,30902.75
202512,2025-12-01,85,1,59,30,12,11161.62
202512,2025-12-01,86,1,36,25,15,20590.2
202512,2025-12-01,87,1,72,35,10,33292.8
202512,2025-12-01,88,1,67,35,15,10387.68
202512,2025-12-01,89,1,67,35,12,9767.26
202512,2025-12-01,90,1,58,20,10,20835.34
202512,2025-12-01,91,1,60,20,12,27253.8
202512,2025-12-01,92,1,76,35,10,30928.96
202512,2025-12-01,93,1,69,20,18,22641.66
202512,2025-12-01,94,1,64,20,12,22823.04
202512,2025-12-01,95,1,59,35,10,10425.3
202512,2025-12-01,96,1,77,35,18,14208.81
202512,2025-12-01,97,1,78,25,12,30267.9
202512,2025-12-01,98,1,91,20,18,29209.18
202512,2025-12-01,99,1,30,20,12,12404.4
202512,2025-12-01,100,1,39,30,15,14365.26
202512,2025-12-01,1,2,8,25,18,1650.16
202512,2025-12-01,2,2,15,35,15,6428.4
202512,2025-12-01,3,2,44,35,18,16204.76
202512,2025-12-01,4,2,30,25,18,11009.7
202512,2025-12-01,5,2,75,30,10,39951.0
202512,2025-12-01,6,2,34,35,15,7725.82
202512,2025-12-01,7,2,35,30,15,6994.4
202512,2025-12-01,8,2,56,35,15,17342.08
202512,2025-12-01,9,2,31,35,12,3340.56
202512,2025-12-01,10,2,16,35,18,7237.6
202512,2025-12-01,11,2,46,35,15,24397.48
202512,2025-12-01,12,2,17,30,10,1191.36
202512,2025-12-01,13,2,37,25,10,5181.85
202512,2025-12-01,14,2,18,35,15,1571.4
202512,2025-12-01,15,2,15,35,18,6292.65
202512,2025-12-01,16,2,49,30,10,13021.26
202512,2025-12-01,17,2,54,20,12,3256.2
202512,2025-12-01,18,2,49,30,15,20061.09
202512,2025-12-01,19,2,34,25,12,8264.04
202512,2025-12-01,20,2,54,20,12,34246.26
202512,2025-12-01,21,2,53,35,12,21309.71
202512,2025-12-01,22,2,85,35,12,7028.65
202512,2025-12-01,23,2,55,20,12,34467.95
202512,2025-12-01,24,2,42,25,18,10658.76
202512,2025-12-01,25,2,63,30,15,30556.89
202512,2025-12-01,26,2,24,25,15,4734.48
202512,2025-12-01,27,2,79,35,12,27604.18
202512,2025-12-01,28,2,68,25,10,38802.16
202512,2025-12-01,29,2,81,20,18,5187.24
202512,2025-12-01,30,2,62,30,10,29584.54
202512,2025-12-01,31,2,25,35,12,2329.25
202512,2025-12-01,32,2,41,30,10,7948.26
202512,2025-12-01,33,2,60,35,15,35125.2
202512,2025-12-01,34,2,24,25,12,9517.68
202512,2025-12-01,35,2,38,30,18,10071.9
202512,2025-12-01,36,2,41,35,18,5624.38
202512,2025-12-01,37,2,41,30,10,11366.02
202512,2025-12-01,38,2,41,25,15,7099.97
202512,2025-12-01,39,2,33,25,18,9165.09
202512,2025-12-01,40,2,36,20,10,12487.32
202512,2025-12-01,41,2,16,30,12,2479.68
202512,2025-12-01,42,2,89,35,18,7146.7
202512,2025-12-01,43,2,68,25,12,19354.16
202512,2025-12-01,44,2,58,25,18,3613.98
202512,2025-12-01,45,2,61,35,12,7958.67
202512,2025-12-01,46,2,47,25,15,5749.51
202512,2025-12-01,47,2,39,25,12,20725.38
202512,2025-12-01,48,2,56,30,18,21629.44
202512,2025-12-01,49,2,73,25,12,44069.37
202512,2025-12-01,50,2,57,35,12,14594.85
202512,2025-12-01,51,2,45,25,18,4104.45
202512,2025-12-01,52,2,74,25,12,43682.94
202512,2025-12-01,53,2,49,30,12,21639.38
202512,2025-12-01,54,2,32,20,10,3190.08
202512,2025-12-01,55,2,82,25,12,29175.6
202512,2025-12-01,56,2,51,35,10,17374.68
202512,2025-12-01,57,2,61,20,15,27843.45
202512,2025-12-01,58,2,79,25,12,29493.86
202512,2025-12-01,59,2,63,30,10,6515.46
202512,2025-12-01,60,2,49,25,18,17173.52
202512,2025-12-01,61,2,45,20,15,21201.3
202512,2025-12-01,62,2,103,25,12,15232.67
202512,2025-12-01,63,2,72,25,12,23083.2
202512,2025-12-01,64,2,52,20,12,17102.8
202512,2025-12-01,65,2,88,30,15,28010.4
202512,2025-12-01,66,2,69,35,10,40127.64
202512,2025-12-01,67,2,66,25,15,8238.78
202512,2025-12-01,68,2,62,35,10,26519.88
202512,2025-12-01,69,2,100,30,18,39714.0
202512,2025-12-01,70,2,53,25,18,24281.95
202512,2025-12-01,71,2,87,20,15,32205.66
202512,2025-12-01,72,2,16,20,18,5864.32
202512,2025-12-01,73,2,63,35,18,17015.67
202512,2025-12-01,74,2,51,20,18,21374.1
202512,2025-12-01,75,2,52,30,15,9135.36
202512,2025-12-01,76,2,56,30,15,24503.92
202512,2025-12-01,77,2,37,30,12,3708.51
202512,2025-12-01,78,2,65,20,15,23723.05
202512,2025-12-01,79,2,44,35,12,9295.44
202512,2025-12-01,80,2,64,35,12,29127.04
202512,2025-12-01,81,2,90,35,15,20007.9
202512,2025-12-01,82,2,46,20,15,21790.66
202512,2025-12-01,83,2,57,25,12,23324.97
202512,2025-12-01,84,2,62,35,12,26985.5
202512,2025-12-01,85,2,64,35,15,12107.52
202512,2025-12-01,86,2,50,25,15,28597.5
202512,2025-12-01,87,2,82,25,12,37916.8
202512,2025-12-01,88,2,60,20,12,9302.4
202512,2025-12-01,89,2,71,35,18,10350.38
202512,2025-12-01,90,2,84,25,12,30175.32
202512,2025-12-01,91,2,52,20,15,23619.96
202512,2025-12-01,92,2,35,20,12,14243.6
202512,2025-12-01,93,2,78,25,10,25594.92
202512,2025-12-01,94,2,47,30,18,16760.67
202512,2025-12-01,95,2,55,30,15,9718.5
202512,2025-12-01,96,2,34,20,10,6274.02
202512,2025-12-01,97,2,95,25,15,36864.75
202512,2025-12-01,98,2,47,20,18,15086.06
202512,2025-12-01,99,2,85,35,18,35145.8
202512,2025-12-01,100,2,73,35,10,26888.82
202512,2025-12-01,1,3,58,35,18,11963.66
202512,2025-12-01,2,3,47,25,15,20142.32
202512,2025-12-01,3,3,64,35,18,23570.56
202512,2025-12-01,4,3,24,35,10,8807.76
202512,2025-12-01,5,3,55,30,18,29297.4
202512,2025-12-01,6,3,60,25,12,13633.8
202512,2025-12-01,7,3,32,30,10,6394.88
202512,2025-12-01,8,3,58,20,12,17961.44
202512,2025-12-01,9,3,24,30,12,2586.24
202512,2025-12-01,10,3,2,30,12,904.7
202512,2025-12-01,11,3,65,35,18,34474.7
202512,2025-12-01,12,3,51,25,12,3574.08
202512,2025-12-01,13,3,41,20,15,5742.05
202512,2025-12-01,14,3,29,30,18,2531.7
202512,2025-12-01,15,3,12,25,18,5034.12
202512,2025-12-01,16,3,17,30,12,4517.58
202512,2025-12-01,17,3,36,35,12,2170.8
202512,2025-12-01,18,3,23,30,15,9416.43
202512,2025-12-01,19,3,59,30,10,14340.54
202512,2025-12-01,20,3,47,25,15,29806.93
202512,2025-12-01,21,3,36,30,15,14474.52
202512,2025-12-01,22,3,44,35,15,3638.36
202512,2025-12-01,23,3,56,35,15,35094.64
202512,2025-12-01,24,3,33,25,10,8374.74
202512,2025-12-01,25,3,38,35,10,18431.14
202512,2025-12-01,26,3,37,35,12,7298.99
202512,2025-12-01,27,3,22,20,10,7687.24
202512,2025-12-01,28,3,32,25,10,18259.84
202512,2025-12-01,29,3,27,20,12,1729.08
202512,2025-12-01,30,3,65,35,12,31016.05
202512,2025-12-01,31,3,46,35,18,4285.82
202512,2025-12-01,32,3,70,25,12,13570.2
202512,2025-12-01,33,3,35,30,18,20489.7
202512,2025-12-01,34,3,9,35,12,3569.13
202512,2025-12-01,35,3,36,25,12,9541.8
202512,2025-12-01,36,3,40,25,15,5487.2
202512,2025-12-01,37,3,21,35,15,5821.62
202512,2025-12-01,38,3,56,25,10,9697.52
202512,2025-12-01,39,3,88,35,18,24440.24
202512,2025-12-01,40,3,30,20,10,10406.1
202512,2025-12-01,41,3,76,20,10,11778.48
202512,2025-12-01,42,3,75,20,15,6022.5
202512,2025-12-01,43,3,66,35,18,18784.92
202512,2025-12-01,44,3,67,20,18,4174.77
202512,2025-12-01,45,3,112,25,12,14612.64
202512,2025-12-01,46,3,74,35,15,9052.42
202512,2025-12-01,47,3,66,30,18,35073.72
202512,2025-12-01,48,3,55,25,18,21243.2
202512,2025-12-01,49,3,53,30,15,31995.57
202512,2025-12-01,50,3,36,30,10,9217.8
202512,2025-12-01,51,3,82,35,18,7479.22
202512,2025-12-01,52,3,85,20,10,50176.35
202512,2025-12-01,53,3,69,25,18,30471.78
202512,2025-12-01,54,3,78,20,18,7775.82
202512,2025-12-01,55,3,41,30,15,14587.8
202512,2025-12-01,56,3,68,20,10,23166.24
202512,2025-12-01,57,3,53,30,15,24191.85
202512,2025-12-01,58,3,76,35,12,28373.84
202512,2025-12-01,59,3,80,30,18,8273.6
202512,2025-12-01,60,3,84,35,15,29440.32
202512,2025-12-01,61,3,45,30,18,21201.3
202512,2025-12-01,62,3,77,25,12,11387.53
202512,2025-12-01,63,3,50,35,10,16030.0
202512,2025-12-01,64,3,80,30,12,26312.0
202512,2025-12-01,65,3,53,20,15,16869.9
202512,2025-12-01,66,3,71,35,18,41290.76
202512,2025-12-01,67,3,62,30,10,7739.46
202512,2025-12-01,68,3,108,25,18,46195.92
202512,2025-12-01,69,3,46,30,18,18268.44
202512,2025-12-01,70,3,65,35,10,29779.75
202512,2025-12-01,71,3,62,25,18,22951.16
202512,2025-12-01,72,3,47,30,12,17226.44
202512,2025-12-01,73,3,52,30,15,14044.68
202512,2025-12-01,74,3,45,20,18,18859.5
202512,2025-12-01,75,3,70,30,12,12297.6
202512,2025-12-01,76,3,38,20,18,16627.66
202512,2025-12-01,77,3,84,25,15,8419.32
202512,2025-12-01,78,3,82,20,12,29927.54
202512,2025-12-01,79,3,46,25,10,9717.96
202512,2025-12-01,80,3,64,35,15,29127.04
202512,2025-12-01,81,3,78,35,12,17340.18
202512,2025-12-01,82,3,76,30,12,36001.96
202512,2025-12-01,83,3,83,30,12,33964.43
202512,2025-12-01,84,3,95,30,15,41348.75
202512,2025-12-01,85,3,32,35,15,6053.76
202512,2025-12-01,86,3,54,25,10,30885.3
202512,2025-12-01,87,3,44,25,10,20345.6
202512,2025-12-01,88,3,76,30,18,11783.04
202512,2025-12-01,89,3,22,20,12,3207.16
202512,2025-12-01,90,3,63,35,10,22631.49
202512,2025-12-01,91,3,24,20,10,10901.52
202512,2025-12-01,92,3,35,25,15,14243.6
202512,2025-12-01,93,3,62,30,18,20344.68
202512,2025-12-01,94,3,39,30,18,13907.79
202512,2025-12-01,95,3,58,35,10,10248.6
202512,2025-12-01,96,3,45,30,10,8303.85
202512,2025-12-01,97,3,44,25,18,17074.2
202512,2025-12-01,98,3,76,35,15,24394.48
202512,2025-12-01,99,3,94,35,15,38867.12
202512,2025-12-01,100,3,85,35,18,31308.9
202512,2025-12-01,1,4,61,20,10,12582.47
202512,2025-12-01,2,4,58,35,10,24856.48
202512,2025-12-01,3,4,37,25,12,13626.73
202512,2025-12-01,4,4,57,20,15,20918.43
202512,2025-12-01,5,4,64,20,12,34091.52
202512,2025-12-01,6,4,83,35,15,18860.09
202512,2025-12-01,7,4,47,30,18,9392.48
202512,2025-12-01,8,4,41,20,10,12696.88
202512,2025-12-01,9,4,43,20,15,4633.68
202512,2025-12-01,10,4,64,20,15,28950.4
202512,2025-12-01,11,4,48,25,12,25458.24
202512,2025-12-01,12,4,60,25,15,4204.8
202512,2025-12-01,13,4,63,25,18,8823.15
202512,2025-12-01,14,4,44,35,10,3841.2
202512,2025-12-01,15,4,74,20,12,31043.74
202512,2025-12-01,16,4,64,30,15,17007.36
202512,2025-12-01,17,4,65,20,10,3919.5
202512,2025-12-01,18,4,20,25,15,8188.2
202512,2025-12-01,19,4,0,35,12,0.0
202512,2025-12-01,20,4,74,20,10,46930.06
202512,2025-12-01,21,4,46,20,10,18495.22
202512,2025-12-01,22,4,73,25,15,6036.37
202512,2025-12-01,23,4,65,30,18,40734.85
202512,2025-12-01,24,4,54,20,10,13704.12
202512,2025-12-01,25,4,60,30,10,29101.8
202512,2025-12-01,26,4,61,35,10,12033.47
202512,2025-12-01,27,4,52,30,10,18169.84
202512,2025-12-01,28,4,66,25,18,37660.92
202512,2025-12-01,29,4,38,30,10,2433.52
202512,2025-12-01,30,4,60,30,15,28630.2
202512,2025-12-01,31,4,13,20,10,1211.21
202512,2025-12-01,32,4,24,25,18,4652.64
202512,2025-12-01,33,4,73,35,10,42735.66
202512,2025-12-01,34,4,33,35,18,13086.81
202512,2025-12-01,35,4,36,20,18,9541.8
202512,2025-12-01,36,4,68,20,10,9328.24
202512,2025-12-01,37,4,73,30,12,20237.06
202512,2025-12-01,38,4,57,25,12,9870.69
202512,2025-12-01,39,4,17,30,10,4721.41
202512,2025-12-01,40,4,36,35,10,12487.32
202512,2025-12-01,41,4,48,35,10,7439.04
202512,2025-12-01,42,4,66,25,12,5299.8
202512,2025-12-01,43,4,55,25,12,15654.1
202512,2025-12-01,44,4,51,20,12,3177.81
202512,2025-12-01,45,4,84,30,15,10959.48
202512,2025-12-01,46,4,66,25,12,8073.78
202512,2025-12-01,47,4,48,20,15,25508.16
202512,2025-12-01,48,4,44,20,10,16994.56
202512,2025-12-01,49,4,5,25,18,3018.45
202512,2025-12-01,50,4,74,20,18,18947.7
202512,2025-12-01,51,4,53,35,15,4834.13
202512,2025-12-01,52,4,60,30,18,35418.6
202512,2025-12-01,53,4,40,25,18,17664.8
202512,2025-12-01,54,4,27,30,10,2691.63
202512,2025-12-01,55,4,89,35,18,31666.2
202512,2025-12-01,56,4,60,20,10,20440.8
202512,2025-12-01,57,4,87,25,18,39711.15
202512,2025-12-01,58,4,72,25,10,26880.48
202512,2025-12-01,59,4,83,25,10,8583.86
202512,2025-12-01,60,4,62,35,15,21729.76
202512,2025-12-01,61,4,69,20,18,32508.66
202512,2025-12-01,62,4,77,30,18,11387.53
202512,2025-12-01,63,4,34,20,12,10900.4
202512,2025-12-01,64,4,71,20,10,23351.9
202512,2025-12-01,65,4,64,35,10,20371.2
202512,2025-12-01,66,4,49,20,10,28496.44
202512,2025-12-01,67,4,55,20,12,6865.65
202512,2025-12-01,68,4,74,25,12,31652.76
202512,2025-12-01,69,4,63,25,10,25019.82
202512,2025-12-01,70,4,34,25,15,15577.1
202512,2025-12-01,71,4,94,30,18,34796.92
202512,2025-12-01,72,4,42,25,10,15393.84
202512,2025-12-01,73,4,47,35,12,12694.23
202512,2025-12-01,74,4,39,25,10,16344.9
202512,2025-12-01,75,4,85,30,15,14932.8
202512,2025-12-01,76,4,60,35,10,26254.2
202512,2025-12-01,77,4,56,20,18,5612.88
202512,2025-12-01,78,4,79,20,18,28832.63
202512,2025-12-01,79,4,59,20,15,12464.34
202512,2025-12-01,80,4,72,30,10,32767.92
202512,2025-12-01,81,4,30,30,12,6669.3
202512,2025-12-01,82,4,65,20,10,30791.15
202512,2025-12-01,83,4,73,25,10,29872.33
202512,2025-12-01,84,4,62,25,18,26985.5
202512,2025-12-01,85,4,70,20,10,13242.6
202512,2025-12-01,86,4,58,35,15,33173.1
202512,2025-12-01,87,4,49,20,10,22657.6
202512,2025-12-01,88,4,61,30,15,9457.44
202512,2025-12-01,89,4,59,35,10,8601.02
202512,2025-12-01,90,4,80,20,18,28738.4
202512,2025-12-01,91,4,32,20,15,14535.36
202512,2025-12-01,92,4,25,20,12,10174.0
202512,2025-12-01,93,4,45,30,18,14766.3
202512,2025-12-01,94,4,107,30,15,38157.27
202512,2025-12-01,95,4,63,30,15,11132.1
202512,2025-12-01,96,4,41,20,18,7565.73
202512,2025-12-01,97,4,62,20,15,24059.1
202512,2025-12-01,98,4,46,20,18,14765.08
202512,2025-12-01,99,4,81,25,18,33491.88
202512,2025-12-01,100,4,61,30,15,22468.74
202512,2025-12-01,1,5,46,35,18,9488.42
202512,2025-12-01,2,5,39,25,15,16713.84
202512,2025-12-01,3,5,50,20,18,18414.5
202512,2025-12-01,4,5,13,30,12,4770.87
202512,2025-12-01,5,5,53,30,10,28232.04
202512,2025-12-01,6,5,38,30,12,8634.74
202512,2025-12-01,7,5,77,20,15,15387.68
202512,2025-12-01,8,5,17,30,18,5264.56
202512,2025-12-01,9,5,7,35,18,754.32
202512,2025-12-01,10,5,58,25,15,26236.3
202512,2025-12-01,11,5,41,25,15,21745.58
202512,2025-12-01,12,5,64,35,18,4485.12
202512,2025-12-01,13,5,27,35,10,3781.35
202512,2025-12-01,14,5,60,30,12,5238.0
202512,2025-12-01,15,5,53,20,10,22234.03
202512,2025-12-01,16,5,37,35,15,9832.38
202512,2025-12-01,17,5,59,35,12,3557.7
202512,2025-12-01,18,5,26,35,10,10644.66
202512,2025-12-01,19,5,49,35,15,11909.94
202512,2025-12-01,20,5,72,35,15,45661.68
202512,2025-12-01,21,5,36,20,12,14474.52
202512,2025-12-01,22,5,31,35,12,2563.39
202512,2025-12-01,23,5,62,35,18,38854.78
202512,2025-12-01,24,5,15,20,10,3806.7
202512,2025-12-01,25,5,41,35,18,19886.23
202512,2025-12-01,26,5,38,25,18,7496.26
202512,2025-12-01,27,5,67,35,10,23411.14
202512,2025-12-01,28,5,60,25,15,34237.2
202512,2025-12-01,29,5,30,25,15,1921.2
202512,2025-12-01,30,5,18,35,18,8589.06
202512,2025-12-01,31,5,29,35,10,2701.93
202512,2025-12-01,32,5,78,20,18,15121.08
202512,2025-12-01,33,5,24,30,18,14050.08
202512,2025-12-01,34,5,37,25,18,14673.09
202512,2025-12-01,35,5,67,35,15,17758.35
202512,2025-12-01,36,5,67,20,12,9191.06
202512,2025-12-01,37,5,80,20,15,22177.6
202512,2025-12-01,38,5,74,35,12,12814.58
202512,2025-12-01,39,5,62,25,10,17219.26
202512,2025-12-01,40,5,38,25,15,13181.06
202512,2025-12-01,41,5,50,25,15,7749.0
202512,2025-12-01,42,5,45,25,12,3613.5
202512,2025-12-01,43,5,50,30,12,14231.0
202512,2025-12-01,44,5,48,30,18,2990.88
202512,2025-12-01,45,5,63,20,10,8219.61
202512,2025-12-01,46,5,63,30,15,7706.79
202512,2025-12-01,47,5,62,35,10,32948.04
202512,2025-12-01,48,5,53,35,12,20470.72
202512,2025-12-01,49,5,46,20,15,27769.74
202512,2025-12-01,50,5,47,20,15,12034.35
202512,2025-12-01,51,5,41,25,10,3739.61
202512,2025-12-01,52,5,54,30,12,31876.74
202512,2025-12-01,53,5,72,30,12,31796.64
202512,2025-12-01,54,5,84,20,12,8373.96
202512,2025-12-01,55,5,108,20,15,38426.4
202512,2025-12-01,56,5,50,30,18,17034.0
202512,2025-12-01,57,5,65,20,15,29669.25
202512,2025-12-01,58,5,40,25,15,14933.6
202512,2025-12-01,59,5,36,25,12,3723.12
202512,2025-12-01,60,5,47,25,12,16472.56
202512,2025-12-01,61,5,34,20,10,16018.76
202512,2025-12-01,62,5,44,20,12,6507.16
202512,2025-12-01,63,5,88,30,15,28212.8
202512,2025-12-01,64,5,49,25,10,16116.1
202512,2025-12-01,65,5,39,30,10,12413.7
202512,2025-12-01,66,5,47,30,10,27333.32
202512,2025-12-01,67,5,61,35,12,7614.63
202512,2025-12-01,68,5,84,30,12,35930.16
202512,2025-12-01,69,5,60,35,18,23828.4
202512,2025-12-01,70,5,49,25,15,22449.35
202512,2025-12-01,71,5,49,20,12,18138.82
202512,2025-12-01,72,5,79,20,10,28955.08
202512,2025-12-01,73,5,64,35,12,17285.76
202512,2025-12-01,74,5,85,25,10,35623.5
202512,2025-12-01,75,5,41,25,18,7202.88
202512,2025-12-01,76,5,59,20,10,25816.63
202512,2025-12-01,77,5,89,20,10,8920.47
202512,2025-12-01,78,5,62,35,12,22628.14
202512,2025-12-01,79,5,27,30,12,5704.02
202512,2025-12-01,80,5,58,35,15,26396.38
202512,2025-12-01,81,5,39,35,18,8670.09
202512,2025-12-01,82,5,78,25,15,36949.38
202512,2025-12-01,83,5,46,30,18,18823.66
202512,2025-12-01,84,5,51,35,15,22197.75
202512,2025-12-01,85,5,47,30,12,8891.46
202512,2025-12-01,86,5,58,35,12,33173.1
202512,2025-12-01,87,5,73,30,12,33755.2
202512,2025-12-01,88,5,36,25,18,5581.44
202512,2025-12-01,89,5,34,25,15,4956.52
202512,2025-12-01,90,5,33,30,15,11854.59
202512,2025-12-01,91,5,46,25,12,20894.58
202512,2025-12-01,92,5,37,30,12,15057.52
202512,2025-12-01,93,5,56,30,10,18375.84
202512,2025-12-01,94,5,70,20,18,24962.7
202512,2025-12-01,95,5,32,25,10,5654.4
202512,2025-12-01,96,5,52,30,10,9595.56
202512,2025-12-01,97,5,108,25,15,41909.4
202512,2025-12-01,98,5,51,30,15,16369.98
202512,2025-12-01,99,5,54,25,12,22327.92
202512,2025-12-01,100,5,62,35,12,22837.08
202512,2025-12-01,1,6,42,20,15,8663.34
202512,2025-12-01,2,6,66,35,18,28284.96
202512,2025-12-01,3,6,32,35,18,11785.28
202512,2025-12-01,4,6,9,35,18,3302.91
202512,2025-12-01,5,6,38,20,12,20241.84
202512,2025-12-01,6,6,31,35,15,7044.13
202512,2025-12-01,7,6,28,30,18,5595.52
202512,2025-12-01,8,6,67,20,12,20748.56
202512,2025-12-01,9,6,40,20,18,4310.4
202512,2025-12-01,10,6,31,30,12,14022.85
202512,2025-12-01,11,6,33,20,12,17502.54
202512,2025-12-01,12,6,26,35,15,1822.08
202512,2025-12-01,13,6,30,25,10,4201.5
202512,2025-12-01,14,6,27,30,12,2357.1
202512,2025-12-01,15,6,46,35,12,19297.46
202512,2025-12-01,16,6,59,20,10,15678.66
202512,2025-12-01,17,6,48,35,15,2894.4
202512,2025-12-01,18,6,36,20,15,14738.76
202512,2025-12-01,19,6,25,30,12,6076.5
202512,2025-12-01,20,6,54,20,10,34246.26
202512,2025-12-01,21,6,24,20,18,9649.68
202512,2025-12-01,22,6,73,20,15,6036.37
202512,2025-12-01,23,6,30,30,15,18800.7
202512,2025-12-01,24,6,78,25,18,19794.84
202512,2025-12-01,25,6,63,30,15,30556.89
202512,2025-12-01,26,6,76,35,15,14992.52
202512,2025-12-01,27,6,51,30,12,17820.42
202512,2025-12-01,28,6,28,25,10,15977.36
202512,2025-12-01,29,6,66,35,10,4226.64
202512,2025-12-01,30,6,59,20,15,28153.03
202512,2025-12-01,31,6,71,25,12,6615.07
202512,2025-12-01,32,6,71,25,15,13764.06
202512,2025-12-01,33,6,24,35,12,14050.08
202512,2025-12-01,34,6,47,35,18,18638.79
202512,2025-12-01,35,6,60,20,10,15903.0
202512,2025-12-01,36,6,53,20,10,7270.54
202512,2025-12-01,37,6,57,25,15,15801.54
202512,2025-12-01,38,6,35,25,15,6060.95
202512,2025-12-01,39,6,25,30,18,6943.25
202512,2025-12-01,40,6,21,30,15,7284.27
202512,2025-12-01,41,6,60,35,10,9298.8
202512,2025-12-01,42,6,83,20,18,6664.9
202512,2025-12-01,43,6,52,35,10,14800.24
202512,2025-12-01,44,6,81,25,10,5047.11
202512,2025-12-01,45,6,103,30,12,13438.41
202512,2025-12-01,46,6,45,35,15,5504.85
202512,2025-12-01,47,6,44,25,18,23382.48
202512,2025-12-01,48,6,48,35,12,18539.52
202512,2025-12-01,49,6,90,25,18,54332.1
202512,2025-12-01,50,6,41,30,10,10498.05
202512,2025-12-01,51,6,60,25,12,5472.6
202512,2025-12-01,52,6,54,20,12,31876.74
202512,2025-12-01,53,6,42,25,12,18548.04
202512,2025-12-01,54,6,44,25,15,4386.36
202512,2025-12-01,55,6,62,30,10,22059.6
202512,2025-12-01,56,6,68,35,10,23166.24
202512,2025-12-01,57,6,99,30,18,45188.55
202512,2025-12-01,58,6,12,25,10,4480.08
202512,2025-12-01,59,6,47,30,12,4860.74
202512,2025-12-01,60,6,45,35,18,15771.6
202512,2025-12-01,61,6,79,30,18,37220.06
202512,2025-12-01,62,6,58,35,18,8577.62
202512,2025-12-01,63,6,98,30,10,31418.8
202512,2025-12-01,64,6,92,35,10,30258.8
202512,2025-12-01,65,6,46,25,18,14641.8
202512,2025-12-01,66,6,67,35,18,38964.52
202512,2025-12-01,67,6,67,30,18,8363.61
202512,2025-12-01,68,6,51,20,10,21814.74
202512,2025-12-01,69,6,74,35,18,29388.36
202512,2025-12-01,70,6,78,25,12,35735.7
202512,2025-12-01,71,6,73,25,10,27023.14
202512,2025-12-01,72,6,57,25,12,20891.64
202512,2025-12-01,73,6,51,20,12,13774.59
202512,2025-12-01,74,6,66,35,12,27660.6
202512,2025-12-01,75,6,60,35,15,10540.8
202512,2025-12-01,76,6,37,35,12,16190.09
202512,2025-12-01,77,6,56,35,15,5612.88
202512,2025-12-01,78,6,63,25,12,22993.11
202512,2025-12-01,79,6,52,25,10,10985.52
202512,2025-12-01,80,6,40,30,15,18204.4
202512,2025-12-01,81,6,31,35,12,6891.61
202512,2025-12-01,82,6,83,20,18,39317.93
202512,2025-12-01,83,6,68,35,18,27826.28
202512,2025-12-01,84,6,76,20,15,33079.0
202512,2025-12-01,85,6,48,30,12,9080.64
202512,2025-12-01,86,6,75,20,12,42896.25
202512,2025-12-01,87,6,53,25,15,24507.2
202512,2025-12-01,88,6,59,30,12,9147.36
202512,2025-12-01,89,6,68,30,15,9913.04
202512,2025-12-01,90,6,77,20,10,27660.71
202512,2025-12-01,91,6,81,30,18,36792.63
202512,2025-12-01,92,6,74,30,10,30115.04
202512,2025-12-01,93,6,63,25,15,20672.82
202512,2025-12-01,94,6,63,25,10,22466.43
202512,2025-12-01,95,6,71,20,18,12545.7
202512,2025-12-01,96,6,37,25,18,6827.61
202512,2025-12-01,97,6,45,20,18,17462.25
202512,2025-12-01,98,6,83,20,15,26641.34
202512,2025-12-01,99,6,60,25,18,24808.8
202512,2025-12-01,100,6,39,30,10,14365.26
202601,2026-01-01,1,1,80,20,18,16501.6
202601,2026-01-01,2,1,34,30,15,14571.04
202601,2026-01-01,3,1,67,30,15,24675.43
202601,2026-01-01,4,1,49,30,12,17982.51
202601,2026-01-01,5,1,85,20,12,45277.8
202601,2026-01-01,6,1,82,35,12,18632.86
202601,2026-01-01,7,1,27,20,12,5395.68
202601,2026-01-01,8,1,62,35,12,19200.16
202601,2026-01-01,9,1,67,35,15,7219.92
202601,2026-01-01,10,1,83,35,12,37545.05
202601,2026-01-01,11,1,43,35,18,22806.34
202601,2026-01-01,12,1,63,35,18,4415.04
202601,2026-01-01,13,1,83,35,18,11624.15
202601,2026-01-01,14,1,53,35,15,4626.9
202601,2026-01-01,15,1,58,25,15,24331.58
202601,2026-01-01,16,1,40,35,10,10629.6
202601,2026-01-01,17,1,51,25,15,3075.3
202601,2026-01-01,18,1,61,20,18,24974.01
202601,2026-01-01,19,1,44,30,10,10694.64
202601,2026-01-01,20,1,24,30,12,15220.56
202601,2026-01-01,21,1,46,20,15,18495.22
202601,2026-01-01,22,1,67,25,18,5540.23
202601,2026-01-01,23,1,62,35,12,38854.78
202601,2026-01-01,24,1,54,25,12,13704.12
202601,2026-01-01,25,1,68,20,18,32982.04
202601,2026-01-01,26,1,47,35,10,9271.69
202601,2026-01-01,27,1,52,30,10,18169.84
202601,2026-01-01,28,1,72,20,10,41084.64
202601,2026-01-01,29,1,99,20,10,6339.96
202601,2026-01-01,30,1,50,25,10,23858.5
202601,2026-01-01,31,1,41,30,15,3819.97
202601,2026-01-01,32,1,11,20,15,2132.46
202601,2026-01-01,33,1,34,30,12,19904.28
202601,2026-01-01,34,1,48,25,18,19035.36
202601,2026-01-01,35,1,63,30,18,16698.15
202601,2026-01-01,36,1,38,25,10,5212.84
202601,2026-01-01,37,1,67,30,10,18573.74
202601,2026-01-01,38,1,15,20,10,2597.55
202601,2026-01-01,39,1,51,35,10,14164.23
202601,2026-01-01,40,1,43,35,15,14915.41
202601,2026-01-01,41,1,53,35,10,8213.94
202601,2026-01-01,42,1,97,30,10,7789.1
202601,2026-01-01,43,1,75,30,18,21346.5
202601,2026-01-01,44,1,79,25,10,4922.49
202601,2026-01-01,45,1,71,35,18,9263.37
202601,2026-01-01,46,1,21,35,18,2568.93
202601,2026-01-01,47,1,39,25,18,20725.38
202601,2026-01-01,48,1,62,35,12,23946.88
202601,2026-01-01,49,1,69,20,18,41654.61
202601,2026-01-01,50,1,83,20,10,21252.15
202601,2026-01-01,51,1,22,25,12,2006.62
202601,2026-01-01,52,1,85,35,12,50176.35
202601,2026-01-01,53,1,51,35,15,22522.62
202601,2026-01-01,54,1,51,25,12,5084.19
202601,2026-01-01,55,1,73,20,15,25973.4
202601,2026-01-01,56,1,89,35,18,30320.52
202601,2026-01-01,57,1,96,25,15,43819.2
202601,2026-01-01,58,1,50,30,18,18667.0
202601,2026-01-01,59,1,60,20,15,6205.2
202601,2026-01-01,60,1,66,30,18,23131.68
202601,2026-01-01,61,1,73,25,12,34393.22
202601,2026-01-01,62,1,83,35,18,12274.87
202601,2026-01-01,63,1,101,20,10,32380.6
202601,2026-01-01,64,1,56,20,15,18418.4
202601,2026-01-01,65,1,71,30,10,22599.3
202601,2026-01-01,66,1,74,35,18,43035.44
202601,2026-01-01,67,1,73,25,12,9112.59
202601,2026-01-01,68,1,81,35,10,34646.94
202601,2026-01-01,69,1,69,35,15,27402.66
202601,2026-01-01,70,1,92,35,18,42149.8
202601,2026-01-01,71,1,93,20,10,34426.74
202601,2026-01-01,72,1,55,30,18,20158.6
202601,2026-01-01,73,1,96,25,15,25928.64
202601,2026-01-01,74,1,83,35,18,34785.3
202601,2026-01-01,75,1,47,30,12,8256.96
202601,2026-01-01,76,1,75,25,18,32817.75
202601,2026-01-01,77,1,61,30,15,6114.03
202601,2026-01-01,78,1,53,35,10,19343.41
202601,2026-01-01,79,1,78,25,18,16478.28
202601,2026-01-01,80,1,71,25,12,32312.81
202601,2026-01-01,81,1,80,35,18,17784.8
202601,2026-01-01,82,1,88,35,18,41686.48
202601,2026-01-01,83,1,73,30,18,29872.33
202601,2026-01-01,84,1,63,30,15,27420.75
202601,2026-01-01,85,1,82,35,18,15512.76
202601,2026-01-01,86,1,40,35,15,22878.0
202601,2026-01-01,87,1,74,30,18,34217.6
202601,2026-01-01,88,1,85,20,15,13178.4
202601,2026-01-01,89,1,59,30,12,8601.02
202601,2026-01-01,90,1,69,30,18,24786.87
202601,2026-01-01,91,1,36,30,15,16352.28
202601,2026-01-01,92,1,87,20,12,35405.52
202601,2026-01-01,93,1,81,30,10,26579.34
202601,2026-01-01,94,1,44,30,12,15690.84
202601,2026-01-01,95,1,131,35,18,23147.7
202601,2026-01-01,96,1,67,25,10,12363.51
202601,2026-01-01,97,1,48,30,18,18626.4
202601,2026-01-01,98,1,101,30,12,32418.98
202601,2026-01-01,99,1,20,30,15,8269.6
202601,2026-01-01,100,1,105,20,12,38675.7
202601,2026-01-01,1,2,47,35,15,9694.69
202601,2026-01-01,2,2,45,30,10,19285.2
202601,2026-01-01,3,2,85,35,10,31304.65
202601,2026-01-01,4,2,36,30,12,13211.64
202601,2026-01-01,5,2,64,25,12,34091.52
202601,2026-01-01,6,2,59,30,18,13406.57
202601,2026-01-01,7,2,55,25,12,10991.2
202601,2026-01-01,8,2,70,20,12,21677.6
202601,2026-01-01,9,2,77,35,18,8297.52
202601,2026-01-01,10,2,50,30,10,22617.5
202601,2026-01-01,11,2,32,30,10,16972.16
202601,2026-01-01,12,2,32,35,12,2242.56
202601,2026-01-01,13,2,54,35,12,7562.7
202601,2026-01-01,14,2,70,20,15,6111.0
202601,2026-01-01,15,2,38,20,15,15941.38
202601,2026-01-01,16,2,76,20,18,20196.24
202601,2026-01-01,17,2,85,25,12,5125.5
202601,2026-01-01,18,2,68,30,10,27839.88
202601,2026-01-01,19,2,66,30,10,16041.96
202601,2026-01-01,20,2,21,20,12,13317.99
202601,2026-01-01,21,2,78,35,15,31361.46
202601,2026-01-01,22,2,80,25,18,6615.2
202601,2026-01-01,23,2,74,35,12,46375.06
202601,2026-01-01,24,2,42,25,15,10658.76
202601,2026-01-01,25,2,84,35,18,40742.52
202601,2026-01-01,26,2,70,30,18,13808.9
202601,2026-01-01,27,2,77,30,18,26905.34
202601,2026-01-01,28,2,47,35,10,26819.14
202601,2026-01-01,29,2,56,25,12,3586.24
202601,2026-01-01,30,2,54,25,18,25767.18
202601,2026-01-01,31,2,86,25,18,8012.62
202601,2026-01-01,32,2,38,30,10,7366.68
202601,2026-01-01,33,2,52,30,12,30441.84
202601,2026-01-01,34,2,54,20,15,21414.78
202601,2026-01-01,35,2,56,20,10,14842.8
202601,2026-01-01,36,2,24,20,10,3292.32
202601,2026-01-01,37,2,77,25,18,21345.94
202601,2026-01-01,38,2,95,35,10,16451.15
202601,2026-01-01,39,2,60,35,10,16663.8
202601,2026-01-01,40,2,53,30,10,18384.11
202601,2026-01-01,41,2,74,35,15,11468.52
202601,2026-01-01,42,2,72,30,18,5781.6
202601,2026-01-01,43,2,75,35,18,21346.5
202601,2026-01-01,44,2,99,25,12,6168.69
202601,2026-01-01,45,2,57,25,10,7436.79
202601,2026-01-01,46,2,70,35,10,8563.1
202601,2026-01-01,47,2,76,30,15,40387.92
202601,2026-01-01,48,2,93,25,15,35920.32
202601,2026-01-01,49,2,74,35,15,44673.06
202601,2026-01-01,50,2,64,30,18,16387.2
202601,2026-01-01,51,2,74,25,15,6749.54
202601,2026-01-01,52,2,51,20,15,30105.81
202601,2026-01-01,53,2,71,25,18,31355.02
202601,2026-01-01,54,2,79,20,12,7875.51
202601,2026-01-01,55,2,65,35,10,23127.0
202601,2026-01-01,56,2,79,35,18,26913.72
202601,2026-01-01,57,2,98,30,18,44732.1
202601,2026-01-01,58,2,81,35,10,30240.54
202601,2026-01-01,59,2,76,35,10,7859.92
202601,2026-01-01,60,2,65,20,12,22781.2
202601,2026-01-01,61,2,43,25,12,20259.02
202601,2026-01-01,62,2,63,35,10,9317.07
202601,2026-01-01,63,2,50,25,10,16030.0
202601,2026-01-01,64,2,42,25,12,13813.8
202601,2026-01-01,65,2,72,35,18,22917.6
202601,2026-01-01,66,2,64,30,15,37219.84
202601,2026-01-01,67,2,56,30,10,6990.48
202601,2026-01-01,68,2,69,25,12,29514.06
202601,2026-01-01,69,2,56,35,18,22239.84
202601,2026-01-01,70,2,49,35,10,22449.35
202601,2026-01-01,71,2,67,30,10,24802.06
202601,2026-01-01,72,2,50,35,10,18326.0
202601,2026-01-01,73,2,77,20,18,20796.93
202601,2026-01-01,74,2,66,30,10,27660.6
202601,2026-01-01,75,2,63,20,18,11067.84
202601,2026-01-01,76,2,49,30,10,21440.93
202601,2026-01-01,77,2,93,35,10,9321.39
202601,2026-01-01,78,2,74,35,12,27007.78
202601,2026-01-01,79,2,66,30,18,13943.16
202601,2026-01-01,80,2,61,30,12,27761.71
202601,2026-01-01,81,2,54,20,12,12004.74
202601,2026-01-01,82,2,85,30,15,40265.35
202601,2026-01-01,83,2,80,35,12,32736.8
202601,2026-01-01,84,2,77,35,15,33514.25
202601,2026-01-01,85,2,107,30,10,20242.26
202601,2026-01-01,86,2,81,30,15,46327.95
202601,2026-01-01,87,2,47,25,18,21732.8
202601,2026-01-01,88,2,88,25,10,13643.52
202601,2026-01-01,89,2,36,20,12,5248.08
202601,2026-01-01,90,2,73,20,18,26223.79
202601,2026-01-01,91,2,49,25,18,22257.27
202601,2026-01-01,92,2,25,30,12,10174.0
202601,2026-01-01,93,2,60,20,18,19688.4
202601,2026-01-01,94,2,90,35,15,32094.9
202601,2026-01-01,95,2,56,30,15,9895.2
202601,2026-01-01,96,2,49,30,10,9041.97
202601,2026-01-01,97,2,77,30,12,29879.85
202601,2026-01-01,98,2,66,20,12,21184.68
202601,2026-01-01,99,2,71,25,10,29357.08
202601,2026-01-01,100,2,64,35,15,23573.76
202601,2026-01-01,1,3,46,35,10,9488.42
202601,2026-01-01,2,3,60,30,12,25713.6
202601,2026-01-01,3,3,64,35,10,23570.56
202601,2026-01-01,4,3,65,20,15,23854.35
202601,2026-01-01,5,3,54,25,12,28764.72
202601,2026-01-01,6,3,54,20,12,12270.42
202601,2026-01-01,7,3,57,35,18,11390.88
202601,2026-01-01,8,3,39,25,12,12077.52
202601,2026-01-01,9,3,36,20,12,3879.36
202601,2026-01-01,10,3,82,25,15,37092.7
202601,2026-01-01,11,3,54,35,15,28640.52
202601,2026-01-01,12,3,93,30,10,6517.44
202601,2026-01-01,13,3,16,25,10,2240.8
202601,2026-01-01,14,3,28,35,10,2444.4
202601,2026-01-01,15,3,61,30,15,25590.11
202601,2026-01-01,16,3,47,20,12,12489.78
202601,2026-01-01,17,3,51,35,12,3075.3
202601,2026-01-01,18,3,67,25,10,27430.47
202601,2026-01-01,19,3,63,20,12,15312.78
202601,2026-01-01,20,3,42,30,12,26635.98
202601,2026-01-01,21,3,43,20,15,17289.01
202601,2026-01-01,22,3,23,20,10,1901.87
202601,2026-01-01,23,3,34,30,12,21307.46
202601,2026-01-01,24,3,47,25,10,11927.66
202601,2026-01-01,25,3,17,25,10,8245.51
202601,2026-01-01,26,3,85,35,12,16767.95
202601,2026-01-01,27,3,67,20,15,23411.14
202601,2026-01-01,28,3,64,20,10,36519.68
202601,2026-01-01,29,3,86,25,10,5507.44
202601,2026-01-01,30,3,34,30,15,16223.78
202601,2026-01-01,31,3,49,30,18,4565.33
202601,2026-01-01,32,3,47,25,15,9111.42
202601,2026-01-01,33,3,76,35,18,44491.92
202601,2026-01-01,34,3,41,35,12,16259.37
202601,2026-01-01,35,3,73,25,15,19348.65
202601,2026-01-01,36,3,35,30,15,4801.3
202601,2026-01-01,37,3,42,25,10,11643.24
202601,2026-01-01,38,3,43,30,10,7446.31
202601,2026-01-01,39,3,26,25,18,7220.98
202601,2026-01-01,40,3,51,25,12,17690.37
202601,2026-01-01,41,3,65,25,18,10073.7
202601,2026-01-01,42,3,72,30,12,5781.6
202601,2026-01-01,43,3,62,30,10,17646.44
202601,2026-01-01,44,3,78,30,12,4860.18
202601,2026-01-01,45,3,57,30,15,7436.79
202601,2026-01-01,46,3,74,35,18,9052.42
202601,2026-01-01,47,3,13,20,15,6908.46
202601,2026-01-01,48,3,105,30,10,40555.2
202601,2026-01-01,49,3,58,25,10,35014.02
202601,2026-01-01,50,3,108,20,18,27653.4
202601,2026-01-01,51,3,64,30,15,5837.44
202601,2026-01-01,52,3,44,30,18,25973.64
202601,2026-01-01,53,3,64,35,10,28263.68
202601,2026-01-01,54,3,62,30,10,6180.78
202601,2026-01-01,55,3,51,30,15,18145.8
202601,2026-01-01,56,3,77,20,15,26232.36
202601,2026-01-01,57,3,97,20,12,44275.65
202601,2026-01-01,58,3,53,30,15,19787.02
202601,2026-01-01,59,3,47,35,15,4860.74
202601,2026-01-01,60,3,73,20,12,25585.04
202601,2026-01-01,61,3,87,30,10,40989.18
202601,2026-01-01,62,3,103,35,18,15232.67
202601,2026-01-01,63,3,99,30,15,31739.4
202601,2026-01-01,64,3,65,30,12,21378.5
202601,2026-01-01,65,3,75,30,15,23872.5
202601,2026-01-01,66,3,68,20,10,39546.08
202601,2026-01-01,67,3,63,25,12,7864.29
202601,2026-01-01,68,3,83,35,18,35502.42
202601,2026-01-01,69,3,62,30,15,24622.68
202601,2026-01-01,70,3,78,35,18,35735.7
202601,2026-01-01,71,3,104,35,18,38498.72
202601,2026-01-01,72,3,81,30,15,29688.12
202601,2026-01-01,73,3,72,25,15,19446.48
202601,2026-01-01,74,3,64,30,10,26822.4
202601,2026-01-01,75,3,66,25,12,11594.88
202601,2026-01-01,76,3,88,35,12,38506.16
202601,2026-01-01,77,3,62,30,12,6214.26
202601,2026-01-01,78,3,65,35,18,23723.05
202601,2026-01-01,79,3,76,20,10,16055.76
202601,2026-01-01,80,3,84,35,10,38229.24
202601,2026-01-01,81,3,80,30,15,17784.8
202601,2026-01-01,82,3,49,30,15,23211.79
202601,2026-01-01,83,3,89,30,18,36419.69
202601,2026-01-01,84,3,71,35,15,30902.75
202601,2026-01-01,85,3,55,20,18,10404.9
202601,2026-01-01,86,3,70,35,12,40036.5
202601,2026-01-01,87,3,20,25,15,9248.0
202601,2026-01-01,88,3,60,35,18,9302.4
202601,2026-01-01,89,3,86,20,12,12537.08
202601,2026-01-01,90,3,66,30,15,23709.18
202601,2026-01-01,91,3,98,25,15,44514.54
202601,2026-01-01,92,3,95,20,12,38661.2
202601,2026-01-01,93,3,87,35,18,28548.18
202601,2026-01-01,94,3,66,35,15,23536.26
202601,2026-01-01,95,3,75,20,18,13252.5
202601,2026-01-01,96,3,75,30,10,13839.75
202601,2026-01-01,97,3,77,25,12,29879.85
202601,2026-01-01,98,3,68,35,12,21826.64
202601,2026-01-01,99,3,43,35,18,17779.64
202601,2026-01-01,100,3,74,30,12,27257.16
202601,2026-01-01,1,4,12,20,15,2475.24
202601,2026-01-01,2,4,86,30,10,36856.16
202601,2026-01-01,3,4,62,25,15,22833.98
202601,2026-01-01,4,4,54,20,18,19817.46
202601,2026-01-01,5,4,60,20,10,31960.8
202601,2026-01-01,6,4,71,30,15,16133.33
202601,2026-01-01,7,4,64,30,15,12789.76
202601,2026-01-01,8,4,54,25,15,16722.72
202601,2026-01-01,9,4,43,30,15,4633.68
202601,2026-01-01,10,4,67,30,15,30307.45
202601,2026-01-01,11,4,68,35,12,36065.84
202601,2026-01-01,12,4,56,20,18,3924.48
202601,2026-01-01,13,4,65,25,12,9103.25
202601,2026-01-01,14,4,50,30,18,4365.0
202601,2026-01-01,15,4,30,35,18,12585.3
202601,2026-01-01,16,4,40,20,15,10629.6
202601,2026-01-01,17,4,29,20,15,1748.7
202601,2026-01-01,18,4,41,20,10,16785.81
202601,2026-01-01,19,4,38,35,10,9236.28
202601,2026-01-01,20,4,46,30,12,29172.74
202601,2026-01-01,21,4,69,20,18,27742.83
202601,2026-01-01,22,4,52,20,15,4299.88
202601,2026-01-01,23,4,33,30,18,20680.77
202601,2026-01-01,24,4,65,30,12,16495.7
202601,2026-01-01,25,4,40,20,18,19401.2
202601,2026-01-01,26,4,51,25,12,10060.77
202601,2026-01-01,27,4,55,35,18,19218.1
202601,2026-01-01,28,4,47,20,12,26819.14
202601,2026-01-01,29,4,35,20,18,2241.4
202601,2026-01-01,30,4,62,20,15,29584.54
202601,2026-01-01,31,4,76,20,10,7080.92
202601,2026-01-01,32,4,34,20,15,6591.24
202601,2026-01-01,33,4,67,30,12,39223.14
202601,2026-01-01,34,4,91,20,10,36087.87
202601,2026-01-01,35,4,52,20,15,13782.6
202601,2026-01-01,36,4,69,25,12,9465.42
202601,2026-01-01,37,4,47,20,12,13029.34
202601,2026-01-01,38,4,48,35,15,8312.16
202601,2026-01-01,39,4,64,20,10,17774.72
202601,2026-01-01,40,4,77,25,12,26708.99
202601,2026-01-01,41,4,91,25,18,14103.18
202601,2026-01-01,42,4,56,25,18,4496.8
202601,2026-01-01,43,4,66,20,12,18784.92
202601,2026-01-01,44,4,73,20,12,4548.63
202601,2026-01-01,45,4,88,35,12,11481.36
202601,2026-01-01,46,4,62,20,12,7584.46
202601,2026-01-01,47,4,85,30,15,45170.7
202601,2026-01-01,48,4,57,35,10,22015.68
202601,2026-01-01,49,4,79,35,18,47691.51
202601,2026-01-01,50,4,82,35,18,20996.1
202601,2026-01-01,51,4,71,25,15,6475.91
202601,2026-01-01,52,4,104,25,10,61392.24
202601,2026-01-01,53,4,55,25,15,24289.1
202601,2026-01-01,54,4,59,20,12,5881.71
202601,2026-01-01,55,4,80,30,12,28464.0
202601,2026-01-01,56,4,87,35,18,29639.16
202601,2026-01-01,57,4,68,30,18,31038.6
202601,2026-01-01,58,4,59,30,12,22027.06
202601,2026-01-01,59,4,66,35,15,6825.72
202601,2026-01-01,60,4,90,30,10,31543.2
202601,2026-01-01,61,4,73,30,18,34393.22
202601,2026-01-01,62,4,90,25,12,13310.1
202601,2026-01-01,63,4,70,35,18,22442.0
202601,2026-01-01,64,4,54,35,12,17760.6
202601,2026-01-01,65,4,102,35,15,32466.6
202601,2026-01-01,66,4,63,20,18,36638.28
202601,2026-01-01,67,4,80,35,15,9986.4
202601,2026-01-01,68,4,77,30,12,32935.98
202601,2026-01-01,69,4,37,30,18,14694.18
202601,2026-01-01,70,4,58,35,10,26572.7
202601,2026-01-01,71,4,75,30,15,27763.5
202601,2026-01-01,72,4,102,35,12,37385.04
202601,2026-01-01,73,4,80,30,12,21607.2
202601,2026-01-01,74,4,93,20,15,38976.3
202601,2026-01-01,75,4,98,30,18,17216.64
202601,2026-01-01,76,4,76,35,15,33255.32
202601,2026-01-01,77,4,77,25,12,7717.71
202601,2026-01-01,78,4,76,30,10,27737.72
202601,2026-01-01,79,4,90,25,18,19013.4
202601,2026-01-01,80,4,57,20,18,25941.27
202601,2026-01-01,81,4,55,30,18,12227.05
202601,2026-01-01,82,4,71,35,18,33633.41
202601,2026-01-01,83,4,88,20,10,36010.48
202601,2026-01-01,84,4,49,25,12,21327.25
202601,2026-01-01,85,4,70,25,12,13242.6
202601,2026-01-01,86,4,51,25,15,29169.45
202601,2026-01-01,87,4,67,35,18,30980.8
202601,2026-01-01,88,4,68,25,12,10542.72
202601,2026-01-01,89,4,53,20,12,7726.34
202601,2026-01-01,90,4,60,35,12,21553.8
202601,2026-01-01,91,4,28,25,18,12718.44
202601,2026-01-01,92,4,95,30,10,38661.2
202601,2026-01-01,93,4,42,35,10,13781.88
202601,2026-01-01,94,4,84,25,18,29955.24
202601,2026-01-01,95,4,83,35,15,14666.1
202601,2026-01-01,96,4,118,30,18,21774.54
202601,2026-01-01,97,4,97,25,10,37640.85
202601,2026-01-01,98,4,62,30,15,19900.76
202601,2026-01-01,99,4,75,30,18,31011.0
202601,2026-01-01,100,4,75,30,18,27625.5
202601,2026-01-01,1,5,67,35,15,13820.09
202601,2026-01-01,2,5,32,35,18,13713.92
202601,2026-01-01,3,5,84,20,10,30936.36
202601,2026-01-01,4,5,65,30,15,23854.35
202601,2026-01-01,5,5,30,20,12,15980.4
202601,2026-01-01,6,5,50,35,18,11361.5
202601,2026-01-01,7,5,53,35,15,10591.52
202601,2026-01-01,8,5,61,30,15,18890.48
202601,2026-01-01,9,5,65,25,18,7004.4
202601,2026-01-01,10,5,68,25,12,30759.8
202601,2026-01-01,11,5,0,35,10,0.0
202601,2026-01-01,12,5,49,30,18,3433.92
202601,2026-01-01,13,5,72,20,15,10083.6
202601,2026-01-01,14,5,79,35,15,6896.7
202601,2026-01-01,15,5,42,25,15,17619.42
202601,2026-01-01,16,5,77,30,12,20461.98
202601,2026-01-01,17,5,32,20,10,1929.6
202601,2026-01-01,18,5,57,30,12,23336.37
202601,2026-01-01,19,5,70,20,18,17014.2
202601,2026-01-01,20,5,12,35,15,7610.28
202601,2026-01-01,21,5,50,35,10,20103.5
202601,2026-01-01,22,5,59,30,12,4878.71
202601,2026-01-01,23,5,63,20,12,39481.47
202601,2026-01-01,24,5,40,30,10,10151.2
202601,2026-01-01,25,5,46,20,15,22311.38
202601,2026-01-01,26,5,36,20,15,7101.72
202601,2026-01-01,27,5,78,35,15,27254.76
202601,2026-01-01,28,5,68,20,12,38802.16
202601,2026-01-01,29,5,67,25,15,4290.68
202601,2026-01-01,30,5,60,30,10,28630.2
202601,2026-01-01,31,5,98,20,15,9130.66
202601,2026-01-01,32,5,78,25,12,15121.08
202601,2026-01-01,33,5,23,25,18,13464.66
202601,2026-01-01,34,5,77,35,18,30535.89
202601,2026-01-01,35,5,42,25,12,11132.1
202601,2026-01-01,36,5,62,35,10,8505.16
202601,2026-01-01,37,5,55,30,12,15247.1
202601,2026-01-01,38,5,37,25,12,6407.29
202601,2026-01-01,39,5,67,20,10,18607.91
202601,2026-01-01,40,5,47,35,10,16302.89
202601,2026-01-01,41,5,73,20,18,11313.54
202601,2026-01-01,42,5,86,20,10,6905.8
202601,2026-01-01,43,5,61,30,12,17361.82
202601,2026-01-01,44,5,85,25,10,5296.35
202601,2026-01-01,45,5,99,30,15,12916.53
202601,2026-01-01,46,5,82,35,15,10031.06
202601,2026-01-01,47,5,66,35,15,35073.72
202601,2026-01-01,48,5,87,20,15,33602.88
202601,2026-01-01,49,5,61,25,18,36825.09
202601,2026-01-01,50,5,121,20,12,30982.05
202601,2026-01-01,51,5,87,30,18,7935.27
202601,2026-01-01,52,5,61,20,10,36008.91
202601,2026-01-01,53,5,89,30,12,39304.18
202601,2026-01-01,54,5,65,30,12,6479.85
202601,2026-01-01,55,5,69,20,15,24550.2
202601,2026-01-01,56,5,63,20,18,21462.84
202601,2026-01-01,57,5,69,35,15,31495.05
202601,2026-01-01,58,5,52,20,12,19413.68
202601,2026-01-01,59,5,49,20,18,5067.58
202601,2026-01-01,60,5,92,20,10,32244.16
202601,2026-01-01,61,5,82,25,12,38633.48
202601,2026-01-01,62,5,59,20,18,8725.51
202601,2026-01-01,63,5,92,35,15,29495.2
202601,2026-01-01,64,5,103,30,12,33876.7
202601,2026-01-01,65,5,75,35,10,23872.5
202601,2026-01-01,66,5,56,30,18,32567.36
202601,2026-01-01,67,5,64,25,12,7989.12
202601,2026-01-01,68,5,59,20,15,25236.66
202601,2026-01-01,69,5,38,25,10,15091.32
202601,2026-01-01,70,5,98,25,18,44898.7
202601,2026-01-01,71,5,72,30,12,26652.96
202601,2026-01-01,72,5,54,20,12,19792.08
202601,2026-01-01,73,5,97,35,18,26198.73
202601,2026-01-01,74,5,61,35,15,25565.1
202601,2026-01-01,75,5,94,35,10,16513.92
202601,2026-01-01,76,5,79,25,12,34568.03
202601,2026-01-01,77,5,81,25,18,8118.63
202601,2026-01-01,78,5,79,20,18,28832.63
202601,2026-01-01,79,5,61,30,15,12886.86
202601,2026-01-01,80,5,73,20,18,33223.03
202601,2026-01-01,81,5,91,25,15,20230.21
202601,2026-01-01,82,5,48,35,15,22738.08
202601,2026-01-01,83,5,74,30,15,30281.54
202601,2026-01-01,84,5,76,25,18,33079.0
202601,2026-01-01,85,5,93,35,12,17593.74
202601,2026-01-01,86,5,104,20,12,59482.8
202601,2026-01-01,87,5,83,35,18,38379.2
202601,2026-01-01,88,5,62,20,12,9612.48
202601,2026-01-01,89,5,62,35,15,9038.36
202601,2026-01-01,90,5,58,20,10,20835.34
202601,2026-01-01,91,5,63,20,15,28616.49
202601,2026-01-01,92,5,53,35,18,21568.88
202601,2026-01-01,93,5,64,20,18,21000.96
202601,2026-01-01,94,5,60,20,15,21396.6
202601,2026-01-01,95,5,74,35,10,13075.8
202601,2026-01-01,96,5,49,20,12,9041.97
202601,2026-01-01,97,5,97,20,10,37640.85
202601,2026-01-01,98,5,56,35,18,17974.88
202601,2026-01-01,99,5,94,25,12,38867.12
202601,2026-01-01,100,5,78,25,15,28730.52
202601,2026-01-01,1,6,61,25,12,12582.47
202601,2026-01-01,2,6,63,25,10,26999.28
202601,2026-01-01,3,6,39,30,15,14363.31
202601,2026-01-01,4,6,54,30,15,19817.46
202601,2026-01-01,5,6,63,20,18,33558.84
202601,2026-01-01,6,6,56,30,18,12724.88
202601,2026-01-01,7,6,26,20,18,5195.84
202601,2026-01-01,8,6,93,30,12,28800.24
202601,2026-01-01,9,6,36,25,10,3879.36
202601,2026-01-01,10,6,21,25,10,9499.35
202601,2026-01-01,11,6,103,25,15,54629.14
202601,2026-01-01,12,6,69,25,18,4835.52
202601,2026-01-01,13,6,49,30,18,6862.45
202601,2026-01-01,14,6,65,30,15,5674.5
202601,2026-01-01,15,6,44,20,10,18458.44
202601,2026-01-01,16,6,55,25,10,14615.7
202601,2026-01-01,17,6,38,30,10,2291.4
202601,2026-01-01,18,6,55,20,15,22517.55
202601,2026-01-01,19,6,58,30,10,14097.48
202601,2026-01-01,20,6,33,30,10,20928.27
202601,2026-01-01,21,6,88,20,12,35382.16
202601,2026-01-01,22,6,37,25,15,3059.53
202601,2026-01-01,23,6,56,35,15,35094.64
202601,2026-01-01,24,6,35,25,12,8882.3
202601,2026-01-01,25,6,59,35,12,28616.77
202601,2026-01-01,26,6,37,25,10,7298.99
202601,2026-01-01,27,6,67,30,18,23411.14
202601,2026-01-01,28,6,64,30,15,36519.68
202601,2026-01-01,29,6,43,25,18,2753.72
202601,2026-01-01,30,6,42,20,10,20041.14
202601,2026-01-01,31,6,42,30,10,3913.14
202601,2026-01-01,32,6,74,35,15,14345.64
202601,2026-01-01,33,6,80,25,18,46833.6
202601,2026-01-01,34,6,73,35,10,28949.61
202601,2026-01-01,35,6,51,25,10,13517.55
202601,2026-01-01,36,6,68,35,10,9328.24
202601,2026-01-01,37,6,93,30,18,25781.46
202601,2026-01-01,38,6,9,20,10,1558.53
202601,2026-01-01,39,6,73,25,15,20274.29
202601,2026-01-01,40,6,36,25,12,12487.32
202601,2026-01-01,41,6,42,25,18,6509.16
202601,2026-01-01,42,6,89,20,18,7146.7
202601,2026-01-01,43,6,56,30,18,15938.72
202601,2026-01-01,44,6,61,20,18,3800.91
202601,2026-01-01,45,6,55,35,18,7175.85
202601,2026-01-01,46,6,93,30,10,11376.69
202601,2026-01-01,47,6,58,30,10,30822.36
202601,2026-01-01,48,6,52,35,12,20084.48
202601,2026-01-01,49,6,80,25,10,48295.2
202601,2026-01-01,50,6,46,20,10,11778.3
202601,2026-01-01,51,6,48,30,15,4378.08
202601,2026-01-01,52,6,51,20,18,30105.81
202601,2026-01-01,53,6,66,25,12,29146.92
202601,2026-01-01,54,6,55,20,18,5482.95
202601,2026-01-01,55,6,51,25,18,18145.8
202601,2026-01-01,56,6,75,30,18,25551.0
202601,2026-01-01,57,6,75,20,15,34233.75
202601,2026-01-01,58,6,99,30,10,36960.66
202601,2026-01-01,59,6,98,35,15,10135.16
202601,2026-01-01,60,6,42,30,15,14720.16
202601,2026-01-01,61,6,100,25,15,47114.0
202601,2026-01-01,62,6,78,25,15,11535.42
202601,2026-01-01,63,6,67,35,10,21480.2
202601,2026-01-01,64,6,70,35,18,23023.0
202601,2026-01-01,65,6,60,30,10,19098.0
202601,2026-01-01,66,6,65,30,18,37801.4
202601,2026-01-01,67,6,85,25,10,10610.55
202601,2026-01-01,68,6,110,35,15,47051.4
202601,2026-01-01,69,6,63,35,12,25019.82
202601,2026-01-01,70,6,71,25,18,32528.65
202601,2026-01-01,71,6,46,20,12,17028.28
202601,2026-01-01,72,6,95,35,10,34819.4
202601,2026-01-01,73,6,93,25,18,25118.37
202601,2026-01-01,74,6,109,20,10,45681.9
202601,2026-01-01,75,6,74,35,10,13000.32
202601,2026-01-01,76,6,113,20,10,49445.41
202601,2026-01-01,77,6,88,25,18,8820.24
202601,2026-01-01,78,6,89,20,10,32482.33
202601,2026-01-01,79,6,85,30,10,17957.1
202601,2026-01-01,80,6,58,20,18,26396.38
202601,2026-01-01,81,6,45,20,10,10003.95
202601,2026-01-01,82,6,61,25,12,28896.31
202601,2026-01-01,83,6,65,35,18,26598.65
202601,2026-01-01,84,6,89,25,10,38737.25
202601,2026-01-01,85,6,81,30,18,15323.58
202601,2026-01-01,86,6,59,35,18,33745.05
202601,2026-01-01,87,6,58,35,10,26819.2
202601,2026-01-01,88,6,107,20,15,16589.28
202601,2026-01-01,89,6,59,35,12,8601.02
202601,2026-01-01,90,6,89,35,12,31971.47
202601,2026-01-01,91,6,88,20,10,39972.24
202601,2026-01-01,92,6,95,30,18,38661.2
202601,2026-01-01,93,6,59,35,15,19360.26
202601,2026-01-01,94,6,92,35,10,32808.12
202601,2026-01-01,95,6,50,35,18,8835.0
202601,2026-01-01,96,6,93,25,15,17161.29
202601,2026-01-01,97,6,65,30,18,25223.25
202601,2026-01-01,98,6,60,20,12,19258.8
202601,2026-01-01,99,6,37,25,10,15298.76
202601,2026-01-01,100,6,36,30,10,13260.24
202602,2026-02-01,1,1,58,25,15,11963.66
202602,2026-02-01,2,1,55,35,12,23570.8
202602,2026-02-01,3,1,28,35,15,10312.12
202602,2026-02-01,4,1,44,25,15,16147.56
202602,2026-02-01,5,1,65,20,10,34624.2
202602,2026-02-01,6,1,63,35,15,14315.49
202602,2026-02-01,7,1,46,20,18,9192.64
202602,2026-02-01,8,1,39,35,15,12077.52
202602,2026-02-01,9,1,50,35,18,5388.0
202602,2026-02-01,10,1,38,25,15,17189.3
202602,2026-02-01,11,1,62,20,12,32883.56
202602,2026-02-01,12,1,59,20,18,4134.72
202602,2026-02-01,13,1,53,35,15,7422.65
202602,2026-02-01,14,1,73,35,15,6372.9
202602,2026-02-01,15,1,36,35,18,15102.36
202602,2026-02-01,16,1,57,25,15,15147.18
202602,2026-02-01,17,1,60,30,15,3618.0
202602,2026-02-01,18,1,72,25,12,29477.52
202602,2026-02-01,19,1,49,30,18,11909.94
202602,2026-02-01,20,1,99,35,10,62784.81
202602,2026-02-01,21,1,66,25,15,26536.62
202602,2026-02-01,22,1,60,25,10,4961.4
202602,2026-02-01,23,1,57,20,12,35721.33
202602,2026-02-01,24,1,66,20,18,16749.48
202602,2026-02-01,25,1,15,30,18,7275.45
202602,2026-02-01,26,1,48,20,12,9468.96
202602,2026-02-01,27,1,47,35,18,16422.74
202602,2026-02-01,28,1,68,20,10,38802.16
202602,2026-02-01,29,1,67,35,12,4290.68
202602,2026-02-01,30,1,51,25,15,24335.67
202602,2026-02-01,31,1,60,25,10,5590.2
202602,2026-02-01,32,1,57,25,10,11050.02
202602,2026-02-01,33,1,17,25,18,9952.14
202602,2026-02-01,34,1,34,25,10,13483.38
202602,2026-02-01,35,1,43,30,18,11397.15
202602,2026-02-01,36,1,25,25,18,3429.5
202602,2026-02-01,37,1,89,30,12,24672.58
202602,2026-02-01,38,1,53,25,15,9178.01
202602,2026-02-01,39,1,48,30,12,13331.04
202602,2026-02-01,40,1,53,35,12,18384.11
202602,2026-02-01,41,1,84,20,12,13018.32
202602,2026-02-01,42,1,84,30,18,6745.2
202602,2026-02-01,43,1,63,30,18,17931.06
202602,2026-02-01,44,1,31,20,10,1931.61
202602,2026-02-01,45,1,67,25,12,8741.49
202602,2026-02-01,46,1,74,35,12,9052.42
202602,2026-02-01,47,1,32,30,15,17005.44
202602,2026-02-01,48,1,54,20,18,20856.96
202602,2026-02-01,49,1,88,25,12,53124.72
202602,2026-02-01,50,1,69,25,12,17667.45
202602,2026-02-01,51,1,89,25,10,8117.69
202602,2026-02-01,52,1,49,35,18,28925.19
202602,2026-02-01,53,1,67,35,15,29588.54
202602,2026-02-01,54,1,92,20,12,9171.48
202602,2026-02-01,55,1,108,30,18,38426.4
202602,2026-02-01,56,1,69,30,10,23506.92
202602,2026-02-01,57,1,86,30,15,39254.7
202602,2026-02-01,58,1,81,35,18,30240.54
202602,2026-02-01,59,1,45,35,10,4653.9
202602,2026-02-01,60,1,89,35,15,31192.72
202602,2026-02-01,61,1,52,25,10,24499.28
202602,2026-02-01,62,1,96,25,15,14197.44
202602,2026-02-01,63,1,68,25,15,21800.8
202602,2026-02-01,64,1,87,30,12,28614.3
202602,2026-02-01,65,1,81,30,12,25782.3
202602,2026-02-01,66,1,51,20,10,29659.56
202602,2026-02-01,67,1,58,30,18,7240.14
202602,2026-02-01,68,1,68,30,10,29086.32
202602,2026-02-01,69,1,65,25,18,25814.1
202602,2026-02-01,70,1,62,25,10,28405.3
202602,2026-02-01,71,1,105,30,10,38868.9
202602,2026-02-01,72,1,100,25,18,36652.0
202602,2026-02-01,73,1,56,30,18,15125.04
202602,2026-02-01,74,1,59,30,18,24726.9
202602,2026-02-01,75,1,38,25,15,6675.84
202602,2026-02-01,76,1,96,25,12,42006.72
202602,2026-02-01,77,1,94,20,18,9421.62
202602,2026-02-01,78,1,59,35,18,21533.23
202602,2026-02-01,79,1,85,20,15,17957.1
202602,2026-02-01,80,1,113,30,10,51427.43
202602,2026-02-01,81,1,91,35,15,20230.21
202602,2026-02-01,82,1,57,25,15,27001.47
202602,2026-02-01,83,1,84,30,10,34373.64
202602,2026-02-01,84,1,65,20,10,28291.25
202602,2026-02-01,85,1,62,20,15,11729.16
202602,2026-02-01,86,1,69,25,18,39464.55
202602,2026-02-01,87,1,36,35,15,16646.4
202602,2026-02-01,88,1,59,25,15,9147.36
202602,2026-02-01,89,1,57,30,12,8309.46
202602,2026-02-01,90,1,72,20,10,25864.56
202602,2026-02-01,91,1,43,20,10,19531.89
202602,2026-02-01,92,1,78,35,10,31742.88
202602,2026-02-01,93,1,79,25,12,25923.06
202602,2026-02-01,94,1,45,25,15,16047.45
202602,2026-02-01,95,1,82,35,15,14489.4
202602,2026-02-01,96,1,62,25,15,11440.86
202602,2026-02-01,97,1,81,20,10,31432.05
202602,2026-02-01,98,1,50,20,15,16049.0
202602,2026-02-01,99,1,85,35,10,35145.8
202602,2026-02-01,100,1,31,25,15,11418.54
202602,2026-02-01,1,2,40,35,15,8250.8
202602,2026-02-01,2,2,54,35,10,23142.24
202602,2026-02-01,3,2,34,20,18,12521.86
202602,2026-02-01,4,2,83,30,12,30460.17
202602,2026-02-01,5,2,37,35,12,19709.16
202602,2026-02-01,6,2,76,30,15,17269.48
202602,2026-02-01,7,2,62,30,15,12390.08
202602,2026-02-01,8,2,62,35,12,19200.16
202602,2026-02-01,9,2,65,20,12,7004.4
202602,2026-02-01,10,2,95,20,12,42973.25
202602,2026-02-01,11,2,48,30,15,25458.24
202602,2026-02-01,12,2,81,35,12,5676.48
202602,2026-02-01,13,2,65,25,12,9103.25
202602,2026-02-01,14,2,42,30,10,3666.6
202602,2026-02-01,15,2,48,35,10,20136.48
202602,2026-02-01,16,2,51,35,12,13552.74
202602,2026-02-01,17,2,70,30,12,4221.0
202602,2026-02-01,18,2,55,30,18,22517.55
202602,2026-02-01,19,2,48,35,10,11666.88
202602,2026-02-01,20,2,79,30,15,50101.01
202602,2026-02-01,21,2,84,35,10,33773.88
202602,2026-02-01,22,2,45,20,18,3721.05
202602,2026-02-01,23,2,72,20,12,45121.68
202602,2026-02-01,24,2,66,20,10,16749.48
202602,2026-02-01,25,2,44,35,15,21341.32
202602,2026-02-01,26,2,41,20,18,8088.07
202602,2026-02-01,27,2,62,25,15,21664.04
202602,2026-02-01,28,2,56,25,10,31954.72
202602,2026-02-01,29,2,33,30,10,2113.32
202602,2026-02-01,30,2,52,25,10,24812.84
202602,2026-02-01,31,2,76,25,12,7080.92
202602,2026-02-01,32,2,49,30,10,9499.14
202602,2026-02-01,33,2,32,35,15,18733.44
202602,2026-02-01,34,2,83,35,10,32915.31
202602,2026-02-01,35,2,37,35,10,9806.85
202602,2026-02-01,36,2,59,30,18,8093.62
202602,2026-02-01,37,2,88,30,10,24395.36
202602,2026-02-01,38,2,46,30,15,7965.82
202602,2026-02-01,39,2,95,20,12,26384.35
202602,2026-02-01,40,2,66,25,12,22893.42
202602,2026-02-01,41,2,49,35,18,7594.02
202602,2026-02-01,42,2,63,30,10,5058.9
202602,2026-02-01,43,2,93,25,15,26469.66
202602,2026-02-01,44,2,79,20,15,4922.49
202602,2026-02-01,45,2,109,35,15,14221.23
202602,2026-02-01,46,2,62,20,18,7584.46
202602,2026-02-01,47,2,77,20,15,40919.34
202602,2026-02-01,48,2,44,35,12,16994.56
202602,2026-02-01,49,2,82,20,15,49502.58
202602,2026-02-01,50,2,44,25,15,11266.2
202602,2026-02-01,51,2,25,25,12,2280.25
202602,2026-02-01,52,2,68,20,10,40141.08
202602,2026-02-01,53,2,73,20,15,32238.26
202602,2026-02-01,54,2,83,25,15,8274.27
202602,2026-02-01,55,2,84,20,15,29887.2
202602,2026-02-01,56,2,80,20,15,27254.4
202602,2026-02-01,57,2,67,20,10,30582.15
202602,2026-02-01,58,2,66,25,15,24640.44
202602,2026-02-01,59,2,107,35,12,11065.94
202602,2026-02-01,60,2,59,20,15,20678.32
202602,2026-02-01,61,2,69,25,18,32508.66
202602,2026-02-01,62,2,71,30,12,10500.19
202602,2026-02-01,63,2,100,20,10,32060.0
202602,2026-02-01,64,2,92,25,10,30258.8
202602,2026-02-01,65,2,63,20,18,20052.9
202602,2026-02-01,66,2,67,30,10,38964.52
202602,2026-02-01,67,2,98,25,10,12233.34
202602,2026-02-01,68,2,81,30,15,34646.94
202602,2026-02-01,69,2,29,35,18,11517.06
202602,2026-02-01,70,2,53,35,15,24281.95
202602,2026-02-01,71,2,84,30,10,31095.12
202602,2026-02-01,72,2,75,25,18,27489.0
202602,2026-02-01,73,2,69,25,10,18636.21
202602,2026-02-01,74,2,44,25,18,18440.4
202602,2026-02-01,75,2,69,35,15,12121.92
202602,2026-02-01,76,2,91,20,18,39818.87
202602,2026-02-01,77,2,75,30,15,7517.25
202602,2026-02-01,78,2,93,20,15,33942.21
202602,2026-02-01,79,2,75,25,12,15844.5
202602,2026-02-01,80,2,56,20,10,25486.16
202602,2026-02-01,81,2,85,20,10,18896.35
202602,2026-02-01,82,2,86,25,10,40739.06
202602,2026-02-01,83,2,39,30,12,15959.19
202602,2026-02-01,84,2,70,25,10,30467.5
202602,2026-02-01,85,2,73,30,18,13810.14
202602,2026-02-01,86,2,60,25,12,34317.0
202602,2026-02-01,87,2,60,30,12,27744.0
202602,2026-02-01,88,2,52,30,10,8062.08
202602,2026-02-01,89,2,61,25,12,8892.58
202602,2026-02-01,90,2,84,30,18,30175.32
202602,2026-02-01,91,2,79,25,18,35884.17
202602,2026-02-01,92,2,65,35,10,26452.4
202602,2026-02-01,93,2,96,25,12,31501.44
202602,2026-02-01,94,2,105,20,12,37444.05
202602,2026-02-01,95,2,66,30,12,11662.2
202602,2026-02-01,96,2,65,30,12,11994.45
202602,2026-02-01,97,2,75,25,18,29103.75
202602,2026-02-01,98,2,76,35,10,24394.48
202602,2026-02-01,99,2,101,35,18,41761.48
202602,2026-02-01,100,2,64,35,10,23573.76
202602,2026-02-01,1,3,60,30,12,12376.2
202602,2026-02-01,2,3,2,25,18,857.12
202602,2026-02-01,3,3,66,35,18,24307.14
202602,2026-02-01,4,3,97,35,15,35598.03
202602,2026-02-01,5,3,43,20,18,22905.24
202602,2026-02-01,6,3,71,35,12,16133.33
202602,2026-02-01,7,3,28,20,10,5595.52
202602,2026-02-01,8,3,50,35,15,15484.0
202602,2026-02-01,9,3,94,25,15,10129.44
202602,2026-02-01,10,3,93,20,10,42068.55
202602,2026-02-01,11,3,82,25,12,43491.16
202602,2026-02-01,12,3,48,20,15,3363.84
202602,2026-02-01,13,3,14,20,10,1960.7
202602,2026-02-01,14,3,75,35,12,6547.5
202602,2026-02-01,15,3,93,30,18,39014.43
202602,2026-02-01,16,3,50,25,15,13287.0
202602,2026-02-01,17,3,36,30,12,2170.8
202602,2026-02-01,18,3,28,35,15,11463.48
202602,2026-02-01,19,3,57,30,10,13854.42
202602,2026-02-01,20,3,46,35,12,29172.74
202602,2026-02-01,21,3,68,25,18,27340.76
202602,2026-02-01,22,3,49,35,12,4051.81
202602,2026-02-01,23,3,62,30,12,38854.78
202602,2026-02-01,24,3,63,25,10,15988.14
202602,2026-02-01,25,3,64,25,12,31041.92
202602,2026-02-01,26,3,57,35,12,11244.39
202602,2026-02-01,27,3,61,25,18,21314.62
202602,2026-02-01,28,3,57,35,10,32525.34
202602,2026-02-01,29,3,73,35,10,4674.92
202602,2026-02-01,30,3,75,30,12,35787.75
202602,2026-02-01,31,3,86,25,15,8012.62
202602,2026-02-01,32,3,46,35,12,8917.56
202602,2026-02-01,33,3,48,20,15,28100.16
202602,2026-02-01,34,3,65,25,10,25777.05
202602,2026-02-01,35,3,39,20,18,10336.95
202602,2026-02-01,36,3,37,25,10,5075.66
202602,2026-02-01,37,3,60,25,15,16633.2
202602,2026-02-01,38,3,41,25,15,7099.97
202602,2026-02-01,39,3,55,35,10,15275.15
202602,2026-02-01,40,3,37,30,10,12834.19
202602,2026-02-01,41,3,63,35,10,9763.74
202602,2026-02-01,42,3,99,35,18,7949.7
202602,2026-02-01,43,3,53,30,10,15084.86
202602,2026-02-01,44,3,65,30,15,4050.15
202602,2026-02-01,45,3,94,35,12,12264.18
202602,2026-02-01,46,3,59,30,18,7217.47
202602,2026-02-01,47,3,89,35,18,47296.38
202602,2026-02-01,48,3,70,35,12,27036.8
202602,2026-02-01,49,3,88,20,12,53124.72
202602,2026-02-01,50,3,73,20,15,18691.65
202602,2026-02-01,51,3,74,30,10,6749.54
202602,2026-02-01,52,3,92,30,15,54308.52
202602,2026-02-01,53,3,23,30,15,10157.26
202602,2026-02-01,54,3,83,25,12,8274.27
202602,2026-02-01,55,3,47,30,15,16722.6
202602,2026-02-01,56,3,70,30,10,23847.6
202602,2026-02-01,57,3,51,25,12,23278.95
202602,2026-02-01,58,3,75,20,15,28000.5
202602,2026-02-01,59,3,82,20,15,8480.44
202602,2026-02-01,60,3,90,30,10,31543.2
202602,2026-02-01,61,3,78,35,12,36748.92
202602,2026-02-01,62,3,43,30,10,6359.27
202602,2026-02-01,63,3,84,20,10,26930.4
202602,2026-02-01,64,3,66,35,18,21707.4
202602,2026-02-01,65,3,80,30,15,25464.0
202602,2026-02-01,66,3,84,20,12,48851.04
202602,2026-02-01,67,3,55,35,12,6865.65
202602,2026-02-01,68,3,93,35,15,39779.82
202602,2026-02-01,69,3,109,20,15,43288.26
202602,2026-02-01,70,3,69,20,15,31612.35
202602,2026-02-01,71,3,64,20,18,23691.52
202602,2026-02-01,72,3,65,25,18,23823.8
202602,2026-02-01,73,3,102,25,12,27549.18
202602,2026-02-01,74,3,48,25,15,20116.8
202602,2026-02-01,75,3,57,25,18,10013.76
202602,2026-02-01,76,3,69,35,18,30192.33
202602,2026-02-01,77,3,56,20,12,5612.88
202602,2026-02-01,78,3,75,25,12,27372.75
202602,2026-02-01,79,3,89,20,12,18802.14
202602,2026-02-01,80,3,60,20,18,27306.6
202602,2026-02-01,81,3,41,20,12,9114.71
202602,2026-02-01,82,3,60,30,15,28422.6
202602,2026-02-01,83,3,96,35,15,39284.16
202602,2026-02-01,84,3,64,25,10,27856.0
202602,2026-02-01,85,3,73,20,12,13810.14
202602,2026-02-01,86,3,68,35,15,38892.6
202602,2026-02-01,87,3,74,35,12,34217.6
202602,2026-02-01,88,3,51,35,12,7907.04
202602,2026-02-01,89,3,81,20,10,11808.18
202602,2026-02-01,90,3,90,30,12,32330.7
202602,2026-02-01,91,3,91,25,10,41334.93
202602,2026-02-01,92,3,34,20,18,13836.64
202602,2026-02-01,93,3,108,25,12,35439.12
202602,2026-02-01,94,3,76,20,18,27102.36
202602,2026-02-01,95,3,97,30,15,17139.9
202602,2026-02-01,96,3,23,20,10,4244.19
202602,2026-02-01,97,3,41,25,10,15910.05
202602,2026-02-01,98,3,60,20,12,19258.8
202602,2026-02-01,99,3,60,35,15,24808.8
202602,2026-02-01,100,3,59,30,10,21732.06
202602,2026-02-01,1,4,69,20,10,14232.63
202602,2026-02-01,2,4,76,25,10,32570.56
202602,2026-02-01,3,4,54,25,15,19887.66
202602,2026-02-01,4,4,47,20,15,17248.53
202602,2026-02-01,5,4,88,20,10,46875.84
202602,2026-02-01,6,4,57,35,10,12952.11
202602,2026-02-01,7,4,64,25,15,12789.76
202602,2026-02-01,8,4,51,35,10,15793.68
202602,2026-02-01,9,4,35,35,18,3771.6
202602,2026-02-01,10,4,63,35,12,28498.05
202602,2026-02-01,11,4,71,25,10,37656.98
202602,2026-02-01,12,4,70,30,18,4905.6
202602,2026-02-01,13,4,57,20,12,7982.85
202602,2026-02-01,14,4,52,25,10,4539.6
202602,2026-02-01,15,4,44,30,12,18458.44
202602,2026-02-01,16,4,74,30,18,19664.76
202602,2026-02-01,17,4,46,30,12,2773.8
202602,2026-02-01,18,4,44,25,15,18014.04
202602,2026-02-01,19,4,57,30,12,13854.42
202602,2026-02-01,20,4,36,20,10,22830.84
202602,2026-02-01,21,4,46,35,15,18495.22
202602,2026-02-01,22,4,18,20,10,1488.42
202602,2026-02-01,23,4,70,20,15,43868.3
202602,2026-02-01,24,4,74,35,10,18779.72
202602,2026-02-01,25,4,22,20,10,10670.66
202602,2026-02-01,26,4,55,30,10,10849.85
202602,2026-02-01,27,4,47,25,10,16422.74
202602,2026-02-01,28,4,91,25,15,51926.42
202602,2026-02-01,29,4,29,30,15,1857.16
202602,2026-02-01,30,4,42,35,15,20041.14
202602,2026-02-01,31,4,73,25,10,6801.41
202602,2026-02-01,32,4,63,35,12,12213.18
202602,2026-02-01,33,4,60,25,12,35125.2
202602,2026-02-01,34,4,48,30,18,19035.36
202602,2026-02-01,35,4,21,35,12,5566.05
202602,2026-02-01,36,4,46,20,18,6310.28
202602,2026-02-01,37,4,49,35,10,13583.78
202602,2026-02-01,38,4,50,35,18,8658.5
202602,2026-02-01,39,4,45,35,18,12497.85
202602,2026-02-01,40,4,48,35,18,16649.76
202602,2026-02-01,41,4,64,30,10,9918.72
202602,2026-02-01,42,4,100,25,18,8030.0
202602,2026-02-01,43,4,54,35,10,15369.48
202602,2026-02-01,44,4,52,25,12,3240.12
202602,2026-02-01,45,4,63,20,12,8219.61
202602,2026-02-01,46,4,67,35,12,8196.11
202602,2026-02-01,47,4,60,20,15,31885.2
202602,2026-02-01,48,4,79,35,12,30512.96
202602,2026-02-01,49,4,70,20,15,42258.3
202602,2026-02-01,50,4,43,30,10,11010.15
202602,2026-02-01,51,4,79,30,15,7205.59
202602,2026-02-01,52,4,76,30,18,44863.56
202602,2026-02-01,53,4,65,20,18,28705.3
202602,2026-02-01,54,4,101,25,15,10068.69
202602,2026-02-01,55,4,88,20,10,31310.4
202602,2026-02-01,56,4,42,35,18,14308.56
202602,2026-02-01,57,4,89,30,10,40624.05
202602,2026-02-01,58,4,69,25,10,25760.46
202602,2026-02-01,59,4,88,30,18,9100.96
202602,2026-02-01,60,4,59,30,15,20678.32
202602,2026-02-01,61,4,72,25,10,33922.08
202602,2026-02-01,62,4,63,30,12,9317.07
202602,2026-02-01,63,4,46,35,12,14747.6
202602,2026-02-01,64,4,64,20,15,21049.6
202602,2026-02-01,65,4,93,30,15,29601.9
202602,2026-02-01,66,4,28,25,12,16283.68
202602,2026-02-01,67,4,85,25,18,10610.55
202602,2026-02-01,68,4,82,20,15,35074.68
202602,2026-02-01,69,4,86,30,10,34154.04
202602,2026-02-01,70,4,68,35,12,31154.2
202602,2026-02-01,71,4,72,30,18,26652.96
202602,2026-02-01,72,4,48,35,10,17592.96
202602,2026-02-01,73,4,94,25,10,25388.46
202602,2026-02-01,74,4,80,35,10,33528.0
202602,2026-02-01,75,4,67,30,12,11770.56
202602,2026-02-01,76,4,48,35,15,21003.36
202602,2026-02-01,77,4,53,25,10,5312.19
202602,2026-02-01,78,4,60,30,15,21898.2
202602,2026-02-01,79,4,85,30,15,17957.1
202602,2026-02-01,80,4,100,25,15,45511.0
202602,2026-02-01,81,4,84,30,15,18674.04
202602,2026-02-01,82,4,89,20,18,42160.19
202602,2026-02-01,83,4,77,35,18,31509.17
202602,2026-02-01,84,4,41,35,12,17845.25
202602,2026-02-01,85,4,70,25,10,13242.6
202602,2026-02-01,86,4,110,20,10,62914.5
202602,2026-02-01,87,4,74,35,12,34217.6
202602,2026-02-01,88,4,56,20,15,8682.24
202602,2026-02-01,89,4,82,20,15,11953.96
202602,2026-02-01,90,4,62,35,10,22272.26
202602,2026-02-01,91,4,69,20,12,31341.87
202602,2026-02-01,92,4,65,30,18,26452.4
202602,2026-02-01,93,4,80,20,18,26251.2
202602,2026-02-01,94,4,88,30,18,31381.68
202602,2026-02-01,95,4,29,20,15,5124.3
202602,2026-02-01,96,4,76,20,10,14024.28
202602,2026-02-01,97,4,93,30,18,36088.65
202602,2026-02-01,98,4,76,35,18,24394.48
202602,2026-02-01,99,4,53,20,18,21914.44
202602,2026-02-01,100,4,50,30,15,18417.0
202602,2026-02-01,1,5,87,25,18,17945.49
202602,2026-02-01,2,5,64,25,15,27427.84
202602,2026-02-01,3,5,45,30,18,16573.05
202602,2026-02-01,4,5,52,20,15,19083.48
202602,2026-02-01,5,5,89,35,18,47408.52
202602,2026-02-01,6,5,14,20,10,3181.22
202602,2026-02-01,7,5,55,20,10,10991.2
202602,2026-02-01,8,5,44,35,18,13625.92
202602,2026-02-01,9,5,52,20,12,5603.52
202602,2026-02-01,10,5,41,25,12,18546.35
202602,2026-02-01,11,5,51,30,18,27049.38
202602,2026-02-01,12,5,65,20,15,4555.2
202602,2026-02-01,13,5,43,30,12,6022.15
202602,2026-02-01,14,5,65,20,18,5674.5
202602,2026-02-01,15,5,45,25,12,18877.95
202602,2026-02-01,16,5,91,30,18,24182.34
202602,2026-02-01,17,5,53,35,18,3195.9
202602,2026-02-01,18,5,48,30,10,19651.68
202602,2026-02-01,19,5,38,25,10,9236.28
202602,2026-02-01,20,5,41,30,12,26001.79
202602,2026-02-01,21,5,74,20,18,29753.18
202602,2026-02-01,22,5,62,35,12,5126.78
202602,2026-02-01,23,5,68,30,18,42614.92
202602,2026-02-01,24,5,40,25,15,10151.2
202602,2026-02-01,25,5,65,35,10,31526.95
202602,2026-02-01,26,5,16,30,10,3156.32
202602,2026-02-01,27,5,87,20,12,30399.54
202602,2026-02-01,28,5,71,20,10,40514.02
202602,2026-02-01,29,5,47,35,15,3009.88
202602,2026-02-01,30,5,61,25,12,29107.37
202602,2026-02-01,31,5,71,25,10,6615.07
202602,2026-02-01,32,5,54,30,15,10468.44
202602,2026-02-01,33,5,45,35,15,26343.9
202602,2026-02-01,34,5,125,20,10,49571.25
202602,2026-02-01,35,5,17,25,18,4505.85
202602,2026-02-01,36,5,27,30,10,3703.86
202602,2026-02-01,37,5,53,35,10,14692.66
202602,2026-02-01,38,5,54,20,12,9351.18
202602,2026-02-01,39,5,43,30,12,11942.39
202602,2026-02-01,40,5,64,35,15,22199.68
202602,2026-02-01,41,5,58,25,12,8988.84
202602,2026-02-01,42,5,56,30,18,4496.8
202602,2026-02-01,43,5,74,35,15,21061.88
202602,2026-02-01,44,5,94,20,15,5857.14
202602,2026-02-01,45,5,84,25,18,10959.48
202602,2026-02-01,46,5,58,25,15,7095.14
202602,2026-02-01,47,5,77,20,12,40919.34
202602,2026-02-01,48,5,84,25,10,32444.16
202602,2026-02-01,49,5,70,20,15,42258.3
202602,2026-02-01,50,5,70,30,10,17923.5
202602,2026-02-01,51,5,95,20,10,8664.95
202602,2026-02-01,52,5,96,20,12,56669.76
202602,2026-02-01,53,5,87,20,18,38420.94
202602,2026-02-01,54,5,65,20,18,6479.85
202602,2026-02-01,55,5,67,20,12,23838.6
202602,2026-02-01,56,5,53,35,12,18056.04
202602,2026-02-01,57,5,51,20,10,23278.95
202602,2026-02-01,58,5,58,30,12,21653.72
202602,2026-02-01,59,5,66,25,10,6825.72
202602,2026-02-01,60,5,46,30,15,16122.08
202602,2026-02-01,61,5,59,25,18,27797.26
202602,2026-02-01,62,5,59,35,12,8725.51
202602,2026-02-01,63,5,70,30,12,22442.0
202602,2026-02-01,64,5,64,30,12,21049.6
202602,2026-02-01,65,5,65,30,18,20689.5
202602,2026-02-01,66,5,85,20,10,49432.6
202602,2026-02-01,67,5,90,35,10,11234.7
202602,2026-02-01,68,5,67,30,15,28658.58
202602,2026-02-01,69,5,105,30,12,41699.7
202602,2026-02-01,70,5,78,35,10,35735.7
202602,2026-02-01,71,5,82,30,15,30354.76
202602,2026-02-01,72,5,27,30,12,9896.04
202602,2026-02-01,73,5,98,35,15,26468.82
202602,2026-02-01,74,5,63,25,18,26403.3
202602,2026-02-01,75,5,74,25,15,13000.32
202602,2026-02-01,76,5,74,20,10,32380.18
202602,2026-02-01,77,5,58,30,15,5813.34
202602,2026-02-01,78,5,79,20,12,28832.63
202602,2026-02-01,79,5,50,25,12,10563.0
202602,2026-02-01,80,5,72,25,15,32767.92
202602,2026-02-01,81,5,41,30,12,9114.71
202602,2026-02-01,82,5,99,30,10,46897.29
202602,2026-02-01,83,5,51,25,15,20869.71
202602,2026-02-01,84,5,104,25,10,45266.0
202602,2026-02-01,85,5,66,30,10,12485.88
202602,2026-02-01,86,5,73,35,15,41752.35
202602,2026-02-01,87,5,75,20,18,34680.0
202602,2026-02-01,88,5,46,20,18,7131.84
202602,2026-02-01,89,5,76,25,15,11079.28
202602,2026-02-01,90,5,70,30,15,25146.1
202602,2026-02-01,91,5,47,25,15,21348.81
202602,2026-02-01,92,5,84,25,15,34184.64
202602,2026-02-01,93,5,87,35,18,28548.18
202602,2026-02-01,94,5,34,35,18,12124.74
202602,2026-02-01,95,5,54,30,15,9541.8
202602,2026-02-01,96,5,100,30,18,18453.0
202602,2026-02-01,97,5,32,30,12,12417.6
202602,2026-02-01,98,5,88,20,15,28246.24
202602,2026-02-01,99,5,73,35,15,30184.04
202602,2026-02-01,100,5,39,20,10,14365.26
202602,2026-02-01,1,6,36,35,10,7425.72
202602,2026-02-01,2,6,45,35,12,19285.2
202602,2026-02-01,3,6,39,35,15,14363.31
202602,2026-02-01,4,6,55,35,12,20184.45
202602,2026-02-01,5,6,59,35,15,31428.12
202602,2026-02-01,6,6,58,30,12,13179.34
202602,2026-02-01,7,6,27,35,18,5395.68
202602,2026-02-01,8,6,45,25,15,13935.6
202602,2026-02-01,9,6,21,30,18,2262.96
202602,2026-02-01,10,6,55,20,10,24879.25
202602,2026-02-01,11,6,29,25,10,15381.02
202602,2026-02-01,12,6,68,20,15,4765.44
202602,2026-02-01,13,6,34,20,18,4761.7
202602,2026-02-01,14,6,52,25,15,4539.6
202602,2026-02-01,15,6,77,30,15,32302.27
202602,2026-02-01,16,6,59,25,18,15678.66
202602,2026-02-01,17,6,73,20,10,4401.9
202602,2026-02-01,18,6,19,35,10,7778.79
202602,2026-02-01,19,6,67,25,12,16285.02
202602,2026-02-01,20,6,37,30,18,23465.03
202602,2026-02-01,21,6,72,20,18,28949.04
202602,2026-02-01,22,6,54,25,18,4465.26
202602,2026-02-01,23,6,38,25,15,23814.22
202602,2026-02-01,24,6,59,20,18,14973.02
202602,2026-02-01,25,6,49,30,12,23766.47
202602,2026-02-01,26,6,57,20,18,11244.39
202602,2026-02-01,27,6,55,20,12,19218.1
202602,2026-02-01,28,6,85,25,15,48502.7
202602,2026-02-01,29,6,73,20,12,4674.92
202602,2026-02-01,30,6,87,30,12,41513.79
202602,2026-02-01,31,6,41,30,15,3819.97
202602,2026-02-01,32,6,78,25,18,15121.08
202602,2026-02-01,33,6,40,30,12,23416.8
202602,2026-02-01,34,6,43,25,18,17052.51
202602,2026-02-01,35,6,79,20,18,20938.95
202602,2026-02-01,36,6,72,30,18,9876.96
202602,2026-02-01,37,6,82,30,15,22732.04
202602,2026-02-01,38,6,98,30,15,16970.66
202602,2026-02-01,39,6,79,30,18,21940.67
202602,2026-02-01,40,6,32,20,12,11099.84
202602,2026-02-01,41,6,108,35,12,16737.84
202602,2026-02-01,42,6,59,20,18,4737.7
202602,2026-02-01,43,6,84,30,12,23908.08
202602,2026-02-01,44,6,64,35,10,3987.84
202602,2026-02-01,45,6,78,25,12,10176.66
202602,2026-02-01,46,6,55,25,15,6728.15
202602,2026-02-01,47,6,51,20,12,27102.42
202602,2026-02-01,48,6,76,25,12,29354.24
202602,2026-02-01,49,6,54,35,12,32599.26
202602,2026-02-01,50,6,87,35,18,22276.35
202602,2026-02-01,51,6,82,20,18,7479.22
202602,2026-02-01,52,6,96,35,15,56669.76
202602,2026-02-01,53,6,76,20,15,33563.12
202602,2026-02-01,54,6,66,20,15,6579.54
202602,2026-02-01,55,6,62,35,15,22059.6
202602,2026-02-01,56,6,62,30,10,21122.16
202602,2026-02-01,57,6,69,20,12,31495.05
202602,2026-02-01,58,6,58,35,12,21653.72
202602,2026-02-01,59,6,74,20,10,7653.08
202602,2026-02-01,60,6,110,20,15,38552.8
202602,2026-02-01,61,6,68,20,12,32037.52
202602,2026-02-01,62,6,57,25,12,8429.73
202602,2026-02-01,63,6,67,20,18,21480.2
202602,2026-02-01,64,6,42,30,15,13813.8
202602,2026-02-01,65,6,51,30,12,16233.3
202602,2026-02-01,66,6,75,25,18,43617.0
202602,2026-02-01,67,6,61,35,18,7614.63
202602,2026-02-01,68,6,49,35,15,20959.26
202602,2026-02-01,69,6,74,25,12,29388.36
202602,2026-02-01,70,6,94,25,15,43066.1
202602,2026-02-01,71,6,81,30,12,29984.58
202602,2026-02-01,72,6,48,25,18,17592.96
202602,2026-02-01,73,6,67,25,12,18096.03
202602,2026-02-01,74,6,73,35,12,30594.3
202602,2026-02-01,75,6,80,35,12,14054.4
202602,2026-02-01,76,6,68,20,15,29754.76
202602,2026-02-01,77,6,99,20,10,9922.77
202602,2026-02-01,78,6,46,20,12,16788.62
202602,2026-02-01,79,6,95,35,10,20069.7
202602,2026-02-01,80,6,73,35,18,33223.03
202602,2026-02-01,81,6,54,25,10,12004.74
202602,2026-02-01,82,6,80,30,12,37896.8
202602,2026-02-01,83,6,80,30,18,32736.8
202602,2026-02-01,84,6,76,35,15,33079.0
202602,2026-02-01,85,6,71,25,18,13431.78
202602,2026-02-01,86,6,90,20,15,51475.5
202602,2026-02-01,87,6,87,30,18,40228.8
202602,2026-02-01,88,6,66,25,10,10232.64
202602,2026-02-01,89,6,114,20,15,16618.92
202602,2026-02-01,90,6,91,25,10,32689.93
202602,2026-02-01,91,6,113,25,10,51327.99
202602,2026-02-01,92,6,69,35,12,28080.24
202602,2026-02-01,93,6,69,20,15,22641.66
202602,2026-02-01,94,6,110,20,18,39227.1
202602,2026-02-01,95,6,49,25,12,8658.3
202602,2026-02-01,96,6,52,35,18,9595.56
202602,2026-02-01,97,6,63,25,10,24447.15
202602,2026-02-01,98,6,77,25,18,24715.46
202602,2026-02-01,99,6,85,25,15,35145.8
202602,2026-02-01,100,6,73,20,15,26888.82
202603,2026-03-01,1,1,39,30,10,8044.53
202603,2026-03-01,2,1,25,25,18,10714.0
202603,2026-03-01,3,1,48,30,10,17677.92
202603,2026-03-01,4,1,39,25,18,14312.61
202603,2026-03-01,5,1,36,20,10,19176.48
202603,2026-03-01,6,1,67,20,18,15224.41
202603,2026-03-01,7,1,51,25,12,10191.84
202603,2026-03-01,8,1,39,20,18,12077.52
202603,2026-03-01,9,1,31,20,12,3340.56
202603,2026-03-01,10,1,71,20,15,32116.85
202603,2026-03-01,11,1,60,30,12,31822.8
202603,2026-03-01,12,1,23,25,15,1611.84
202603,2026-03-01,13,1,63,35,10,8823.15
202603,2026-03-01,14,1,20,25,12,1746.0
202603,2026-03-01,15,1,35,25,10,14682.85
202603,2026-03-01,16,1,26,30,18,6909.24
202603,2026-03-01,17,1,46,30,10,2773.8
202603,2026-03-01,18,1,35,35,15,14329.35
202603,2026-03-01,19,1,46,35,10,11180.76
202603,2026-03-01,20,1,58,25,12,36783.02
202603,2026-03-01,21,1,60,25,10,24124.2
202603,2026-03-01,22,1,64,20,18,5292.16
202603,2026-03-01,23,1,63,20,15,39481.47
202603,2026-03-01,24,1,45,20,18,11420.1
202603,2026-03-01,25,1,35,30,10,16976.05
202603,2026-03-01,26,1,64,25,15,12625.28
202603,2026-03-01,27,1,75,20,12,26206.5
202603,2026-03-01,28,1,69,20,10,39372.78
202603,2026-03-01,29,1,55,35,18,3522.2
202603,2026-03-01,30,1,78,35,15,37219.26
202603,2026-03-01,31,1,40,35,15,3726.8
202603,2026-03-01,32,1,97,30,15,18804.42
202603,2026-03-01,33,1,47,20,15,27514.74
202603,2026-03-01,34,1,49,20,15,19431.93
202603,2026-03-01,35,1,75,30,10,19878.75
202603,2026-03-01,36,1,35,30,18,4801.3
202603,2026-03-01,37,1,53,25,12,14692.66
202603,2026-03-01,38,1,76,35,18,13160.92
202603,2026-03-01,39,1,89,30,18,24717.97
202603,2026-03-01,40,1,88,25,18,30524.56
202603,2026-03-01,41,1,54,25,18,8368.92
202603,2026-03-01,42,1,71,30,10,5701.3
202603,2026-03-01,43,1,81,20,15,23054.22
202603,2026-03-01,44,1,104,25,10,6480.24
202603,2026-03-01,45,1,75,30,12,9785.25
202603,2026-03-01,46,1,103,30,15,12599.99
202603,2026-03-01,47,1,94,20,15,49953.48
202603,2026-03-01,48,1,69,35,12,26650.56
202603,2026-03-01,49,1,80,20,18,48295.2
202603,2026-03-01,50,1,70,35,15,17923.5
202603,2026-03-01,51,1,63,25,15,5746.23
202603,2026-03-01,52,1,70,25,15,41321.7
202603,2026-03-01,53,1,89,20,18,39304.18
202603,2026-03-01,54,1,64,35,18,6380.16
202603,2026-03-01,55,1,85,30,10,30243.0
202603,2026-03-01,56,1,95,35,18,32364.6
202603,2026-03-01,57,1,92,30,15,41993.4
202603,2026-03-01,58,1,127,35,15,47414.18
202603,2026-03-01,59,1,80,20,10,8273.6
202603,2026-03-01,60,1,43,20,18,15070.64
202603,2026-03-01,61,1,65,35,18,30624.1
202603,2026-03-01,62,1,77,25,18,11387.53
202603,2026-03-01,63,1,68,30,10,21800.8
202603,2026-03-01,64,1,50,35,12,16445.0
202603,2026-03-01,65,1,100,35,15,31830.0
202603,2026-03-01,66,1,39,25,18,22680.84
202603,2026-03-01,67,1,64,35,10,7989.12
202603,2026-03-01,68,1,54,20,12,23097.96
202603,2026-03-01,69,1,90,30,12,35742.6
202603,2026-03-01,70,1,66,20,18,30237.9
202603,2026-03-01,71,1,68,30,15,25172.24
202603,2026-03-01,72,1,80,25,15,29321.6
202603,2026-03-01,73,1,71,25,18,19176.39
202603,2026-03-01,74,1,64,20,15,26822.4
202603,2026-03-01,75,1,84,35,10,14757.12
202603,2026-03-01,76,1,66,30,10,28879.62
202603,2026-03-01,77,1,88,35,12,8820.24
202603,2026-03-01,78,1,53,35,15,19343.41
202603,2026-03-01,79,1,51,20,18,10774.26
202603,2026-03-01,80,1,61,30,18,27761.71
202603,2026-03-01,81,1,85,25,18,18896.35
202603,2026-03-01,82,1,67,25,10,31738.57
202603,2026-03-01,83,1,97,25,12,39693.37
202603,2026-03-01,84,1,74,35,12,32208.5
202603,2026-03-01,85,1,81,30,18,15323.58
202603,2026-03-01,86,1,90,20,12,51475.5
202603,2026-03-01,87,1,72,30,18,33292.8
202603,2026-03-01,88,1,74,35,12,11472.96
202603,2026-03-01,89,1,105,20,12,15306.9
202603,2026-03-01,90,1,81,25,10,29097.63
202603,2026-03-01,91,1,61,20,15,27708.03
202603,2026-03-01,92,1,84,35,15,34184.64
202603,2026-03-01,93,1,73,20,15,23954.22
202603,2026-03-01,94,1,57,25,12,20326.77
202603,2026-03-01,95,1,64,30,12,11308.8
202603,2026-03-01,96,1,56,30,18,10333.68
202603,2026-03-01,97,1,71,35,10,27551.55
202603,2026-03-01,98,1,48,20,10,15407.04
202603,2026-03-01,99,1,65,30,18,26876.2
202603,2026-03-01,100,1,64,25,18,23573.76
202603,2026-03-01,1,2,33,20,12,6806.91
202603,2026-03-01,2,2,69,20,12,29570.64
202603,2026-03-01,3,2,43,30,10,15836.47
202603,2026-03-01,4,2,43,25,18,15780.57
202603,2026-03-01,5,2,69,30,12,36754.92
202603,2026-03-01,6,2,53,25,15,12043.19
202603,2026-03-01,7,2,55,35,15,10991.2
202603,2026-03-01,8,2,70,35,18,21677.6
202603,2026-03-01,9,2,63,20,18,6788.88
202603,2026-03-01,10,2,71,20,18,32116.85
202603,2026-03-01,11,2,40,20,10,21215.2
202603,2026-03-01,12,2,61,35,15,4274.88
202603,2026-03-01,13,2,66,35,10,9243.3
202603,2026-03-01,14,2,36,30,12,3142.8
202603,2026-03-01,15,2,68,25,18,28526.68
202603,2026-03-01,16,2,61,20,10,16210.14
202603,2026-03-01,17,2,57,30,10,3437.1
202603,2026-03-01,18,2,65,35,15,26611.65
202603,2026-03-01,19,2,51,30,12,12396.06
202603,2026-03-01,20,2,69,35,18,43759.11
202603,2026-03-01,21,2,75,20,18,30155.25
202603,2026-03-01,22,2,36,25,18,2976.84
202603,2026-03-01,23,2,62,35,12,38854.78
202603,2026-03-01,24,2,34,20,15,8628.52
202603,2026-03-01,25,2,69,35,18,33467.07
202603,2026-03-01,26,2,47,30,10,9271.69
202603,2026-03-01,27,2,44,30,15,15374.48
202603,2026-03-01,28,2,28,30,18,15977.36
202603,2026-03-01,29,2,81,35,10,5187.24
202603,2026-03-01,30,2,44,25,15,20995.48
202603,2026-03-01,31,2,24,35,15,2236.08
202603,2026-03-01,32,2,58,20,15,11243.88
202603,2026-03-01,33,2,59,25,18,34539.78
202603,2026-03-01,34,2,98,30,12,38863.86
202603,2026-03-01,35,2,77,20,15,20408.85
202603,2026-03-01,36,2,69,20,18,9465.42
202603,2026-03-01,37,2,47,25,18,13029.34
202603,2026-03-01,38,2,45,25,15,7792.65
202603,2026-03-01,39,2,28,25,10,7776.44
202603,2026-03-01,40,2,70,25,12,24280.9
202603,2026-03-01,41,2,96,25,12,14878.08
202603,2026-03-01,42,2,76,25,10,6102.8
202603,2026-03-01,43,2,81,30,10,23054.22
202603,2026-03-01,44,2,100,20,18,6231.0
202603,2026-03-01,45,2,56,20,12,7306.32
202603,2026-03-01,46,2,70,25,10,8563.1
202603,2026-03-01,47,2,84,30,15,44639.28
202603,2026-03-01,48,2,62,30,15,23946.88
202603,2026-03-01,49,2,97,35,18,58557.93
202603,2026-03-01,50,2,62,35,10,15875.1
202603,2026-03-01,51,2,72,30,15,6567.12
202603,2026-03-01,52,2,93,20,18,54898.83
202603,2026-03-01,53,2,26,35,18,11482.12
202603,2026-03-01,54,2,68,20,15,6778.92
202603,2026-03-01,55,2,70,30,18,24906.0
202603,2026-03-01,56,2,78,25,10,26573.04
202603,2026-03-01,57,2,49,20,18,22366.05
202603,2026-03-01,58,2,78,30,15,29120.52
202603,2026-03-01,59,2,84,35,18,8687.28
202603,2026-03-01,60,2,96,35,18,33646.08
202603,2026-03-01,61,2,89,35,15,41931.46
202603,2026-03-01,62,2,101,35,18,14936.89
202603,2026-03-01,63,2,71,35,18,22762.6
202603,2026-03-01,64,2,38,30,18,12498.2
202603,2026-03-01,65,2,72,35,10,22917.6
202603,2026-03-01,66,2,65,30,12,37801.4
202603,2026-03-01,67,2,52,20,15,6491.16
202603,2026-03-01,68,2,97,25,18,41490.78
202603,2026-03-01,69,2,86,30,15,34154.04
202603,2026-03-01,70,2,65,30,12,29779.75
202603,2026-03-01,71,2,50,20,18,18509.0
202603,2026-03-01,72,2,93,30,10,34086.36
202603,2026-03-01,73,2,106,30,18,28629.54
202603,2026-03-01,74,2,82,25,18,34366.2
202603,2026-03-01,75,2,67,25,18,11770.56
202603,2026-03-01,76,2,75,30,15,32817.75
202603,2026-03-01,77,2,90,30,12,9020.7
202603,2026-03-01,78,2,98,25,10,35767.06
202603,2026-03-01,79,2,90,35,10,19013.4
202603,2026-03-01,80,2,54,30,10,24575.94
202603,2026-03-01,81,2,69,35,12,15339.39
202603,2026-03-01,82,2,61,35,12,28896.31
202603,2026-03-01,83,2,74,35,15,30281.54
202603,2026-03-01,84,2,75,20,10,32643.75
202603,2026-03-01,85,2,61,35,18,11539.98
202603,2026-03-01,86,2,63,25,15,36032.85
202603,2026-03-01,87,2,82,35,18,37916.8
202603,2026-03-01,88,2,70,25,10,10852.8
202603,2026-03-01,89,2,73,25,12,10641.94
202603,2026-03-01,90,2,44,20,15,15806.12
202603,2026-03-01,91,2,67,25,10,30433.41
202603,2026-03-01,92,2,67,25,10,27266.32
202603,2026-03-01,93,2,62,25,12,20344.68
202603,2026-03-01,94,2,75,25,10,26745.75
202603,2026-03-01,95,2,74,20,10,13075.8
202603,2026-03-01,96,2,52,20,15,9595.56
202603,2026-03-01,97,2,71,20,18,27551.55
202603,2026-03-01,98,2,78,30,15,25036.44
202603,2026-03-01,99,2,76,30,15,31424.48
202603,2026-03-01,100,2,98,35,15,36097.32
202603,2026-03-01,1,3,28,30,12,5775.56
202603,2026-03-01,2,3,56,30,15,23999.36
202603,2026-03-01,3,3,50,25,18,18414.5
202603,2026-03-01,4,3,70,20,15,25689.3
202603,2026-03-01,5,3,59,20,15,31428.12
202603,2026-03-01,6,3,77,25,18,17496.71
202603,2026-03-01,7,3,53,35,15,10591.52
202603,2026-03-01,8,3,53,30,18,16413.04
202603,2026-03-01,9,3,79,25,15,8513.04
202603,2026-03-01,10,3,65,20,18,29402.75
202603,2026-03-01,11,3,66,25,18,35005.08
202603,2026-03-01,12,3,49,20,12,3433.92
202603,2026-03-01,13,3,65,30,15,9103.25
202603,2026-03-01,14,3,25,35,18,2182.5
202603,2026-03-01,15,3,69,35,12,28946.19
202603,2026-03-01,16,3,81,25,15,21524.94
202603,2026-03-01,17,3,57,35,15,3437.1
202603,2026-03-01,18,3,53,20,18,21698.73
202603,2026-03-01,19,3,61,25,15,14826.66
202603,2026-03-01,20,3,44,35,10,27904.36
202603,2026-03-01,21,3,38,20,10,15278.66
202603,2026-03-01,22,3,50,35,12,4134.5
202603,2026-03-01,23,3,57,30,18,35721.33
202603,2026-03-01,24,3,60,30,18,15226.8
202603,2026-03-01,25,3,32,35,12,15520.96
202603,2026-03-01,26,3,54,25,18,10652.58
202603,2026-03-01,27,3,64,30,12,22362.88
202603,2026-03-01,28,3,51,35,15,29101.62
202603,2026-03-01,29,3,43,20,18,2753.72
202603,2026-03-01,30,3,52,35,12,24812.84
202603,2026-03-01,31,3,31,35,18,2888.27
202603,2026-03-01,32,3,66,20,10,12794.76
202603,2026-03-01,33,3,38,20,12,22245.96
202603,2026-03-01,34,3,28,35,10,11103.96
202603,2026-03-01,35,3,51,20,15,13517.55
202603,2026-03-01,36,3,71,25,10,9739.78
202603,2026-03-01,37,3,76,25,18,21068.72
202603,2026-03-01,38,3,29,25,10,5021.93
202603,2026-03-01,39,3,64,25,10,17774.72
202603,2026-03-01,40,3,44,30,10,15262.28
202603,2026-03-01,41,3,60,20,15,9298.8
202603,2026-03-01,42,3,94,30,18,7548.2
202603,2026-03-01,43,3,83,25,15,23623.46
202603,2026-03-01,44,3,84,30,18,5234.04
202603,2026-03-01,45,3,78,25,12,10176.66
202603,2026-03-01,46,3,80,20,10,9786.4
202603,2026-03-01,47,3,54,35,15,28696.68
202603,2026-03-01,48,3,48,35,18,18539.52
202603,2026-03-01,49,3,52,25,12,31391.88
202603,2026-03-01,50,3,86,25,15,22020.3
202603,2026-03-01,51,3,83,20,12,7570.43
202603,2026-03-01,52,3,27,30,12,15938.37
202603,2026-03-01,53,3,27,25,18,11923.74
202603,2026-03-01,54,3,56,25,15,5582.64
202603,2026-03-01,55,3,47,25,10,16722.6
202603,2026-03-01,56,3,89,30,10,30320.52
202603,2026-03-01,57,3,92,25,10,41993.4
202603,2026-03-01,58,3,105,35,15,39200.7
202603,2026-03-01,59,3,52,30,15,5377.84
202603,2026-03-01,60,3,96,20,15,33646.08
202603,2026-03-01,61,3,61,25,10,28739.54
202603,2026-03-01,62,3,76,25,15,11239.64
202603,2026-03-01,63,3,96,30,12,30777.6
202603,2026-03-01,64,3,81,30,10,26640.9
202603,2026-03-01,65,3,79,35,15,25145.7
202603,2026-03-01,66,3,76,30,10,44198.56
202603,2026-03-01,67,3,62,25,12,7739.46
202603,2026-03-01,68,3,42,25,10,17965.08
202603,2026-03-01,69,3,98,35,10,38919.72
202603,2026-03-01,70,3,107,25,15,49022.05
202603,2026-03-01,71,3,54,30,10,19989.72
202603,2026-03-01,72,3,52,30,12,19059.04
202603,2026-03-01,73,3,71,20,10,19176.39
202603,2026-03-01,74,3,73,20,18,30594.3
202603,2026-03-01,75,3,50,35,10,8784.0
202603,2026-03-01,76,3,74,25,12,32380.18
202603,2026-03-01,77,3,60,30,12,6013.8
202603,2026-03-01,78,3,56,25,18,20438.32
202603,2026-03-01,79,3,103,35,12,21759.78
202603,2026-03-01,80,3,89,35,18,40504.79
202603,2026-03-01,81,3,37,30,15,8225.47
202603,2026-03-01,82,3,46,30,18,21790.66
202603,2026-03-01,83,3,87,35,10,35601.27
202603,2026-03-01,84,3,94,35,12,40913.5
202603,2026-03-01,85,3,52,35,15,9837.36
202603,2026-03-01,86,3,85,35,12,48615.75
202603,2026-03-01,87,3,61,30,15,28206.4
202603,2026-03-01,88,3,69,30,10,10697.76
202603,2026-03-01,89,3,80,30,18,11662.4
202603,2026-03-01,90,3,69,20,12,24786.87
202603,2026-03-01,91,3,75,35,18,34067.25
202603,2026-03-01,92,3,85,35,10,34591.6
202603,2026-03-01,93,3,66,30,12,21657.24
202603,2026-03-01,94,3,75,25,12,26745.75
202603,2026-03-01,95,3,72,30,12,12722.4
202603,2026-03-01,96,3,69,35,10,12732.57
202603,2026-03-01,97,3,57,25,10,22118.85
202603,2026-03-01,98,3,83,30,10,26641.34
202603,2026-03-01,99,3,47,20,12,19433.56
202603,2026-03-01,100,3,72,30,12,26520.48
202603,2026-03-01,1,4,93,25,10,19183.11
202603,2026-03-01,2,4,68,35,12,29142.08
202603,2026-03-01,3,4,52,35,15,19151.08
202603,2026-03-01,4,4,34,25,15,12477.66
202603,2026-03-01,5,4,23,35,18,12251.64
202603,2026-03-01,6,4,59,25,12,13406.57
202603,2026-03-01,7,4,92,20,12,18385.28
202603,2026-03-01,8,4,44,20,12,13625.92
202603,2026-03-01,9,4,7,35,10,754.32
202603,2026-03-01,10,4,36,20,12,16284.6
202603,2026-03-01,11,4,24,35,15,12729.12
202603,2026-03-01,12,4,69,25,15,4835.52
202603,2026-03-01,13,4,52,30,18,7282.6
202603,2026-03-01,14,4,76,20,15,6634.8
202603,2026-03-01,15,4,43,25,10,18038.93
202603,2026-03-01,16,4,71,20,18,18867.54
202603,2026-03-01,17,4,62,25,12,3738.6
202603,2026-03-01,18,4,69,20,18,28249.29
202603,2026-03-01,19,4,61,30,10,14826.66
202603,2026-03-01,20,4,63,20,10,39953.97
202603,2026-03-01,21,4,69,30,15,27742.83
202603,2026-03-01,22,4,27,25,18,2232.63
202603,2026-03-01,23,4,17,30,12,10653.73
202603,2026-03-01,24,4,62,35,15,15734.36
202603,2026-03-01,25,4,47,30,15,22796.41
202603,2026-03-01,26,4,61,25,12,12033.47
202603,2026-03-01,27,4,38,35,10,13277.96
202603,2026-03-01,28,4,68,30,12,38802.16
202603,2026-03-01,29,4,73,25,10,4674.92
202603,2026-03-01,30,4,42,20,18,20041.14
202603,2026-03-01,31,4,23,25,12,2142.91
202603,2026-03-01,32,4,58,35,18,11243.88
202603,2026-03-01,33,4,49,25,15,28685.58
202603,2026-03-01,34,4,42,25,18,16655.94
202603,2026-03-01,35,4,24,20,18,6361.2
202603,2026-03-01,36,4,45,30,18,6173.1
202603,2026-03-01,37,4,51,20,10,14138.22
202603,2026-03-01,38,4,21,25,12,3636.57
202603,2026-03-01,39,4,60,30,12,16663.8
202603,2026-03-01,40,4,56,20,10,19424.72
202603,2026-03-01,41,4,103,20,10,15962.94
202603,2026-03-01,42,4,69,20,18,5540.7
202603,2026-03-01,43,4,38,25,12,10815.56
202603,2026-03-01,44,4,77,30,18,4797.87
202603,2026-03-01,45,4,40,35,18,5218.8
202603,2026-03-01,46,4,74,30,15,9052.42
202603,2026-03-01,47,4,81,35,15,43045.02
202603,2026-03-01,48,4,81,35,10,31285.44
202603,2026-03-01,49,4,70,35,12,42258.3
202603,2026-03-01,50,4,56,30,18,14338.8
202603,2026-03-01,51,4,28,20,12,2553.88
202603,2026-03-01,52,4,47,30,15,27744.57
202603,2026-03-01,53,4,85,35,12,37537.7
202603,2026-03-01,54,4,85,25,12,8473.65
202603,2026-03-01,55,4,74,30,18,26329.2
202603,2026-03-01,56,4,53,30,18,18056.04
202603,2026-03-01,57,4,61,30,10,27843.45
202603,2026-03-01,58,4,78,30,15,29120.52
202603,2026-03-01,59,4,41,35,12,4240.22
202603,2026-03-01,60,4,102,30,10,35748.96
202603,2026-03-01,61,4,88,35,15,41460.32
202603,2026-03-01,62,4,45,35,12,6655.05
202603,2026-03-01,63,4,64,30,10,20518.4
202603,2026-03-01,64,4,99,30,10,32561.1
202603,2026-03-01,65,4,97,35,18,30875.1
202603,2026-03-01,66,4,68,35,15,39546.08
202603,2026-03-01,67,4,56,30,18,6990.48
202603,2026-03-01,68,4,48,30,18,20531.52
202603,2026-03-01,69,4,72,20,10,28594.08
202603,2026-03-01,70,4,67,25,12,30696.05
202603,2026-03-01,71,4,77,35,15,28503.86
202603,2026-03-01,72,4,80,25,12,29321.6
202603,2026-03-01,73,4,79,35,15,21337.11
202603,2026-03-01,74,4,70,30,12,29337.0
202603,2026-03-01,75,4,55,20,10,9662.4
202603,2026-03-01,76,4,74,25,12,32380.18
202603,2026-03-01,77,4,71,25,15,7116.33
202603,2026-03-01,78,4,69,20,15,25182.93
202603,2026-03-01,79,4,82,30,15,17323.32
202603,2026-03-01,80,4,60,35,15,27306.6
202603,2026-03-01,81,4,83,25,18,18451.73
202603,2026-03-01,82,4,81,25,12,38370.51
202603,2026-03-01,83,4,97,35,18,39693.37
202603,2026-03-01,84,4,33,35,10,14363.25
202603,2026-03-01,85,4,75,30,10,14188.5
202603,2026-03-01,86,4,67,30,12,38320.65
202603,2026-03-01,87,4,80,35,15,36992.0
202603,2026-03-01,88,4,111,25,10,17209.44
202603,2026-03-01,89,4,52,25,18,7580.56
202603,2026-03-01,90,4,93,20,10,33408.39
202603,2026-03-01,91,4,107,25,18,48602.61
202603,2026-03-01,92,4,70,25,12,28487.2
202603,2026-03-01,93,4,66,25,10,21657.24
202603,2026-03-01,94,4,77,20,12,27458.97
202603,2026-03-01,95,4,83,30,12,14666.1
202603,2026-03-01,96,4,75,30,12,13839.75
202603,2026-03-01,97,4,89,25,12,34536.45
202603,2026-03-01,98,4,70,30,10,22468.6
202603,2026-03-01,99,4,83,20,15,34318.84
202603,2026-03-01,100,4,56,35,12,20627.04
202603,2026-03-01,1,5,71,30,10,14645.17
202603,2026-03-01,2,5,41,35,18,17570.96
202603,2026-03-01,3,5,76,30,12,27990.04
202603,2026-03-01,4,5,83,20,18,30460.17
202603,2026-03-01,5,5,59,25,15,31428.12
202603,2026-03-01,6,5,67,35,18,15224.41
202603,2026-03-01,7,5,58,35,10,11590.72
202603,2026-03-01,8,5,61,20,18,18890.48
202603,2026-03-01,9,5,56,25,15,6034.56
202603,2026-03-01,10,5,40,30,18,18094.0
202603,2026-03-01,11,5,27,35,18,14320.26
202603,2026-03-01,12,5,96,35,15,6727.68
202603,2026-03-01,13,5,43,25,18,6022.15
202603,2026-03-01,14,5,41,20,15,3579.3
202603,2026-03-01,15,5,47,25,18,19716.97
202603,2026-03-01,16,5,36,25,15,9566.64
202603,2026-03-01,17,5,31,20,15,1869.3
202603,2026-03-01,18,5,36,30,12,14738.76
202603,2026-03-01,19,5,26,30,18,6319.56
202603,2026-03-01,20,5,78,25,18,49466.82
202603,2026-03-01,21,5,79,25,18,31763.53
202603,2026-03-01,22,5,66,35,12,5457.54
202603,2026-03-01,23,5,51,25,12,31961.19
202603,2026-03-01,24,5,46,30,18,11673.88
202603,2026-03-01,25,5,47,25,18,22796.41
202603,2026-03-01,26,5,48,25,15,9468.96
202603,2026-03-01,27,5,27,35,12,9434.34
202603,2026-03-01,28,5,49,35,10,27960.38
202603,2026-03-01,29,5,53,30,18,3394.12
202603,2026-03-01,30,5,81,25,12,38650.77
202603,2026-03-01,31,5,46,25,15,4285.82
202603,2026-03-01,32,5,45,30,18,8723.7
202603,2026-03-01,33,5,58,35,18,33954.36
202603,2026-03-01,34,5,30,20,10,11897.1
202603,2026-03-01,35,5,52,30,10,13782.6
202603,2026-03-01,36,5,76,30,18,10425.68
202603,2026-03-01,37,5,50,20,10,13861.0
202603,2026-03-01,38,5,40,35,18,6926.8
202603,2026-03-01,39,5,54,25,18,14997.42
202603,2026-03-01,40,5,40,35,12,13874.8
202603,2026-03-01,41,5,89,30,15,13793.22
202603,2026-03-01,42,5,61,30,10,4898.3
202603,2026-03-01,43,5,72,25,15,20492.64
202603,2026-03-01,44,5,95,20,18,5919.45
202603,2026-03-01,45,5,90,30,18,11742.3
202603,2026-03-01,46,5,70,20,12,8563.1
202603,2026-03-01,47,5,53,30,15,28165.26
202603,2026-03-01,48,5,74,20,12,28581.76
202603,2026-03-01,49,5,62,25,10,37428.78
202603,2026-03-01,50,5,73,25,10,18691.65
202603,2026-03-01,51,5,68,20,18,6202.28
202603,2026-03-01,52,5,96,25,15,56669.76
202603,2026-03-01,53,5,71,35,18,31355.02
202603,2026-03-01,54,5,65,20,12,6479.85
202603,2026-03-01,55,5,52,25,18,18501.6
202603,2026-03-01,56,5,73,35,12,24869.64
202603,2026-03-01,57,5,83,20,10,37885.35
202603,2026-03-01,58,5,62,25,12,23147.08
202603,2026-03-01,59,5,73,20,10,7549.66
202603,2026-03-01,60,5,68,35,12,23832.64
202603,2026-03-01,61,5,43,20,15,20259.02
202603,2026-03-01,62,5,75,25,10,11091.75
202603,2026-03-01,63,5,81,20,12,25968.6
202603,2026-03-01,64,5,76,25,10,24996.4
202603,2026-03-01,65,5,44,30,12,14005.2
202603,2026-03-01,66,5,83,25,10,48269.48
202603,2026-03-01,67,5,66,25,12,8238.78
202603,2026-03-01,68,5,61,35,12,26092.14
202603,2026-03-01,69,5,87,20,15,34551.18
202603,2026-03-01,70,5,90,20,12,41233.5
202603,2026-03-01,71,5,62,20,12,22951.16
202603,2026-03-01,72,5,102,35,10,37385.04
202603,2026-03-01,73,5,78,25,12,21067.02
202603,2026-03-01,74,5,79,20,18,33108.9
202603,2026-03-01,75,5,72,35,12,12648.96
202603,2026-03-01,76,5,51,20,10,22316.07
202603,2026-03-01,77,5,65,25,15,6514.95
202603,2026-03-01,78,5,96,20,12,35037.12
202603,2026-03-01,79,5,109,20,18,23027.34
202603,2026-03-01,80,5,88,35,15,40049.68
202603,2026-03-01,81,5,86,35,10,19118.66
202603,2026-03-01,82,5,35,20,10,16579.85
202603,2026-03-01,83,5,47,20,10,19232.87
202603,2026-03-01,84,5,98,35,18,42654.5
202603,2026-03-01,85,5,57,30,12,10783.26
202603,2026-03-01,86,5,81,25,15,46327.95
202603,2026-03-01,87,5,70,30,12,32368.0
202603,2026-03-01,88,5,77,30,12,11938.08
202603,2026-03-01,89,5,63,35,10,9184.14
202603,2026-03-01,90,5,33,30,10,11854.59
202603,2026-03-01,91,5,71,30,15,32250.33
202603,2026-03-01,92,5,92,35,15,37440.32
202603,2026-03-01,93,5,91,35,10,29860.74
202603,2026-03-01,94,5,58,20,18,20683.38
202603,2026-03-01,95,5,95,20,18,16786.5
202603,2026-03-01,96,5,53,20,12,9780.09
202603,2026-03-01,97,5,81,35,12,31432.05
202603,2026-03-01,98,5,44,25,10,14123.12
202603,2026-03-01,99,5,81,30,10,33491.88
202603,2026-03-01,100,5,47,20,12,17311.98
202603,2026-03-01,1,6,52,20,12,10726.04
202603,2026-03-01,2,6,64,30,10,27427.84
202603,2026-03-01,3,6,65,25,12,23938.85
202603,2026-03-01,4,6,44,25,10,16147.56
202603,2026-03-01,5,6,18,35,10,9588.24
202603,2026-03-01,6,6,58,20,15,13179.34
202603,2026-03-01,7,6,77,25,12,15387.68
202603,2026-03-01,8,6,54,30,10,16722.72
202603,2026-03-01,9,6,50,25,12,5388.0
202603,2026-03-01,10,6,54,30,12,24426.9
202603,2026-03-01,11,6,66,35,18,35005.08
202603,2026-03-01,12,6,81,25,15,5676.48
202603,2026-03-01,13,6,53,25,10,7422.65
202603,2026-03-01,14,6,33,25,10,2880.9
202603,2026-03-01,15,6,89,25,10,37336.39
202603,2026-03-01,16,6,42,20,18,11161.08
202603,2026-03-01,17,6,94,35,15,5668.2
202603,2026-03-01,18,6,62,30,12,25383.42
202603,2026-03-01,19,6,60,25,12,14583.6
202603,2026-03-01,20,6,39,35,18,24733.41
202603,2026-03-01,21,6,29,20,10,11660.03
202603,2026-03-01,22,6,48,20,18,3969.12
202603,2026-03-01,23,6,78,35,10,48881.82
202603,2026-03-01,24,6,38,20,18,9643.64
202603,2026-03-01,25,6,57,35,18,27646.71
202603,2026-03-01,26,6,38,25,10,7496.26
202603,2026-03-01,27,6,45,25,15,15723.9
202603,2026-03-01,28,6,36,20,15,20542.32
202603,2026-03-01,29,6,73,25,18,4674.92
202603,2026-03-01,30,6,42,30,12,20041.14
202603,2026-03-01,31,6,107,35,18,9969.19
202603,2026-03-01,32,6,60,25,10,11631.6
202603,2026-03-01,33,6,58,25,12,33954.36
202603,2026-03-01,34,6,80,20,15,31725.6
202603,2026-03-01,35,6,40,20,18,10602.0
202603,2026-03-01,36,6,46,30,12,6310.28
202603,2026-03-01,37,6,49,20,15,13583.78
202603,2026-03-01,38,6,38,20,15,6580.46
202603,2026-03-01,39,6,46,25,10,12775.58
202603,2026-03-01,40,6,34,30,10,11793.58
202603,2026-03-01,41,6,61,20,15,9453.78
202603,2026-03-01,42,6,73,20,18,5861.9
202603,2026-03-01,43,6,103,30,15,29315.86
202603,2026-03-01,44,6,80,20,15,4984.8
202603,2026-03-01,45,6,79,30,12,10307.13
202603,2026-03-01,46,6,64,30,18,7829.12
202603,2026-03-01,47,6,39,35,18,20725.38
202603,2026-03-01,48,6,65,20,12,25105.6
202603,2026-03-01,49,6,69,35,15,41654.61
202603,2026-03-01,50,6,49,35,18,12546.45
202603,2026-03-01,51,6,76,35,10,6931.96
202603,2026-03-01,52,6,80,20,12,47224.8
202603,2026-03-01,53,6,57,20,18,25172.34
202603,2026-03-01,54,6,81,35,15,8074.89
202603,2026-03-01,55,6,50,30,10,17790.0
202603,2026-03-01,56,6,69,30,12,23506.92
202603,2026-03-01,57,6,55,30,15,25104.75
202603,2026-03-01,58,6,62,20,10,23147.08
202603,2026-03-01,59,6,90,35,12,9307.8
202603,2026-03-01,60,6,73,35,12,25585.04
202603,2026-03-01,61,6,90,35,18,42402.6
202603,2026-03-01,62,6,92,25,12,13605.88
202603,2026-03-01,63,6,78,25,10,25006.8
202603,2026-03-01,64,6,79,20,12,25983.1
202603,2026-03-01,65,6,89,25,10,28328.7
202603,2026-03-01,66,6,62,30,10,36056.72
202603,2026-03-01,67,6,57,20,12,7115.31
202603,2026-03-01,68,6,54,20,12,23097.96
202603,2026-03-01,69,6,75,30,10,29785.5
202603,2026-03-01,70,6,68,35,12,31154.2
202603,2026-03-01,71,6,5,35,10,1850.9
202603,2026-03-01,72,6,91,20,10,33353.32
202603,2026-03-01,73,6,65,30,10,17555.85
202603,2026-03-01,74,6,40,25,15,16764.0
202603,2026-03-01,75,6,47,20,18,8256.96
202603,2026-03-01,76,6,71,30,10,31067.47
202603,2026-03-01,77,6,54,20,18,5412.42
202603,2026-03-01,78,6,73,30,18,26642.81
202603,2026-03-01,79,6,117,20,10,24717.42
202603,2026-03-01,80,6,89,35,10,40504.79
202603,2026-03-01,81,6,72,35,15,16006.32
202603,2026-03-01,82,6,49,30,18,23211.79
202603,2026-03-01,83,6,68,35,18,27826.28
202603,2026-03-01,84,6,71,25,10,30902.75
202603,2026-03-01,85,6,72,25,15,13620.96
202603,2026-03-01,86,6,93,20,18,53191.35
202603,2026-03-01,87,6,70,20,15,32368.0
202603,2026-03-01,88,6,44,30,10,6821.76
202603,2026-03-01,89,6,49,25,10,7143.22
202603,2026-03-01,90,6,78,20,10,28019.94
202603,2026-03-01,91,6,59,20,15,26799.57
202603,2026-03-01,92,6,67,30,18,27266.32
202603,2026-03-01,93,6,96,35,18,31501.44
202603,2026-03-01,94,6,62,35,18,22109.82
202603,2026-03-01,95,6,84,35,10,14842.8
202603,2026-03-01,96,6,66,30,12,12178.98
202603,2026-03-01,97,6,69,30,18,26775.45
202603,2026-03-01,98,6,69,20,10,22147.62
202603,2026-03-01,99,6,71,35,10,29357.08
202603,2026-03-01,100,6,54,25,10,19890.36
202604,2026-04-01,1,1,45,35,18,9282.15
202604,2026-04-01,2,1,45,30,15,19285.2
202604,2026-04-01,3,1,64,20,18,23570.56
202604,2026-04-01,4,1,34,35,10,12477.66
202604,2026-04-01,5,1,25,25,12,13317.0
202604,2026-04-01,6,1,51,25,10,11588.73
202604,2026-04-01,7,1,32,30,15,6394.88
202604,2026-04-01,8,1,38,25,15,11767.84
202604,2026-04-01,9,1,84,35,12,9051.84
202604,2026-04-01,10,1,81,35,18,36640.35
202604,2026-04-01,11,1,63,25,15,33413.94
202604,2026-04-01,12,1,25,25,12,1752.0
202604,2026-04-01,13,1,76,20,15,10643.8
202604,2026-04-01,14,1,62,25,15,5412.6
202604,2026-04-01,15,1,76,35,12,31882.76
202604,2026-04-01,16,1,37,30,18,9832.38
202604,2026-04-01,17,1,80,25,18,4824.0
202604,2026-04-01,18,1,61,25,12,24974.01
202604,2026-04-01,19,1,42,25,15,10208.52
202604,2026-04-01,20,1,59,35,10,37417.21
202604,2026-04-01,21,1,56,25,15,22515.92
202604,2026-04-01,22,1,74,20,12,6119.06
202604,2026-04-01,23,1,65,35,18,40734.85
202604,2026-04-01,24,1,94,25,15,23855.32
202604,2026-04-01,25,1,72,35,15,34922.16
202604,2026-04-01,26,1,53,30,15,10455.31
202604,2026-04-01,27,1,73,25,18,25507.66
202604,2026-04-01,28,1,40,25,12,22824.8
202604,2026-04-01,29,1,31,30,18,1985.24
202604,2026-04-01,30,1,58,30,12,27675.86
202604,2026-04-01,31,1,76,25,10,7080.92
202604,2026-04-01,32,1,44,35,18,8529.84
202604,2026-04-01,33,1,68,35,12,39808.56
202604,2026-04-01,34,1,39,25,18,15466.23
202604,2026-04-01,35,1,51,25,15,13517.55
202604,2026-04-01,36,1,49,25,12,6721.82
202604,2026-04-01,37,1,62,30,10,17187.64
202604,2026-04-01,38,1,17,35,12,2943.89
202604,2026-04-01,39,1,37,20,10,10276.01
202604,2026-04-01,40,1,67,35,18,23240.29
202604,2026-04-01,41,1,85,25,12,13173.3
202604,2026-04-01,42,1,92,30,10,7387.6
202604,2026-04-01,43,1,47,20,15,13377.14
202604,2026-04-01,44,1,65,25,10,4050.15
202604,2026-04-01,45,1,75,30,18,9785.25
202604,2026-04-01,46,1,87,25,15,10642.71
202604,2026-04-01,47,1,52,30,12,27633.84
202604,2026-04-01,48,1,94,35,12,36306.56
202604,2026-04-01,49,1,70,35,12,42258.3
202604,2026-04-01,50,1,51,35,12,13058.55
202604,2026-04-01,51,1,91,25,12,8300.11
202604,2026-04-01,52,1,76,30,18,44863.56
202604,2026-04-01,53,1,58,20,15,25613.96
202604,2026-04-01,54,1,93,30,15,9271.17
202604,2026-04-01,55,1,87,30,15,30954.6
202604,2026-04-01,56,1,84,20,15,28617.12
202604,2026-04-01,57,1,97,25,15,44275.65
202604,2026-04-01,58,1,95,30,12,35467.3
202604,2026-04-01,59,1,60,20,10,6205.2
202604,2026-04-01,60,1,68,20,18,23832.64
202604,2026-04-01,61,1,105,30,15,49469.7
202604,2026-04-01,62,1,73,30,15,10795.97
202604,2026-04-01,63,1,58,30,18,18594.8
202604,2026-04-01,64,1,81,30,12,26640.9
202604,2026-04-01,65,1,47,20,15,14960.1
202604,2026-04-01,66,1,59,25,15,34312.04
202604,2026-04-01,67,1,72,35,12,8987.76
202604,2026-04-01,68,1,80,20,15,34219.2
202604,2026-04-01,69,1,61,20,12,24225.54
202604,2026-04-01,70,1,73,20,10,33444.95
202604,2026-04-01,71,1,77,35,15,28503.86
202604,2026-04-01,72,1,65,35,12,23823.8
202604,2026-04-01,73,1,89,30,18,24038.01
202604,2026-04-01,74,1,69,30,12,28917.9
202604,2026-04-01,75,1,113,35,12,19851.84
202604,2026-04-01,76,1,45,30,18,19690.65
202604,2026-04-01,77,1,83,25,15,8319.09
202604,2026-04-01,78,1,34,25,18,12408.98
202604,2026-04-01,79,1,91,30,10,19224.66
202604,2026-04-01,80,1,53,30,12,24120.83
202604,2026-04-01,81,1,24,20,10,5335.44
202604,2026-04-01,82,1,77,35,15,36475.67
202604,2026-04-01,83,1,65,20,15,26598.65
202604,2026-04-01,84,1,42,30,10,18280.5
202604,2026-04-01,85,1,88,25,15,16647.84
202604,2026-04-01,86,1,27,35,12,15442.65
202604,2026-04-01,87,1,33,25,10,15259.2
202604,2026-04-01,88,1,96,30,18,14883.84
202604,2026-04-01,89,1,96,25,15,13994.88
202604,2026-04-01,90,1,102,30,12,36641.46
202604,2026-04-01,91,1,80,20,10,36338.4
202604,2026-04-01,92,1,51,20,12,20754.96
202604,2026-04-01,93,1,82,30,18,26907.48
202604,2026-04-01,94,1,65,30,12,23179.65
202604,2026-04-01,95,1,73,35,18,12899.1
202604,2026-04-01,96,1,51,25,15,9411.03
202604,2026-04-01,97,1,91,25,10,35312.55
202604,2026-04-01,98,1,68,20,15,21826.64
202604,2026-04-01,99,1,78,35,10,32251.44
202604,2026-04-01,100,1,107,35,18,39412.38
202604,2026-04-01,1,2,36,35,10,7425.72
202604,2026-04-01,2,2,71,20,18,30427.76
202604,2026-04-01,3,2,82,35,12,30199.78
202604,2026-04-01,4,2,47,35,15,17248.53
202604,2026-04-01,5,2,57,20,12,30362.76
202604,2026-04-01,6,2,35,20,18,7953.05
202604,2026-04-01,7,2,38,20,18,7593.92
202604,2026-04-01,8,2,84,30,10,26013.12
202604,2026-04-01,9,2,55,35,10,5926.8
202604,2026-04-01,10,2,25,30,18,11308.75
202604,2026-04-01,11,2,41,20,15,21745.58
202604,2026-04-01,12,2,61,20,10,4274.88
202604,2026-04-01,13,2,48,20,12,6722.4
202604,2026-04-01,14,2,55,30,10,4801.5
202604,2026-04-01,15,2,32,25,12,13424.32
202604,2026-04-01,16,2,72,20,18,19133.28
202604,2026-04-01,17,2,63,20,10,3798.9
202604,2026-04-01,18,2,43,30,10,17604.63
202604,2026-04-01,19,2,50,25,18,12153.0
202604,2026-04-01,20,2,55,25,18,34880.45
202604,2026-04-01,21,2,34,25,12,13670.38
202604,2026-04-01,22,2,44,20,12,3638.36
202604,2026-04-01,23,2,55,20,18,34467.95
202604,2026-04-01,24,2,55,20,15,13957.9
202604,2026-04-01,25,2,33,30,12,16005.99
202604,2026-04-01,26,2,81,30,10,15978.87
202604,2026-04-01,27,2,68,35,18,23760.56
202604,2026-04-01,28,2,48,35,18,27389.76
202604,2026-04-01,29,2,95,30,12,6083.8
202604,2026-04-01,30,2,38,20,10,18132.46
202604,2026-04-01,31,2,49,20,15,4565.33
202604,2026-04-01,32,2,43,20,15,8335.98
202604,2026-04-01,33,2,79,30,12,46248.18
202604,2026-04-01,34,2,47,30,18,18638.79
202604,2026-04-01,35,2,65,20,18,17228.25
202604,2026-04-01,36,2,69,25,18,9465.42
202604,2026-04-01,37,2,18,25,12,4989.96
202604,2026-04-01,38,2,35,35,10,6060.95
202604,2026-04-01,39,2,29,30,15,8054.17
202604,2026-04-01,40,2,59,25,15,20465.33
202604,2026-04-01,41,2,74,30,18,11468.52
202604,2026-04-01,42,2,67,30,18,5380.1
202604,2026-04-01,43,2,69,35,12,19638.78
202604,2026-04-01,44,2,89,35,12,5545.59
202604,2026-04-01,45,2,76,25,10,9915.72
202604,2026-04-01,46,2,61,30,15,7462.13
202604,2026-04-01,47,2,76,35,18,40387.92
202604,2026-04-01,48,2,64,35,12,24719.36
202604,2026-04-01,49,2,72,35,18,43465.68
202604,2026-04-01,50,2,87,35,10,22276.35
202604,2026-04-01,51,2,67,35,15,6111.07
202604,2026-04-01,52,2,72,20,10,42502.32
202604,2026-04-01,53,2,79,30,12,34887.98
202604,2026-04-01,54,2,82,30,10,8174.58
202604,2026-04-01,55,2,52,30,10,18501.6
202604,2026-04-01,56,2,59,30,12,20100.12
202604,2026-04-01,57,2,58,20,12,26474.1
202604,2026-04-01,58,2,58,30,18,21653.72
202604,2026-04-01,59,2,57,20,12,5894.94
202604,2026-04-01,60,2,63,30,18,22080.24
202604,2026-04-01,61,2,69,35,18,32508.66
202604,2026-04-01,62,2,85,20,18,12570.65
202604,2026-04-01,63,2,71,25,15,22762.6
202604,2026-04-01,64,2,73,30,18,24009.7
202604,2026-04-01,65,2,70,35,10,22281.0
202604,2026-04-01,66,2,66,35,15,38382.96
202604,2026-04-01,67,2,66,20,12,8238.78
202604,2026-04-01,68,2,56,20,10,23953.44
202604,2026-04-01,69,2,85,20,15,33756.9
202604,2026-04-01,70,2,82,25,18,37568.3
202604,2026-04-01,71,2,51,25,12,18879.18
202604,2026-04-01,72,2,72,35,15,26389.44
202604,2026-04-01,73,2,61,30,10,16475.49
202604,2026-04-01,74,2,65,20,12,27241.5
202604,2026-04-01,75,2,99,30,15,17392.32
202604,2026-04-01,76,2,78,30,10,34130.46
202604,2026-04-01,77,2,97,30,12,9722.31
202604,2026-04-01,78,2,78,30,18,28467.66
202604,2026-04-01,79,2,80,30,12,16900.8
202604,2026-04-01,80,2,76,30,12,34588.36
202604,2026-04-01,81,2,32,30,12,7113.92
202604,2026-04-01,82,2,62,35,18,29370.02
202604,2026-04-01,83,2,58,30,10,23734.18
202604,2026-04-01,84,2,57,35,18,24809.25
202604,2026-04-01,85,2,81,30,15,15323.58
202604,2026-04-01,86,2,64,35,12,36604.8
202604,2026-04-01,87,2,65,35,15,30056.0
202604,2026-04-01,88,2,90,30,12,13953.6
202604,2026-04-01,89,2,69,30,10,10058.82
202604,2026-04-01,90,2,45,25,12,16165.35
202604,2026-04-01,91,2,74,30,15,33613.02
202604,2026-04-01,92,2,54,35,18,21975.84
202604,2026-04-01,93,2,43,20,10,14110.02
202604,2026-04-01,94,2,62,35,15,22109.82
202604,2026-04-01,95,2,79,25,12,13959.3
202604,2026-04-01,96,2,100,35,12,18453.0
202604,2026-04-01,97,2,57,30,18,22118.85
202604,2026-04-01,98,2,39,30,12,12518.22
202604,2026-04-01,99,2,70,25,18,28943.6
202604,2026-04-01,100,2,103,35,15,37939.02
202604,2026-04-01,1,3,79,20,12,16295.33
202604,2026-04-01,2,3,48,20,12,20570.88
202604,2026-04-01,3,3,63,30,15,23202.27
202604,2026-04-01,4,3,33,20,18,12110.67
202604,2026-04-01,5,3,51,20,10,27166.68
202604,2026-04-01,6,3,38,30,10,8634.74
202604,2026-04-01,7,3,83,30,10,16586.72
202604,2026-04-01,8,3,53,25,15,16413.04
202604,2026-04-01,9,3,53,25,18,5711.28
202604,2026-04-01,10,3,86,30,18,38902.1
202604,2026-04-01,11,3,61,30,12,32353.18
202604,2026-04-01,12,3,57,30,10,3994.56
202604,2026-04-01,13,3,73,25,18,10223.65
202604,2026-04-01,14,3,85,35,12,7420.5
202604,2026-04-01,15,3,30,30,12,12585.3
202604,2026-04-01,16,3,59,30,18,15678.66
202604,2026-04-01,17,3,73,20,15,4401.9
202604,2026-04-01,18,3,58,25,18,23745.78
202604,2026-04-01,19,3,65,25,10,15798.9
202604,2026-04-01,20,3,70,30,10,44393.3
202604,2026-04-01,21,3,41,30,12,16484.87
202604,2026-04-01,22,3,55,20,18,4547.95
202604,2026-04-01,23,3,24,25,12,15040.56
202604,2026-04-01,24,3,37,30,18,9389.86
202604,2026-04-01,25,3,32,20,10,15520.96
202604,2026-04-01,26,3,84,35,18,16570.68
202604,2026-04-01,27,3,54,25,18,18868.68
202604,2026-04-01,28,3,42,25,12,23966.04
202604,2026-04-01,29,3,52,35,15,3330.08
202604,2026-04-01,30,3,59,25,12,28153.03
202604,2026-04-01,31,3,69,20,15,6428.73
202604,2026-04-01,32,3,57,20,10,11050.02
202604,2026-04-01,33,3,43,35,10,25173.06
202604,2026-04-01,34,3,69,35,10,27363.33
202604,2026-04-01,35,3,9,25,12,2385.45
202604,2026-04-01,36,3,44,25,10,6035.92
202604,2026-04-01,37,3,54,30,15,14969.88
202604,2026-04-01,38,3,57,30,10,9870.69
202604,2026-04-01,39,3,45,30,12,12497.85
202604,2026-04-01,40,3,38,35,18,13181.06
202604,2026-04-01,41,3,95,20,12,14723.1
202604,2026-04-01,42,3,77,20,12,6183.1
202604,2026-04-01,43,3,79,20,12,22484.98
202604,2026-04-01,44,3,39,35,10,2430.09
202604,2026-04-01,45,3,79,25,10,10307.13
202604,2026-04-01,46,3,73,20,12,8930.09
202604,2026-04-01,47,3,61,35,18,32416.62
202604,2026-04-01,48,3,94,35,18,36306.56
202604,2026-04-01,49,3,64,35,18,38636.16
202604,2026-04-01,50,3,72,35,12,18435.6
202604,2026-04-01,51,3,37,35,15,3374.77
202604,2026-04-01,52,3,49,35,18,28925.19
202604,2026-04-01,53,3,37,30,15,16339.94
202604,2026-04-01,54,3,98,30,15,9769.62
202604,2026-04-01,55,3,60,30,10,21348.0
202604,2026-04-01,56,3,121,25,15,41222.28
202604,2026-04-01,57,3,71,20,15,32407.95
202604,2026-04-01,58,3,88,30,12,32853.92
202604,2026-04-01,59,3,79,30,10,8170.18
202604,2026-04-01,60,3,60,20,10,21028.8
202604,2026-04-01,61,3,72,25,18,33922.08
202604,2026-04-01,62,3,101,25,15,14936.89
202604,2026-04-01,63,3,60,30,12,19236.0
202604,2026-04-01,64,3,70,25,10,23023.0
202604,2026-04-01,65,3,73,25,12,23235.9
202604,2026-04-01,66,3,65,25,12,37801.4
202604,2026-04-01,67,3,34,20,12,4244.22
202604,2026-04-01,68,3,94,30,10,40207.56
202604,2026-04-01,69,3,61,30,15,24225.54
202604,2026-04-01,70,3,65,30,10,29779.75
202604,2026-04-01,71,3,86,35,10,31835.48
202604,2026-04-01,72,3,75,25,18,27489.0
202604,2026-04-01,73,3,40,30,10,10803.6
202604,2026-04-01,74,3,96,35,12,40233.6
202604,2026-04-01,75,3,65,35,10,11419.2
202604,2026-04-01,76,3,73,35,18,31942.61
202604,2026-04-01,77,3,65,30,10,6514.95
202604,2026-04-01,78,3,98,30,10,35767.06
202604,2026-04-01,79,3,52,30,15,10985.52
202604,2026-04-01,80,3,28,35,18,12743.08
202604,2026-04-01,81,3,58,25,10,12893.98
202604,2026-04-01,82,3,50,35,15,23685.5
202604,2026-04-01,83,3,85,25,15,34782.85
202604,2026-04-01,84,3,68,25,18,29597.0
202604,2026-04-01,85,3,79,35,12,14945.22
202604,2026-04-01,86,3,53,20,12,30313.35
202604,2026-04-01,87,3,101,30,10,46702.4
202604,2026-04-01,88,3,86,35,15,13333.44
202604,2026-04-01,89,3,58,35,12,8455.24
202604,2026-04-01,90,3,101,30,12,36282.23
202604,2026-04-01,91,3,72,20,12,32704.56
202604,2026-04-01,92,3,68,25,15,27673.28
202604,2026-04-01,93,3,66,25,18,21657.24
202604,2026-04-01,94,3,62,35,10,22109.82
202604,2026-04-01,95,3,81,25,15,14312.7
202604,2026-04-01,96,3,64,25,15,11809.92
202604,2026-04-01,97,3,56,20,15,21730.8
202604,2026-04-01,98,3,47,30,10,15086.06
202604,2026-04-01,99,3,76,35,15,31424.48
202604,2026-04-01,100,3,85,20,15,31308.9
202604,2026-04-01,1,4,67,30,18,13820.09
202604,2026-04-01,2,4,44,30,15,18856.64
202604,2026-04-01,3,4,58,35,15,21360.82
202604,2026-04-01,4,4,73,30,12,26790.27
202604,2026-04-01,5,4,47,25,10,25035.96
202604,2026-04-01,6,4,55,20,15,12497.65
202604,2026-04-01,7,4,57,20,15,11390.88
202604,2026-04-01,8,4,43,25,15,13316.24
202604,2026-04-01,9,4,87,25,18,9375.12
202604,2026-04-01,10,4,35,35,15,15832.25
202604,2026-04-01,11,4,72,30,15,38187.36
202604,2026-04-01,12,4,67,35,10,4695.36
202604,2026-04-01,13,4,53,20,18,7422.65
202604,2026-04-01,14,4,81,35,15,7071.3
202604,2026-04-01,15,4,73,20,10,30624.23
202604,2026-04-01,16,4,35,30,18,9300.9
202604,2026-04-01,17,4,49,35,10,2954.7
202604,2026-04-01,18,4,52,25,18,21289.32
202604,2026-04-01,19,4,45,35,12,10937.7
202604,2026-04-01,20,4,75,30,10,47564.25
202604,2026-04-01,21,4,49,25,10,19701.43
202604,2026-04-01,22,4,70,20,15,5788.3
202604,2026-04-01,23,4,70,20,18,43868.3
202604,2026-04-01,24,4,25,35,10,6344.5
202604,2026-04-01,25,4,53,35,12,25706.59
202604,2026-04-01,26,4,56,30,18,11047.12
202604,2026-04-01,27,4,60,20,12,20965.2
202604,2026-04-01,28,4,36,20,18,20542.32
202604,2026-04-01,29,4,34,20,12,2177.36
202604,2026-04-01,30,4,72,30,10,34356.24
202604,2026-04-01,31,4,47,35,12,4378.99
202604,2026-04-01,32,4,25,20,18,4846.5
202604,2026-04-01,33,4,44,30,15,25758.48
202604,2026-04-01,34,4,54,35,15,21414.78
202604,2026-04-01,35,4,32,25,18,8481.6
202604,2026-04-01,36,4,63,30,15,8642.34
202604,2026-04-01,37,4,53,25,12,14692.66
202604,2026-04-01,38,4,53,25,18,9178.01
202604,2026-04-01,39,4,64,35,15,17774.72
202604,2026-04-01,40,4,64,20,15,22199.68
202604,2026-04-01,41,4,80,20,18,12398.4
202604,2026-04-01,42,4,57,35,10,4577.1
202604,2026-04-01,43,4,68,30,15,19354.16
202604,2026-04-01,44,4,88,35,10,5483.28
202604,2026-04-01,45,4,66,30,15,8611.02
202604,2026-04-01,46,4,88,35,18,10765.04
202604,2026-04-01,47,4,60,20,18,31885.2
202604,2026-04-01,48,4,96,35,15,37079.04
202604,2026-04-01,49,4,115,20,12,69424.35
202604,2026-04-01,50,4,67,35,12,17155.35
202604,2026-04-01,51,4,92,35,15,8391.32
202604,2026-04-01,52,4,48,35,10,28334.88
202604,2026-04-01,53,4,74,30,15,32679.88
202604,2026-04-01,54,4,87,30,10,8673.03
202604,2026-04-01,55,4,72,35,10,25617.6
202604,2026-04-01,56,4,75,20,12,25551.0
202604,2026-04-01,57,4,74,25,15,33777.3
202604,2026-04-01,58,4,47,35,12,17546.98
202604,2026-04-01,59,4,94,25,12,9721.48
202604,2026-04-01,60,4,111,30,15,38903.28
202604,2026-04-01,61,4,92,20,12,43344.88
202604,2026-04-01,62,4,71,30,18,10500.19
202604,2026-04-01,63,4,59,35,10,18915.4
202604,2026-04-01,64,4,76,25,10,24996.4
202604,2026-04-01,65,4,65,25,18,20689.5
202604,2026-04-01,66,4,60,35,15,34893.6
202604,2026-04-01,67,4,70,35,18,8738.1
202604,2026-04-01,68,4,79,30,18,33791.46
202604,2026-04-01,69,4,75,35,12,29785.5
202604,2026-04-01,70,4,58,20,18,26572.7
202604,2026-04-01,71,4,50,25,10,18509.0
202604,2026-04-01,72,4,73,30,12,26755.96
202604,2026-04-01,73,4,90,35,10,24308.1
202604,2026-04-01,74,4,99,30,12,41490.9
202604,2026-04-01,75,4,91,35,12,15986.88
202604,2026-04-01,76,4,47,25,15,20565.79
202604,2026-04-01,77,4,40,20,18,4009.2
202604,2026-04-01,78,4,68,30,12,24817.96
202604,2026-04-01,79,4,73,25,10,15421.98
202604,2026-04-01,80,4,73,20,12,33223.03
202604,2026-04-01,81,4,57,35,15,12671.67
202604,2026-04-01,82,4,66,35,10,31264.86
202604,2026-04-01,83,4,62,20,18,25371.02
202604,2026-04-01,84,4,76,35,12,33079.0
202604,2026-04-01,85,4,81,20,10,15323.58
202604,2026-04-01,86,4,73,35,12,41752.35
202604,2026-04-01,87,4,64,35,10,29593.6
202604,2026-04-01,88,4,74,30,15,11472.96
202604,2026-04-01,89,4,74,25,18,10787.72
202604,2026-04-01,90,4,95,20,18,34126.85
202604,2026-04-01,91,4,70,25,12,31796.1
202604,2026-04-01,92,4,45,25,10,18313.2
202604,2026-04-01,93,4,39,35,12,12797.46
202604,2026-04-01,94,4,82,30,18,29242.02
202604,2026-04-01,95,4,62,35,12,10955.4
202604,2026-04-01,96,4,56,30,18,10333.68
202604,2026-04-01,97,4,75,35,15,29103.75
202604,2026-04-01,98,4,67,35,15,21505.66
202604,2026-04-01,99,4,90,25,15,37213.2
202604,2026-04-01,100,4,58,20,10,21363.72
202604,2026-04-01,1,5,48,30,10,9900.96
202604,2026-04-01,2,5,62,20,12,26570.72
202604,2026-04-01,3,5,67,25,18,24675.43
202604,2026-04-01,4,5,55,25,10,20184.45
202604,2026-04-01,5,5,44,25,12,23437.92
202604,2026-04-01,6,5,39,30,12,8861.97
202604,2026-04-01,7,5,79,35,15,15787.36
202604,2026-04-01,8,5,71,35,12,21987.28
202604,2026-04-01,9,5,39,30,12,4202.64
202604,2026-04-01,10,5,48,25,15,21712.8
202604,2026-04-01,11,5,63,35,10,33413.94
202604,2026-04-01,12,5,71,20,12,4975.68
202604,2026-04-01,13,5,40,20,12,5602.0
202604,2026-04-01,14,5,52,20,18,4539.6
202604,2026-04-01,15,5,40,30,18,16780.4
202604,2026-04-01,16,5,57,25,10,15147.18
202604,2026-04-01,17,5,58,30,12,3497.4
202604,2026-04-01,18,5,19,20,10,7778.79
202604,2026-04-01,19,5,50,20,12,12153.0
202604,2026-04-01,20,5,73,20,18,46295.87
202604,2026-04-01,21,5,32,35,10,12866.24
202604,2026-04-01,22,5,43,25,18,3555.67
202604,2026-04-01,23,5,51,35,18,31961.19
202604,2026-04-01,24,5,45,35,12,11420.1
202604,2026-04-01,25,5,58,35,15,28131.74
202604,2026-04-01,26,5,52,35,12,10258.04
202604,2026-04-01,27,5,71,20,12,24808.82
202604,2026-04-01,28,5,8,25,18,4564.96
202604,2026-04-01,29,5,21,30,15,1344.84
202604,2026-04-01,30,5,55,30,10,26244.35
202604,2026-04-01,31,5,73,25,12,6801.41
202604,2026-04-01,32,5,69,35,10,13376.34
202604,2026-04-01,33,5,89,25,15,52102.38
202604,2026-04-01,34,5,34,20,12,13483.38
202604,2026-04-01,35,5,63,35,15,16698.15
202604,2026-04-01,36,5,51,25,15,6996.18
202604,2026-04-01,37,5,71,25,10,19682.62
202604,2026-04-01,38,5,59,25,12,10217.03
202604,2026-04-01,39,5,55,30,15,15275.15
202604,2026-04-01,40,5,35,25,18,12140.45
202604,2026-04-01,41,5,65,30,18,10073.7
202604,2026-04-01,42,5,81,35,10,6504.3
202604,2026-04-01,43,5,99,30,10,28177.38
202604,2026-04-01,44,5,67,25,10,4174.77
202604,2026-04-01,45,5,73,30,18,9524.31
202604,2026-04-01,46,5,65,35,10,7951.45
202604,2026-04-01,47,5,44,35,10,23382.48
202604,2026-04-01,48,5,56,25,18,21629.44
202604,2026-04-01,49,5,69,30,12,41654.61
202604,2026-04-01,50,5,74,30,15,18947.7
202604,2026-04-01,51,5,70,20,15,6384.7
202604,2026-04-01,52,5,90,25,12,53127.9
202604,2026-04-01,53,5,45,25,10,19872.9
202604,2026-04-01,54,5,54,20,15,5383.26
202604,2026-04-01,55,5,92,20,15,32733.6
202604,2026-04-01,56,5,51,35,18,17374.68
202604,2026-04-01,57,5,62,35,18,28299.9
202604,2026-04-01,58,5,89,30,10,33227.26
202604,2026-04-01,59,5,101,25,18,10445.42
202604,2026-04-01,60,5,101,20,18,35398.48
202604,2026-04-01,61,5,56,30,18,26383.84
202604,2026-04-01,62,5,52,35,15,7690.28
202604,2026-04-01,63,5,48,25,12,15388.8
202604,2026-04-01,64,5,71,25,18,23351.9
202604,2026-04-01,65,5,32,20,15,10185.6
202604,2026-04-01,66,5,50,30,10,29078.0
202604,2026-04-01,67,5,74,25,15,9237.42
202604,2026-04-01,68,5,101,30,15,43201.74
202604,2026-04-01,69,5,42,25,15,16679.88
202604,2026-04-01,70,5,67,30,18,30696.05
202604,2026-04-01,71,5,84,35,18,31095.12
202604,2026-04-01,72,5,66,35,10,24190.32
202604,2026-04-01,73,5,61,25,18,16475.49
202604,2026-04-01,74,5,41,30,15,17183.1
202604,2026-04-01,75,5,75,20,10,13176.0
202604,2026-04-01,76,5,48,20,15,21003.36
202604,2026-04-01,77,5,76,30,18,7617.48
202604,2026-04-01,78,5,75,35,12,27372.75
202604,2026-04-01,79,5,79,25,12,16689.54
202604,2026-04-01,80,5,57,30,12,25941.27
202604,2026-04-01,81,5,44,35,10,9781.64
202604,2026-04-01,82,5,54,20,15,25580.34
202604,2026-04-01,83,5,95,20,12,38874.95
202604,2026-04-01,84,5,80,35,10,34820.0
202604,2026-04-01,85,5,100,35,18,18918.0
202604,2026-04-01,86,5,82,20,15,46899.9
202604,2026-04-01,87,5,72,25,18,33292.8
202604,2026-04-01,88,5,59,20,18,9147.36
202604,2026-04-01,89,5,84,20,18,12245.52
202604,2026-04-01,90,5,96,25,10,34486.08
202604,2026-04-01,91,5,60,25,10,27253.8
202604,2026-04-01,92,5,68,25,12,27673.28
202604,2026-04-01,93,5,73,20,10,23954.22
202604,2026-04-01,94,5,103,25,10,36730.83
202604,2026-04-01,95,5,92,35,18,16256.4
202604,2026-04-01,96,5,64,35,18,11809.92
202604,2026-04-01,97,5,70,25,18,27163.5
202604,2026-04-01,98,5,60,25,10,19258.8
202604,2026-04-01,99,5,79,25,18,32664.92
202604,2026-04-01,100,5,77,25,15,28362.18
202604,2026-04-01,1,6,30,30,12,6188.1
202604,2026-04-01,2,6,75,35,15,32142.0
202604,2026-04-01,3,6,54,35,18,19887.66
202604,2026-04-01,4,6,38,20,18,13945.62
202604,2026-04-01,5,6,63,20,10,33558.84
202604,2026-04-01,6,6,83,30,18,18860.09
202604,2026-04-01,7,6,52,30,18,10391.68
202604,2026-04-01,8,6,45,30,12,13935.6
202604,2026-04-01,9,6,85,35,18,9159.6
202604,2026-04-01,10,6,44,35,10,19903.4
202604,2026-04-01,11,6,50,30,15,26519.0
202604,2026-04-01,12,6,44,35,18,3083.52
202604,2026-04-01,13,6,42,25,12,5882.1
202604,2026-04-01,14,6,77,20,18,6722.1
202604,2026-04-01,15,6,54,30,10,22653.54
202604,2026-04-01,16,6,36,30,15,9566.64
202604,2026-04-01,17,6,53,35,18,3195.9
202604,2026-04-01,18,6,53,25,10,21698.73
202604,2026-04-01,19,6,63,30,18,15312.78
202604,2026-04-01,20,6,54,20,10,34246.26
202604,2026-04-01,21,6,80,25,15,32165.6
202604,2026-04-01,22,6,65,25,10,5374.85
202604,2026-04-01,23,6,56,25,12,35094.64
202604,2026-04-01,24,6,34,35,18,8628.52
202604,2026-04-01,25,6,100,25,15,48503.0
202604,2026-04-01,26,6,57,30,18,11244.39
202604,2026-04-01,27,6,10,20,10,3494.2
202604,2026-04-01,28,6,52,30,10,29672.24
202604,2026-04-01,29,6,71,30,10,4546.84
202604,2026-04-01,30,6,41,20,15,19563.97
202604,2026-04-01,31,6,62,35,10,5776.54
202604,2026-04-01,32,6,75,30,18,14539.5
202604,2026-04-01,33,6,85,20,10,49760.7
202604,2026-04-01,34,6,54,20,10,21414.78
202604,2026-04-01,35,6,73,20,10,19348.65
202604,2026-04-01,36,6,69,35,12,9465.42
202604,2026-04-01,37,6,57,30,15,15801.54
202604,2026-04-01,38,6,50,35,18,8658.5
202604,2026-04-01,39,6,63,25,15,17496.99
202604,2026-04-01,40,6,55,35,15,19077.85
202604,2026-04-01,41,6,65,25,18,10073.7
202604,2026-04-01,42,6,95,25,10,7628.5
202604,2026-04-01,43,6,87,30,10,24761.94
202604,2026-04-01,44,6,49,25,10,3053.19
202604,2026-04-01,45,6,81,30,18,10568.07
202604,2026-04-01,46,6,92,35,10,11254.36
202604,2026-04-01,47,6,86,25,12,45702.12
202604,2026-04-01,48,6,43,20,12,16608.32
202604,2026-04-01,49,6,59,20,15,35617.71
202604,2026-04-01,50,6,68,30,12,17411.4
202604,2026-04-01,51,6,70,30,12,6384.7
202604,2026-04-01,52,6,60,30,10,35418.6
202604,2026-04-01,53,6,70,20,10,30913.4
202604,2026-04-01,54,6,59,20,12,5881.71
202604,2026-04-01,55,6,88,30,15,31310.4
202604,2026-04-01,56,6,40,20,15,13627.2
202604,2026-04-01,57,6,73,25,15,33320.85
202604,2026-04-01,58,6,100,20,12,37334.0
202604,2026-04-01,59,6,62,30,18,6412.04
202604,2026-04-01,60,6,57,20,12,19977.36
202604,2026-04-01,61,6,70,25,12,32979.8
202604,2026-04-01,62,6,75,35,18,11091.75
202604,2026-04-01,63,6,22,35,18,7053.2
202604,2026-04-01,64,6,77,35,10,25325.3
202604,2026-04-01,65,6,61,35,12,19416.3
202604,2026-04-01,66,6,54,30,10,31404.24
202604,2026-04-01,67,6,92,25,15,11484.36
202604,2026-04-01,68,6,51,20,12,21814.74
202604,2026-04-01,69,6,61,35,12,24225.54
202604,2026-04-01,70,6,55,35,15,25198.25
202604,2026-04-01,71,6,84,30,12,31095.12
202604,2026-04-01,72,6,84,20,10,30787.68
202604,2026-04-01,73,6,77,25,18,20796.93
202604,2026-04-01,74,6,80,25,12,33528.0
202604,2026-04-01,75,6,52,25,18,9135.36
202604,2026-04-01,76,6,76,20,12,33255.32
202604,2026-04-01,77,6,76,35,18,7617.48
202604,2026-04-01,78,6,106,25,12,38686.82
202604,2026-04-01,79,6,78,20,18,16478.28
202604,2026-04-01,80,6,95,20,15,43235.45
202604,2026-04-01,81,6,54,30,10,12004.74
202604,2026-04-01,82,6,79,30,10,37423.09
202604,2026-04-01,83,6,91,25,12,37238.11
202604,2026-04-01,84,6,50,20,10,21762.5
202604,2026-04-01,85,6,87,35,18,16458.66
202604,2026-04-01,86,6,72,20,15,41180.4
202604,2026-04-01,87,6,83,35,18,38379.2
202604,2026-04-01,88,6,80,35,18,12403.2
202604,2026-04-01,89,6,75,35,10,10933.5
202604,2026-04-01,90,6,81,25,12,29097.63
202604,2026-04-01,91,6,78,20,12,35429.94
202604,2026-04-01,92,6,76,20,12,30928.96
202604,2026-04-01,93,6,59,35,15,19360.26
202604,2026-04-01,94,6,70,35,15,24962.7
202604,2026-04-01,95,6,71,20,15,12545.7
202604,2026-04-01,96,6,62,25,12,11440.86
202604,2026-04-01,97,6,137,20,12,53162.85
202604,2026-04-01,98,6,62,35,10,19900.76
202604,2026-04-01,99,6,72,35,18,29770.56
202604,2026-04-01,100,6,61,35,18,22468.74
202605,2026-05-01,1,1,87,20,12,17945.49
202605,2026-05-01,2,1,50,30,18,21428.0
202605,2026-05-01,3,1,55,25,18,20255.95
202605,2026-05-01,4,1,52,30,15,19083.48
202605,2026-05-01,5,1,50,35,10,26634.0
202605,2026-05-01,6,1,56,25,18,12724.88
202605,2026-05-01,7,1,56,30,18,11191.04
202605,2026-05-01,8,1,37,35,15,11458.16
202605,2026-05-01,9,1,52,30,10,5603.52
202605,2026-05-01,10,1,39,30,15,17641.65
202605,2026-05-01,11,1,36,25,18,19093.68
202605,2026-05-01,12,1,28,30,12,1962.24
202605,2026-05-01,13,1,39,30,18,5461.95
202605,2026-05-01,14,1,56,30,15,4888.8
202605,2026-05-01,15,1,42,25,15,17619.42
202605,2026-05-01,16,1,29,25,18,7706.46
202605,2026-05-01,17,1,50,20,10,3015.0
202605,2026-05-01,18,1,56,30,10,22926.96
202605,2026-05-01,19,1,73,20,10,17743.38
202605,2026-05-01,20,1,30,30,18,19025.7
202605,2026-05-01,21,1,74,35,12,29753.18
202605,2026-05-01,22,1,55,25,15,4547.95
202605,2026-05-01,23,1,37,20,15,23187.53
202605,2026-05-01,24,1,42,35,18,10658.76
202605,2026-05-01,25,1,66,30,18,32011.98
202605,2026-05-01,26,1,69,35,10,13611.63
202605,2026-05-01,27,1,91,30,10,31797.22
202605,2026-05-01,28,1,39,35,10,22254.18
202605,2026-05-01,29,1,40,25,12,2561.6
202605,2026-05-01,30,1,53,20,12,25290.01
202605,2026-05-01,31,1,39,30,18,3633.63
202605,2026-05-01,32,1,64,30,10,12407.04
202605,2026-05-01,33,1,58,25,18,33954.36
202605,2026-05-01,34,1,46,30,18,18242.22
202605,2026-05-01,35,1,59,20,12,15637.95
202605,2026-05-01,36,1,83,30,15,11385.94
202605,2026-05-01,37,1,59,35,12,16355.98
202605,2026-05-01,38,1,37,25,12,6407.29
202605,2026-05-01,39,1,43,25,12,11942.39
202605,2026-05-01,40,1,43,30,15,14915.41
202605,2026-05-01,41,1,75,25,15,11623.5
202605,2026-05-01,42,1,56,30,18,4496.8
202605,2026-05-01,43,1,72,20,15,20492.64
202605,2026-05-01,44,1,63,20,15,3925.53
202605,2026-05-01,45,1,75,30,18,9785.25
202605,2026-05-01,46,1,64,25,18,7829.12
202605,2026-05-01,47,1,76,25,10,40387.92
202605,2026-05-01,48,1,24,25,12,9269.76
202605,2026-05-01,49,1,69,30,12,41654.61
202605,2026-05-01,50,1,73,35,10,18691.65
202605,2026-05-01,51,1,88,35,10,8026.48
202605,2026-05-01,52,1,73,35,12,43092.63
202605,2026-05-01,53,1,59,35,18,26055.58
202605,2026-05-01,54,1,80,30,18,7975.2
202605,2026-05-01,55,1,84,35,12,29887.2
202605,2026-05-01,56,1,76,25,18,25891.68
202605,2026-05-01,57,1,82,20,12,37428.9
202605,2026-05-01,58,1,66,30,15,24640.44
202605,2026-05-01,59,1,78,35,18,8066.76
202605,2026-05-01,60,1,67,25,18,23482.16
202605,2026-05-01,61,1,71,20,12,33450.94
202605,2026-05-01,62,1,107,20,12,15824.23
202605,2026-05-01,63,1,65,25,15,20839.0
202605,2026-05-01,64,1,59,20,12,19405.1
202605,2026-05-01,65,1,64,25,12,20371.2
202605,2026-05-01,66,1,80,20,18,46524.8
202605,2026-05-01,67,1,57,25,15,7115.31
202605,2026-05-01,68,1,62,25,15,26519.88
202605,2026-05-01,69,1,63,20,15,25019.82
202605,2026-05-01,70,1,59,30,15,27030.85
202605,2026-05-01,71,1,70,30,15,25912.6
202605,2026-05-01,72,1,69,20,12,25289.88
202605,2026-05-01,73,1,70,30,12,18906.3
202605,2026-05-01,74,1,77,20,15,32270.7
202605,2026-05-01,75,1,80,20,10,14054.4
202605,2026-05-01,76,1,40,25,15,17502.8
202605,2026-05-01,77,1,74,35,12,7417.02
202605,2026-05-01,78,1,47,20,12,17153.59
202605,2026-05-01,79,1,58,25,12,12253.08
202605,2026-05-01,80,1,38,35,18,17294.18
202605,2026-05-01,81,1,40,25,15,8892.4
202605,2026-05-01,82,1,51,30,10,24159.21
202605,2026-05-01,83,1,120,30,18,49105.2
202605,2026-05-01,84,1,78,35,15,33949.5
202605,2026-05-01,85,1,65,35,10,12296.7
202605,2026-05-01,86,1,96,35,18,54907.2
202605,2026-05-01,87,1,79,25,10,36529.6
202605,2026-05-01,88,1,51,25,12,7907.04
202605,2026-05-01,89,1,103,30,10,15015.34
202605,2026-05-01,90,1,81,35,12,29097.63
202605,2026-05-01,91,1,54,35,15,24528.42
202605,2026-05-01,92,1,74,35,15,30115.04
202605,2026-05-01,93,1,87,25,15,28548.18
202605,2026-05-01,94,1,107,35,18,38157.27
202605,2026-05-01,95,1,86,20,12,15196.2
202605,2026-05-01,96,1,81,25,10,14946.93
202605,2026-05-01,97,1,63,25,15,24447.15
202605,2026-05-01,98,1,40,35,12,12839.2
202605,2026-05-01,99,1,76,30,18,31424.48
202605,2026-05-01,100,1,59,35,12,21732.06
202605,2026-05-01,1,2,67,35,12,13820.09
202605,2026-05-01,2,2,41,20,18,17570.96
202605,2026-05-01,3,2,65,25,12,23938.85
202605,2026-05-01,4,2,75,20,15,27524.25
202605,2026-05-01,5,2,49,35,10,26101.32
202605,2026-05-01,6,2,25,20,18,5680.75
202605,2026-05-01,7,2,93,25,18,18585.12
202605,2026-05-01,8,2,60,25,10,18580.8
202605,2026-05-01,9,2,57,25,12,6142.32
202605,2026-05-01,10,2,27,35,15,12213.45
202605,2026-05-01,11,2,87,20,15,46143.06
202605,2026-05-01,12,2,18,35,15,1261.44
202605,2026-05-01,13,2,49,20,10,6862.45
202605,2026-05-01,14,2,86,35,12,7507.8
202605,2026-05-01,15,2,52,30,12,21814.52
202605,2026-05-01,16,2,44,20,12,11692.56
202605,2026-05-01,17,2,42,20,10,2532.6
202605,2026-05-01,18,2,70,20,18,28658.7
202605,2026-05-01,19,2,65,35,12,15798.9
202605,2026-05-01,20,2,58,35,18,36783.02
202605,2026-05-01,21,2,59,25,12,23722.13
202605,2026-05-01,22,2,29,30,15,2398.01
202605,2026-05-01,23,2,75,30,15,47001.75
202605,2026-05-01,24,2,64,20,15,16241.92
202605,2026-05-01,25,2,26,20,15,12610.78
202605,2026-05-01,26,2,44,35,18,8679.88
202605,2026-05-01,27,2,55,25,12,19218.1
202605,2026-05-01,28,2,58,30,10,33095.96
202605,2026-05-01,29,2,71,20,10,4546.84
202605,2026-05-01,30,2,86,30,18,41036.62
202605,2026-05-01,31,2,83,20,10,7733.11
202605,2026-05-01,32,2,62,35,18,12019.32
202605,2026-05-01,33,2,49,20,10,28685.58
202605,2026-05-01,34,2,25,25,18,9914.25
202605,2026-05-01,35,2,46,20,15,12192.3
202605,2026-05-01,36,2,7,35,10,960.26
202605,2026-05-01,37,2,21,20,18,5821.62
202605,2026-05-01,38,2,17,30,15,2943.89
202605,2026-05-01,39,2,36,25,10,9998.28
202605,2026-05-01,40,2,44,35,12,15262.28
202605,2026-05-01,41,2,74,30,15,11468.52
202605,2026-05-01,42,2,74,20,10,5942.2
202605,2026-05-01,43,2,102,35,18,29031.24
202605,2026-05-01,44,2,83,35,15,5171.73
202605,2026-05-01,45,2,80,30,18,10437.6
202605,2026-05-01,46,2,89,25,12,10887.37
202605,2026-05-01,47,2,92,20,18,48890.64
202605,2026-05-01,48,2,32,30,10,12359.68
202605,2026-05-01,49,2,71,25,15,42861.99
202605,2026-05-01,50,2,93,25,12,23812.65
202605,2026-05-01,51,2,57,25,15,5198.97
202605,2026-05-01,52,2,73,30,15,43092.63
202605,2026-05-01,53,2,84,20,18,37096.08
202605,2026-05-01,54,2,77,20,10,7676.13
202605,2026-05-01,55,2,89,20,18,31666.2
202605,2026-05-01,56,2,104,25,15,35430.72
202605,2026-05-01,57,2,86,20,12,39254.7
202605,2026-05-01,58,2,45,25,10,16800.3
202605,2026-05-01,59,2,85,30,10,8790.7
202605,2026-05-01,60,2,42,35,18,14720.16
202605,2026-05-01,61,2,67,35,10,31566.38
202605,2026-05-01,62,2,91,30,15,13457.99
202605,2026-05-01,63,2,57,25,12,18274.2
202605,2026-05-01,64,2,73,25,10,24009.7
202605,2026-05-01,65,2,39,35,10,12413.7
202605,2026-05-01,66,2,98,30,18,56992.88
202605,2026-05-01,67,2,59,30,15,7364.97
202605,2026-05-01,68,2,51,30,10,21814.74
202605,2026-05-01,69,2,66,25,12,26211.24
202605,2026-05-01,70,2,81,30,12,37110.15
202605,2026-05-01,71,2,57,25,10,21100.26
202605,2026-05-01,72,2,96,25,10,35185.92
202605,2026-05-01,73,2,81,30,12,21877.29
202605,2026-05-01,74,2,65,20,15,27241.5
202605,2026-05-01,75,2,94,25,10,16513.92
202605,2026-05-01,76,2,43,35,18,18815.51
202605,2026-05-01,77,2,84,20,10,8419.32
202605,2026-05-01,78,2,78,25,18,28467.66
202605,2026-05-01,79,2,43,35,12,9084.18
202605,2026-05-01,80,2,90,30,10,40959.9
202605,2026-05-01,81,2,85,30,10,18896.35
202605,2026-05-01,82,2,58,35,12,27475.18
202605,2026-05-01,83,2,101,25,15,41330.21
202605,2026-05-01,84,2,44,20,12,19151.0
202605,2026-05-01,85,2,70,30,12,13242.6
202605,2026-05-01,86,2,82,20,12,46899.9
202605,2026-05-01,87,2,92,25,15,42540.8
202605,2026-05-01,88,2,60,20,12,9302.4
202605,2026-05-01,89,2,57,35,15,8309.46
202605,2026-05-01,90,2,63,35,12,22631.49
202605,2026-05-01,91,2,85,25,12,38609.55
202605,2026-05-01,92,2,91,30,15,37033.36
202605,2026-05-01,93,2,67,20,12,21985.38
202605,2026-05-01,94,2,87,35,18,31025.07
202605,2026-05-01,95,2,102,30,15,18023.4
202605,2026-05-01,96,2,34,25,15,6274.02
202605,2026-05-01,97,2,47,25,15,18238.35
202605,2026-05-01,98,2,52,20,12,16690.96
202605,2026-05-01,99,2,27,25,10,11163.96
202605,2026-05-01,100,2,84,35,15,30940.56
202605,2026-05-01,1,3,47,20,15,9694.69
202605,2026-05-01,2,3,24,35,12,10285.44
202605,2026-05-01,3,3,58,25,10,21360.82
202605,2026-05-01,4,3,70,30,10,25689.3
202605,2026-05-01,5,3,74,30,10,39418.32
202605,2026-05-01,6,3,51,30,18,11588.73
202605,2026-05-01,7,3,82,20,15,16386.88
202605,2026-05-01,8,3,45,20,15,13935.6
202605,2026-05-01,9,3,50,20,12,5388.0
202605,2026-05-01,10,3,59,25,18,26688.65
202605,2026-05-01,11,3,14,35,12,7425.32
202605,2026-05-01,12,3,38,20,10,2663.04
202605,2026-05-01,13,3,32,20,18,4481.6
202605,2026-05-01,14,3,54,30,15,4714.2
202605,2026-05-01,15,3,53,30,18,22234.03
202605,2026-05-01,16,3,52,25,10,13818.48
202605,2026-05-01,17,3,47,20,18,2834.1
202605,2026-05-01,18,3,76,20,18,31115.16
202605,2026-05-01,19,3,61,30,10,14826.66
202605,2026-05-01,20,3,66,20,12,41856.54
202605,2026-05-01,21,3,69,30,15,27742.83
202605,2026-05-01,22,3,37,35,15,3059.53
202605,2026-05-01,23,3,53,35,15,33214.57
202605,2026-05-01,24,3,58,35,12,14719.24
202605,2026-05-01,25,3,52,35,15,25221.56
202605,2026-05-01,26,3,55,30,18,10849.85
202605,2026-05-01,27,3,37,35,18,12928.54
202605,2026-05-01,28,3,27,20,18,15406.74
202605,2026-05-01,29,3,65,25,12,4162.6
202605,2026-05-01,30,3,22,35,18,10497.74
202605,2026-05-01,31,3,58,20,15,5403.86
202605,2026-05-01,32,3,50,35,15,9693.0
202605,2026-05-01,33,3,43,20,12,25173.06
202605,2026-05-01,34,3,87,20,10,34501.59
202605,2026-05-01,35,3,41,20,12,10867.05
202605,2026-05-01,36,3,76,35,12,10425.68
202605,2026-05-01,37,3,80,25,15,22177.6
202605,2026-05-01,38,3,56,25,15,9697.52
202605,2026-05-01,39,3,66,20,15,18330.18
202605,2026-05-01,40,3,30,25,12,10406.1
202605,2026-05-01,41,3,83,30,10,12863.34
202605,2026-05-01,42,3,93,35,10,7467.9
202605,2026-05-01,43,3,111,25,18,31592.82
202605,2026-05-01,44,3,64,30,18,3987.84
202605,2026-05-01,45,3,64,35,15,8350.08
202605,2026-05-01,46,3,74,25,18,9052.42
202605,2026-05-01,47,3,74,35,15,39325.08
202605,2026-05-01,48,3,60,20,12,23174.4
202605,2026-05-01,49,3,86,20,18,51917.34
202605,2026-05-01,50,3,72,25,18,18435.6
202605,2026-05-01,51,3,118,35,10,10762.78
202605,2026-05-01,52,3,68,35,15,40141.08
202605,2026-05-01,53,3,72,25,15,31796.64
202605,2026-05-01,54,3,66,20,12,6579.54
202605,2026-05-01,55,3,104,30,12,37003.2
202605,2026-05-01,56,3,86,35,18,29298.48
202605,2026-05-01,57,3,81,30,12,36972.45
202605,2026-05-01,58,3,74,25,12,27627.16
202605,2026-05-01,59,3,74,20,12,7653.08
202605,2026-05-01,60,3,108,30,12,37851.84
202605,2026-05-01,61,3,60,30,12,28268.4
202605,2026-05-01,62,3,67,35,10,9908.63
202605,2026-05-01,63,3,82,30,12,26289.2
202605,2026-05-01,64,3,22,25,18,7235.8
202605,2026-05-01,65,3,69,25,15,21962.7
202605,2026-05-01,66,3,77,20,10,44780.12
202605,2026-05-01,67,3,57,20,15,7115.31
202605,2026-05-01,68,3,86,35,15,36785.64
202605,2026-05-01,69,3,65,35,15,25814.1
202605,2026-05-01,70,3,52,30,18,23823.8
202605,2026-05-01,71,3,61,25,18,22580.98
202605,2026-05-01,72,3,103,35,10,37751.56
202605,2026-05-01,73,3,49,30,10,13234.41
202605,2026-05-01,74,3,55,35,18,23050.5
202605,2026-05-01,75,3,69,20,15,12121.92
202605,2026-05-01,76,3,74,30,18,32380.18
202605,2026-05-01,77,3,85,30,18,8519.55
202605,2026-05-01,78,3,53,35,12,19343.41
202605,2026-05-01,79,3,84,35,10,17745.84
202605,2026-05-01,80,3,50,20,12,22755.5
202605,2026-05-01,81,3,74,30,10,16450.94
202605,2026-05-01,82,3,51,30,18,24159.21
202605,2026-05-01,83,3,83,25,18,33964.43
202605,2026-05-01,84,3,72,20,10,31338.0
202605,2026-05-01,85,3,103,20,15,19485.54
202605,2026-05-01,86,3,52,20,18,29741.4
202605,2026-05-01,87,3,33,30,18,15259.2
202605,2026-05-01,88,3,108,30,12,16744.32
202605,2026-05-01,89,3,69,20,18,10058.82
202605,2026-05-01,90,3,64,25,10,22990.72
202605,2026-05-01,91,3,55,35,18,24982.65
202605,2026-05-01,92,3,39,20,18,15871.44
202605,2026-05-01,93,3,66,20,18,21657.24
202605,2026-05-01,94,3,55,30,18,19613.55
202605,2026-05-01,95,3,92,25,12,16256.4
202605,2026-05-01,96,3,71,35,12,13101.63
202605,2026-05-01,97,3,93,30,10,36088.65
202605,2026-05-01,98,3,64,20,10,20542.72
202605,2026-05-01,99,3,47,30,15,19433.56
202605,2026-05-01,100,3,55,35,18,20258.7
202605,2026-05-01,1,4,0,35,10,0.0
202605,2026-05-01,2,4,39,25,18,16713.84
202605,2026-05-01,3,4,93,30,18,34250.97
202605,2026-05-01,4,4,13,25,10,4770.87
202605,2026-05-01,5,4,56,25,10,29830.08
202605,2026-05-01,6,4,56,25,18,12724.88
202605,2026-05-01,7,4,69,30,12,13788.96
202605,2026-05-01,8,4,65,30,10,20129.2
202605,2026-05-01,9,4,74,35,10,7974.24
202605,2026-05-01,10,4,59,30,10,26688.65
202605,2026-05-01,11,4,26,30,15,13789.88
202605,2026-05-01,12,4,47,30,12,3293.76
202605,2026-05-01,13,4,79,35,12,11063.95
202605,2026-05-01,14,4,39,20,15,3404.7
202605,2026-05-01,15,4,21,25,18,8809.71
202605,2026-05-01,16,4,53,35,12,14084.22
202605,2026-05-01,17,4,66,20,15,3979.8
202605,2026-05-01,18,4,69,30,18,28249.29
202605,2026-05-01,19,4,56,35,10,13611.36
202605,2026-05-01,20,4,51,35,10,32343.69
202605,2026-05-01,21,4,25,35,15,10051.75
202605,2026-05-01,22,4,51,30,10,4217.19
202605,2026-05-01,23,4,38,30,15,23814.22
202605,2026-05-01,24,4,23,20,10,5836.94
202605,2026-05-01,25,4,48,20,15,23281.44
202605,2026-05-01,26,4,47,20,18,9271.69
202605,2026-05-01,27,4,34,30,18,11880.28
202605,2026-05-01,28,4,56,20,12,31954.72
202605,2026-05-01,29,4,61,25,10,3906.44
202605,2026-05-01,30,4,66,20,18,31493.22
202605,2026-05-01,31,4,73,30,10,6801.41
202605,2026-05-01,32,4,36,35,18,6978.96
202605,2026-05-01,33,4,48,25,18,28100.16
202605,2026-05-01,34,4,33,25,12,13086.81
202605,2026-05-01,35,4,60,30,15,15903.0
202605,2026-05-01,36,4,28,25,18,3841.04
202605,2026-05-01,37,4,14,25,15,3881.08
202605,2026-05-01,38,4,53,30,18,9178.01
202605,2026-05-01,39,4,13,25,15,3610.49
202605,2026-05-01,40,4,70,20,18,24280.9
202605,2026-05-01,41,4,90,25,18,13948.2
202605,2026-05-01,42,4,58,35,15,4657.4
202605,2026-05-01,43,4,84,30,18,23908.08
202605,2026-05-01,44,4,69,30,18,4299.39
202605,2026-05-01,45,4,104,25,18,13568.88
202605,2026-05-01,46,4,66,20,10,8073.78
202605,2026-05-01,47,4,62,30,12,32948.04
202605,2026-05-01,48,4,68,25,15,26264.32
202605,2026-05-01,49,4,55,20,18,33202.95
202605,2026-05-01,50,4,99,35,18,25348.95
202605,2026-05-01,51,4,62,20,15,5655.02
202605,2026-05-01,52,4,40,25,18,23612.4
202605,2026-05-01,53,4,58,20,10,25613.96
202605,2026-05-01,54,4,71,35,15,7077.99
202605,2026-05-01,55,4,73,25,10,25973.4
202605,2026-05-01,56,4,54,30,10,18396.72
202605,2026-05-01,57,4,68,25,15,31038.6
202605,2026-05-01,58,4,75,35,10,28000.5
202605,2026-05-01,59,4,92,20,15,9514.64
202605,2026-05-01,60,4,59,20,12,20678.32
202605,2026-05-01,61,4,77,20,18,36277.78
202605,2026-05-01,62,4,30,35,18,4436.7
202605,2026-05-01,63,4,83,35,15,26609.8
202605,2026-05-01,64,4,59,25,18,19405.1
202605,2026-05-01,65,4,78,20,18,24827.4
202605,2026-05-01,66,4,69,20,12,40127.64
202605,2026-05-01,67,4,77,35,18,9611.91
202605,2026-05-01,68,4,46,20,18,19676.04
202605,2026-05-01,69,4,86,35,12,34154.04
202605,2026-05-01,70,4,69,30,10,31612.35
202605,2026-05-01,71,4,89,35,15,32946.02
202605,2026-05-01,72,4,53,25,18,19425.56
202605,2026-05-01,73,4,86,25,10,23227.74
202605,2026-05-01,74,4,52,30,12,21793.2
202605,2026-05-01,75,4,90,20,18,15811.2
202605,2026-05-01,76,4,73,35,18,31942.61
202605,2026-05-01,77,4,82,35,12,8218.86
202605,2026-05-01,78,4,77,25,18,28102.69
202605,2026-05-01,79,4,48,20,12,10140.48
202605,2026-05-01,80,4,60,30,15,27306.6
202605,2026-05-01,81,4,76,25,10,16895.56
202605,2026-05-01,82,4,56,35,12,26527.76
202605,2026-05-01,83,4,46,20,15,18823.66
202605,2026-05-01,84,4,54,30,18,23503.5
202605,2026-05-01,85,4,95,30,18,17972.1
202605,2026-05-01,86,4,74,25,15,42324.3
202605,2026-05-01,87,4,87,35,10,40228.8
202605,2026-05-01,88,4,64,30,18,9922.56
202605,2026-05-01,89,4,51,35,12,7434.78
202605,2026-05-01,90,4,84,20,12,30175.32
202605,2026-05-01,91,4,107,35,10,48602.61
202605,2026-05-01,92,4,74,35,10,30115.04
202605,2026-05-01,93,4,57,30,15,18703.98
202605,2026-05-01,94,4,45,20,12,16047.45
202605,2026-05-01,95,4,87,35,10,15372.9
202605,2026-05-01,96,4,101,25,15,18637.53
202605,2026-05-01,97,4,56,20,18,21730.8
202605,2026-05-01,98,4,68,25,10,21826.64
202605,2026-05-01,99,4,66,25,12,27289.68
202605,2026-05-01,100,4,30,20,18,11050.2
202605,2026-05-01,1,5,60,35,18,12376.2
202605,2026-05-01,2,5,57,35,18,24427.92
202605,2026-05-01,3,5,48,30,15,17677.92
202605,2026-05-01,4,5,63,20,15,23120.37
202605,2026-05-01,5,5,14,25,12,7457.52
202605,2026-05-01,6,5,60,30,12,13633.8
202605,2026-05-01,7,5,32,20,18,6394.88
202605,2026-05-01,8,5,45,30,12,13935.6
202605,2026-05-01,9,5,27,30,12,2909.52
202605,2026-05-01,10,5,46,25,18,20808.1
202605,2026-05-01,11,5,53,20,18,28110.14
202605,2026-05-01,12,5,44,20,15,3083.52
202605,2026-05-01,13,5,63,20,12,8823.15
202605,2026-05-01,14,5,60,20,15,5238.0
202605,2026-05-01,15,5,58,35,12,24331.58
202605,2026-05-01,16,5,39,25,10,10363.86
202605,2026-05-01,17,5,59,25,18,3557.7
202605,2026-05-01,18,5,65,35,18,26611.65
202605,2026-05-01,19,5,54,30,15,13125.24
202605,2026-05-01,20,5,48,30,15,30441.12
202605,2026-05-01,21,5,85,25,18,34175.95
202605,2026-05-01,22,5,32,20,15,2646.08
202605,2026-05-01,23,5,55,20,10,34467.95
202605,2026-05-01,24,5,80,35,10,20302.4
202605,2026-05-01,25,5,65,30,15,31526.95
202605,2026-05-01,26,5,59,35,10,11638.93
202605,2026-05-01,27,5,66,30,12,23061.72
202605,2026-05-01,28,5,42,30,10,23966.04
202605,2026-05-01,29,5,85,35,18,5443.4
202605,2026-05-01,30,5,68,30,15,32447.56
202605,2026-05-01,31,5,67,20,12,6242.39
202605,2026-05-01,32,5,81,25,15,15702.66
202605,2026-05-01,33,5,40,35,12,23416.8
202605,2026-05-01,34,5,46,30,18,18242.22
202605,2026-05-01,35,5,54,25,18,14312.7
202605,2026-05-01,36,5,52,25,15,7133.36
202605,2026-05-01,37,5,88,35,10,24395.36
202605,2026-05-01,38,5,71,20,18,12295.07
202605,2026-05-01,39,5,47,25,15,13053.31
202605,2026-05-01,40,5,49,30,10,16996.63
202605,2026-05-01,41,5,35,30,10,5424.3
202605,2026-05-01,42,5,61,35,18,4898.3
202605,2026-05-01,43,5,75,30,10,21346.5
202605,2026-05-01,44,5,49,25,18,3053.19
202605,2026-05-01,45,5,71,30,15,9263.37
202605,2026-05-01,46,5,63,25,10,7706.79
202605,2026-05-01,47,5,78,25,18,41450.76
202605,2026-05-01,48,5,69,25,15,26650.56
202605,2026-05-01,49,5,39,30,15,23543.91
202605,2026-05-01,50,5,108,20,10,27653.4
202605,2026-05-01,51,5,66,35,18,6019.86
202605,2026-05-01,52,5,63,25,10,37189.53
202605,2026-05-01,53,5,76,25,15,33563.12
202605,2026-05-01,54,5,68,35,10,6778.92
202605,2026-05-01,55,5,57,35,15,20280.6
202605,2026-05-01,56,5,62,35,10,21122.16
202605,2026-05-01,57,5,86,30,12,39254.7
202605,2026-05-01,58,5,68,35,15,25387.12
202605,2026-05-01,59,5,71,25,12,7342.82
202605,2026-05-01,60,5,35,25,12,12266.8
202605,2026-05-01,61,5,88,30,18,41460.32
202605,2026-05-01,62,5,92,20,10,13605.88
202605,2026-05-01,63,5,42,20,10,13465.2
202605,2026-05-01,64,5,81,30,10,26640.9
202605,2026-05-01,65,5,60,25,18,19098.0
202605,2026-05-01,66,5,84,20,15,48851.04
202605,2026-05-01,67,5,96,20,15,11983.68
202605,2026-05-01,68,5,83,25,18,35502.42
202605,2026-05-01,69,5,56,30,10,22239.84
202605,2026-05-01,70,5,42,25,18,19242.3
202605,2026-05-01,71,5,107,20,18,39609.26
202605,2026-05-01,72,5,35,25,10,12828.2
202605,2026-05-01,73,5,71,20,10,19176.39
202605,2026-05-01,74,5,51,30,10,21374.1
202605,2026-05-01,75,5,86,30,10,15108.48
202605,2026-05-01,76,5,65,20,15,28442.05
202605,2026-05-01,77,5,82,20,12,8218.86
202605,2026-05-01,78,5,72,25,15,26277.84
202605,2026-05-01,79,5,88,20,15,18590.88
202605,2026-05-01,80,5,54,20,10,24575.94
202605,2026-05-01,81,5,94,20,15,20897.14
202605,2026-05-01,82,5,49,35,12,23211.79
202605,2026-05-01,83,5,64,30,18,26189.44
202605,2026-05-01,84,5,63,20,12,27420.75
202605,2026-05-01,85,5,98,20,12,18539.64
202605,2026-05-01,86,5,68,20,10,38892.6
202605,2026-05-01,87,5,52,35,18,24044.8
202605,2026-05-01,88,5,64,30,18,9922.56
202605,2026-05-01,89,5,85,20,12,12391.3
202605,2026-05-01,90,5,51,20,12,18320.73
202605,2026-05-01,91,5,73,30,18,33158.79
202605,2026-05-01,92,5,105,35,18,42730.8
202605,2026-05-01,93,5,84,30,12,27563.76
202605,2026-05-01,94,5,95,20,12,33877.95
202605,2026-05-01,95,5,75,30,12,13252.5
202605,2026-05-01,96,5,73,35,12,13470.69
202605,2026-05-01,97,5,67,20,18,25999.35
202605,2026-05-01,98,5,103,30,15,33060.94
202605,2026-05-01,99,5,51,30,10,21087.48
202605,2026-05-01,100,5,69,25,18,25415.46
202605,2026-05-01,1,6,74,20,12,15263.98
202605,2026-05-01,2,6,58,20,12,24856.48
202605,2026-05-01,3,6,38,25,10,13995.02
202605,2026-05-01,4,6,18,30,18,6605.82
202605,2026-05-01,5,6,39,30,18,20774.52
202605,2026-05-01,6,6,70,30,18,15906.1
202605,2026-05-01,7,6,59,20,18,11790.56
202605,2026-05-01,8,6,91,35,15,28180.88
202605,2026-05-01,9,6,47,35,10,5064.72
202605,2026-05-01,10,6,64,25,10,28950.4
202605,2026-05-01,11,6,69,30,15,36596.22
202605,2026-05-01,12,6,79,20,15,5536.32
202605,2026-05-01,13,6,37,25,18,5181.85
202605,2026-05-01,14,6,60,30,10,5238.0
202605,2026-05-01,15,6,36,35,15,15102.36
202605,2026-05-01,16,6,33,30,10,8769.42
202605,2026-05-01,17,6,3,35,12,180.9
202605,2026-05-01,18,6,56,30,12,22926.96
202605,2026-05-01,19,6,75,25,12,18229.5
202605,2026-05-01,20,6,30,25,10,19025.7
202605,2026-05-01,21,6,60,35,12,24124.2
202605,2026-05-01,22,6,62,30,18,5126.78
202605,2026-05-01,23,6,32,35,15,20054.08
202605,2026-05-01,24,6,76,20,12,19287.28
202605,2026-05-01,25,6,25,35,10,12125.75
202605,2026-05-01,26,6,49,25,15,9666.23
202605,2026-05-01,27,6,40,30,18,13976.8
202605,2026-05-01,28,6,80,30,15,45649.6
202605,2026-05-01,29,6,32,35,10,2049.28
202605,2026-05-01,30,6,67,20,15,31970.39
202605,2026-05-01,31,6,64,25,12,5962.88
202605,2026-05-01,32,6,72,30,10,13957.92
202605,2026-05-01,33,6,50,25,15,29271.0
202605,2026-05-01,34,6,78,30,15,30932.46
202605,2026-05-01,35,6,51,25,18,13517.55
202605,2026-05-01,36,6,52,30,10,7133.36
202605,2026-05-01,37,6,83,25,10,23009.26
202605,2026-05-01,38,6,38,35,18,6580.46
202605,2026-05-01,39,6,44,30,18,12220.12
202605,2026-05-01,40,6,86,25,12,29830.82
202605,2026-05-01,41,6,62,30,18,9608.76
202605,2026-05-01,42,6,57,25,18,4577.1
202605,2026-05-01,43,6,92,35,12,26185.04
202605,2026-05-01,44,6,60,25,12,3738.6
202605,2026-05-01,45,6,81,35,12,10568.07
202605,2026-05-01,46,6,41,20,12,5015.53
202605,2026-05-01,47,6,82,35,15,43576.44
202605,2026-05-01,48,6,73,25,15,28195.52
202605,2026-05-01,49,6,76,20,12,45880.44
202605,2026-05-01,50,6,92,30,15,23556.6
202605,2026-05-01,51,6,56,35,10,5107.76
202605,2026-05-01,52,6,58,25,12,34237.98
202605,2026-05-01,53,6,44,20,10,19431.28
202605,2026-05-01,54,6,69,35,18,6878.61
202605,2026-05-01,55,6,75,20,10,26685.0
202605,2026-05-01,56,6,56,35,12,19078.08
202605,2026-05-01,57,6,47,30,15,21453.15
202605,2026-05-01,58,6,66,20,12,24640.44
202605,2026-05-01,59,6,80,35,15,8273.6
202605,2026-05-01,60,6,108,30,18,37851.84
202605,2026-05-01,61,6,77,25,15,36277.78
202605,2026-05-01,62,6,74,25,15,10943.86
202605,2026-05-01,63,6,56,20,15,17953.6
202605,2026-05-01,64,6,61,25,10,20062.9
202605,2026-05-01,65,6,62,20,12,19734.6
202605,2026-05-01,66,6,73,25,12,42453.88
202605,2026-05-01,67,6,103,20,18,12857.49
202605,2026-05-01,68,6,105,35,18,44912.7
202605,2026-05-01,69,6,71,20,18,28196.94
202605,2026-05-01,70,6,54,35,18,24740.1
202605,2026-05-01,71,6,83,30,18,30724.94
202605,2026-05-01,72,6,38,35,12,13927.76
202605,2026-05-01,73,6,52,20,10,14044.68
202605,2026-05-01,74,6,68,20,10,28498.8
202605,2026-05-01,75,6,86,30,10,15108.48
202605,2026-05-01,76,6,96,25,15,42006.72
202605,2026-05-01,77,6,49,25,18,4911.27
202605,2026-05-01,78,6,82,25,18,29927.54
202605,2026-05-01,79,6,89,20,10,18802.14
202605,2026-05-01,80,6,54,35,18,24575.94
202605,2026-05-01,81,6,48,35,15,10670.88
202605,2026-05-01,82,6,48,25,12,22738.08
202605,2026-05-01,83,6,101,30,12,41330.21
202605,2026-05-01,84,6,85,25,15,36996.25
202605,2026-05-01,85,6,63,25,12,11918.34
202605,2026-05-01,86,6,88,25,12,50331.6
202605,2026-05-01,87,6,89,30,12,41153.6
202605,2026-05-01,88,6,53,30,18,8217.12
202605,2026-05-01,89,6,59,35,18,8601.02
202605,2026-05-01,90,6,99,25,18,35563.77
202605,2026-05-01,91,6,74,35,15,33613.02
202605,2026-05-01,92,6,67,30,18,27266.32
202605,2026-05-01,93,6,80,30,10,26251.2
202605,2026-05-01,94,6,55,25,10,19613.55
202605,2026-05-01,95,6,90,30,12,15903.0
202605,2026-05-01,96,6,82,20,10,15131.46
202605,2026-05-01,97,6,80,30,15,31044.0
202605,2026-05-01,98,6,85,35,10,27283.3
202605,2026-05-01,99,6,63,25,18,26049.24
202605,2026-05-01,100,6,77,25,12,28362.18
202606,2026-06-01,1,1,46,35,18,9488.42
202606,2026-06-01,2,1,32,30,12,13713.92
202606,2026-06-01,3,1,69,20,15,25412.01
202606,2026-06-01,4,1,44,35,15,16147.56
202606,2026-06-01,5,1,54,25,15,28764.72
202606,2026-06-01,6,1,44,30,18,9998.12
202606,2026-06-01,7,1,76,35,10,15187.84
202606,2026-06-01,8,1,83,35,12,25703.44
202606,2026-06-01,9,1,69,25,15,7435.44
202606,2026-06-01,10,1,61,25,12,27593.35
202606,2026-06-01,11,1,56,20,12,29701.28
202606,2026-06-01,12,1,59,30,15,4134.72
202606,2026-06-01,13,1,52,35,10,7282.6
202606,2026-06-01,14,1,48,35,18,4190.4
202606,2026-06-01,15,1,52,30,18,21814.52
202606,2026-06-01,16,1,73,35,18,19399.02
202606,2026-06-01,17,1,34,20,18,2050.2
202606,2026-06-01,18,1,66,25,18,27021.06
202606,2026-06-01,19,1,59,20,12,14340.54
202606,2026-06-01,20,1,77,30,15,48832.63
202606,2026-06-01,21,1,76,30,12,30557.32
202606,2026-06-01,22,1,41,20,10,3390.29
202606,2026-06-01,23,1,47,30,18,29454.43
202606,2026-06-01,24,1,16,25,12,4060.48
202606,2026-06-01,25,1,50,30,10,24251.5
202606,2026-06-01,26,1,63,20,15,12428.01
202606,2026-06-01,27,1,36,35,12,12579.12
202606,2026-06-01,28,1,56,35,18,31954.72
202606,2026-06-01,29,1,85,35,12,5443.4
202606,2026-06-01,30,1,18,35,12,8589.06
202606,2026-06-01,31,1,35,35,15,3260.95
202606,2026-06-01,32,1,42,30,18,8142.12
202606,2026-06-01,33,1,45,35,10,26343.9
202606,2026-06-01,34,1,52,35,12,20621.64
202606,2026-06-01,35,1,68,25,10,18023.4
202606,2026-06-01,36,1,40,20,10,5487.2
202606,2026-06-01,37,1,19,20,10,5267.18
202606,2026-06-01,38,1,34,20,15,5887.78
202606,2026-06-01,39,1,49,25,18,13608.77
202606,2026-06-01,40,1,53,35,10,18384.11
202606,2026-06-01,41,1,82,35,12,12708.36
202606,2026-06-01,42,1,72,30,10,5781.6
202606,2026-06-01,43,1,108,30,18,30738.96
202606,2026-06-01,44,1,91,30,15,5670.21
202606,2026-06-01,45,1,58,20,15,7567.26
202606,2026-06-01,46,1,90,20,18,11009.7
202606,2026-06-01,47,1,68,35,10,36136.56
202606,2026-06-01,48,1,61,20,10,23560.64
202606,2026-06-01,49,1,93,20,15,56143.17
202606,2026-06-01,50,1,91,30,18,23300.55
202606,2026-06-01,51,1,59,25,15,5381.39
202606,2026-06-01,52,1,108,25,12,63753.48
202606,2026-06-01,53,1,48,35,15,21197.76
202606,2026-06-01,54,1,110,35,18,10965.9
202606,2026-06-01,55,1,81,30,12,28819.8
202606,2026-06-01,56,1,80,30,12,27254.4
202606,2026-06-01,57,1,52,20,15,23735.4
202606,2026-06-01,58,1,75,20,18,28000.5
202606,2026-06-01,59,1,86,20,18,8894.12
202606,2026-06-01,60,1,82,25,15,28739.36
202606,2026-06-01,61,1,93,20,12,43816.02
202606,2026-06-01,62,1,74,25,15,10943.86
202606,2026-06-01,63,1,88,25,12,28212.8
202606,2026-06-01,64,1,98,30,12,32232.2
202606,2026-06-01,65,1,64,35,18,20371.2
202606,2026-06-01,66,1,32,30,18,18609.92
202606,2026-06-01,67,1,74,35,18,9237.42
202606,2026-06-01,68,1,77,35,12,32935.98
202606,2026-06-01,69,1,57,30,12,22636.98
202606,2026-06-01,70,1,91,35,15,41691.65
202606,2026-06-01,71,1,44,35,15,16287.92
202606,2026-06-01,72,1,60,20,12,21991.2
202606,2026-06-01,73,1,96,20,10,25928.64
202606,2026-06-01,74,1,58,30,18,24307.8
202606,2026-06-01,75,1,80,20,15,14054.4
202606,2026-06-01,76,1,58,20,18,25379.06
202606,2026-06-01,77,1,90,35,10,9020.7
202606,2026-06-01,78,1,44,25,10,16058.68
202606,2026-06-01,79,1,78,35,10,16478.28
202606,2026-06-01,80,1,85,20,18,38684.35
202606,2026-06-01,81,1,98,30,18,21786.38
202606,2026-06-01,82,1,67,35,18,31738.57
202606,2026-06-01,83,1,93,35,15,38056.53
202606,2026-06-01,84,1,70,35,12,30467.5
202606,2026-06-01,85,1,113,20,18,21377.34
202606,2026-06-01,86,1,84,20,12,48043.8
202606,2026-06-01,87,1,64,30,12,29593.6
202606,2026-06-01,88,1,66,30,18,10232.64
202606,2026-06-01,89,1,36,35,12,5248.08
202606,2026-06-01,90,1,82,20,12,29456.86
202606,2026-06-01,91,1,89,25,15,40426.47
202606,2026-06-01,92,1,55,25,18,22382.8
202606,2026-06-01,93,1,63,30,12,20672.82
202606,2026-06-01,94,1,74,30,15,26389.14
202606,2026-06-01,95,1,61,35,18,10778.7
202606,2026-06-01,96,1,79,35,12,14577.87
202606,2026-06-01,97,1,80,30,10,31044.0
202606,2026-06-01,98,1,103,35,10,33060.94
202606,2026-06-01,99,1,92,20,18,38040.16
202606,2026-06-01,100,1,92,25,12,33887.28
202606,2026-06-01,1,2,50,30,18,10313.5
202606,2026-06-01,2,2,66,35,15,28284.96
202606,2026-06-01,3,2,84,35,10,30936.36
202606,2026-06-01,4,2,65,25,18,23854.35
202606,2026-06-01,5,2,57,20,15,30362.76
202606,2026-06-01,6,2,70,25,18,15906.1
202606,2026-06-01,7,2,83,25,10,16586.72
202606,2026-06-01,8,2,95,35,12,29419.6
202606,2026-06-01,9,2,65,35,15,7004.4
202606,2026-06-01,10,2,28,35,15,12665.8
202606,2026-06-01,11,2,34,30,12,18032.92
202606,2026-06-01,12,2,18,20,15,1261.44
202606,2026-06-01,13,2,83,20,15,11624.15
202606,2026-06-01,14,2,56,35,18,4888.8
202606,2026-06-01,15,2,70,25,10,29365.7
202606,2026-06-01,16,2,66,20,18,17538.84
202606,2026-06-01,17,2,42,25,18,2532.6
202606,2026-06-01,18,2,56,25,10,22926.96
202606,2026-06-01,19,2,58,20,15,14097.48
202606,2026-06-01,20,2,31,20,18,19659.89
202606,2026-06-01,21,2,78,30,10,31361.46
202606,2026-06-01,22,2,77,35,18,6367.13
202606,2026-06-01,23,2,47,20,15,29454.43
202606,2026-06-01,24,2,90,20,10,22840.2
202606,2026-06-01,25,2,93,25,15,45107.79
202606,2026-06-01,26,2,34,25,18,6707.18
202606,2026-06-01,27,2,78,25,18,27254.76
202606,2026-06-01,28,2,54,30,12,30813.48
202606,2026-06-01,29,2,38,35,12,2433.52
202606,2026-06-01,30,2,74,30,18,35310.58
202606,2026-06-01,31,2,25,35,18,2329.25
202606,2026-06-01,32,2,47,35,10,9111.42
202606,2026-06-01,33,2,55,30,15,32198.1
202606,2026-06-01,34,2,85,30,10,33708.45
202606,2026-06-01,35,2,48,35,10,12722.4
202606,2026-06-01,36,2,57,25,18,7819.26
202606,2026-06-01,37,2,31,20,15,8593.82
202606,2026-06-01,38,2,69,30,12,11948.73
202606,2026-06-01,39,2,70,35,10,19441.1
202606,2026-06-01,40,2,47,20,12,16302.89
202606,2026-06-01,41,2,87,25,12,13483.26
202606,2026-06-01,42,2,71,20,12,5701.3
202606,2026-06-01,43,2,82,25,18,23338.84
202606,2026-06-01,44,2,47,25,18,2928.57
202606,2026-06-01,45,2,85,30,18,11089.95
202606,2026-06-01,46,2,83,20,12,10153.39
202606,2026-06-01,47,2,60,20,12,31885.2
202606,2026-06-01,48,2,79,35,15,30512.96
202606,2026-06-01,49,2,56,20,15,33806.64
202606,2026-06-01,50,2,81,35,18,20740.05
202606,2026-06-01,51,2,73,20,12,6658.33
202606,2026-06-01,52,2,65,20,15,38370.15
202606,2026-06-01,53,2,57,25,15,25172.34
202606,2026-06-01,54,2,63,20,15,6280.47
202606,2026-06-01,55,2,61,35,10,21703.8
202606,2026-06-01,56,2,78,35,18,26573.04
202606,2026-06-01,57,2,70,30,15,31951.5
202606,2026-06-01,58,2,75,25,12,28000.5
202606,2026-06-01,59,2,44,25,15,4550.48
202606,2026-06-01,60,2,36,30,12,12617.28
202606,2026-06-01,61,2,64,30,18,30152.96
202606,2026-06-01,62,2,59,20,18,8725.51
202606,2026-06-01,63,2,40,25,10,12824.0
202606,2026-06-01,64,2,76,25,12,24996.4
202606,2026-06-01,65,2,109,25,12,34694.7
202606,2026-06-01,66,2,62,25,15,36056.72
202606,2026-06-01,67,2,69,25,18,8613.27
202606,2026-06-01,68,2,69,35,10,29514.06
202606,2026-06-01,69,2,76,30,12,30182.64
202606,2026-06-01,70,2,84,30,18,38484.6
202606,2026-06-01,71,2,55,30,18,20359.9
202606,2026-06-01,72,2,72,25,18,26389.44
202606,2026-06-01,73,2,53,30,18,14314.77
202606,2026-06-01,74,2,78,30,18,32689.8
202606,2026-06-01,75,2,101,30,15,17743.68
202606,2026-06-01,76,2,92,30,10,40256.44
202606,2026-06-01,77,2,101,35,12,10123.23
202606,2026-06-01,78,2,84,25,10,30657.48
202606,2026-06-01,79,2,71,20,10,14999.46
202606,2026-06-01,80,2,99,30,10,45055.89
202606,2026-06-01,81,2,68,20,18,15117.08
202606,2026-06-01,82,2,91,30,18,43107.61
202606,2026-06-01,83,2,38,30,15,15549.98
202606,2026-06-01,84,2,87,20,15,37866.75
202606,2026-06-01,85,2,86,20,10,16269.48
202606,2026-06-01,86,2,58,30,10,33173.1
202606,2026-06-01,87,2,70,20,10,32368.0
202606,2026-06-01,88,2,75,35,18,11628.0
202606,2026-06-01,89,2,59,35,15,8601.02
202606,2026-06-01,90,2,83,30,18,29816.09
202606,2026-06-01,91,2,21,35,10,9538.83
202606,2026-06-01,92,2,85,25,18,34591.6
202606,2026-06-01,93,2,87,35,18,28548.18
202606,2026-06-01,94,2,63,25,18,22466.43
202606,2026-06-01,95,2,77,30,18,13605.9
202606,2026-06-01,96,2,86,30,12,15869.58
202606,2026-06-01,97,2,59,25,12,22894.95
202606,2026-06-01,98,2,71,30,18,22789.58
202606,2026-06-01,99,2,70,35,15,28943.6
202606,2026-06-01,100,2,70,35,12,25783.8
202606,2026-06-01,1,3,2,25,18,412.54
202606,2026-06-01,2,3,17,25,12,7285.52
202606,2026-06-01,3,3,80,35,12,29463.2
202606,2026-06-01,4,3,58,20,10,21285.42
202606,2026-06-01,5,3,52,30,10,27699.36
202606,2026-06-01,6,3,53,25,12,12043.19
202606,2026-06-01,7,3,35,35,15,6994.4
202606,2026-06-01,8,3,73,25,18,22606.64
202606,2026-06-01,9,3,70,25,15,7543.2
202606,2026-06-01,10,3,60,30,10,27141.0
202606,2026-06-01,11,3,24,30,12,12729.12
202606,2026-06-01,12,3,30,20,15,2102.4
202606,2026-06-01,13,3,42,20,15,5882.1
202606,2026-06-01,14,3,61,20,15,5325.3
202606,2026-06-01,15,3,62,35,12,26009.62
202606,2026-06-01,16,3,46,35,10,12224.04
202606,2026-06-01,17,3,45,35,18,2713.5
202606,2026-06-01,18,3,78,25,10,31933.98
202606,2026-06-01,19,3,46,30,15,11180.76
202606,2026-06-01,20,3,50,35,18,31709.5
202606,2026-06-01,21,3,63,25,18,25330.41
202606,2026-06-01,22,3,47,35,10,3886.43
202606,2026-06-01,23,3,84,30,10,52641.96
202606,2026-06-01,24,3,25,20,18,6344.5
202606,2026-06-01,25,3,57,30,18,27646.71
202606,2026-06-01,26,3,44,25,18,8679.88
202606,2026-06-01,27,3,66,35,15,23061.72
202606,2026-06-01,28,3,37,25,18,21112.94
202606,2026-06-01,29,3,33,30,18,2113.32
202606,2026-06-01,30,3,68,30,15,32447.56
202606,2026-06-01,31,3,36,30,18,3354.12
202606,2026-06-01,32,3,24,20,12,4652.64
202606,2026-06-01,33,3,52,20,15,30441.84
202606,2026-06-01,34,3,28,30,15,11103.96
202606,2026-06-01,35,3,36,35,10,9541.8
202606,2026-06-01,36,3,47,35,12,6447.46
202606,2026-06-01,37,3,35,30,12,9702.7
202606,2026-06-01,38,3,24,30,18,4156.08
202606,2026-06-01,39,3,42,30,18,11664.66
202606,2026-06-01,40,3,47,35,18,16302.89
202606,2026-06-01,41,3,78,30,12,12088.44
202606,2026-06-01,42,3,48,35,12,3854.4
202606,2026-06-01,43,3,95,20,12,27038.9
202606,2026-06-01,44,3,52,25,15,3240.12
202606,2026-06-01,45,3,76,35,18,9915.72
202606,2026-06-01,46,3,62,30,18,7584.46
202606,2026-06-01,47,3,41,20,10,21788.22
202606,2026-06-01,48,3,75,35,15,28968.0
202606,2026-06-01,49,3,46,30,18,27769.74
202606,2026-06-01,50,3,99,25,12,25348.95
202606,2026-06-01,51,3,91,25,10,8300.11
202606,2026-06-01,52,3,102,20,10,60211.62
202606,2026-06-01,53,3,81,30,10,35771.22
202606,2026-06-01,54,3,62,30,15,6180.78
202606,2026-06-01,55,3,77,30,10,27396.6
202606,2026-06-01,56,3,86,35,12,29298.48
202606,2026-06-01,57,3,29,35,15,13237.05
202606,2026-06-01,58,3,61,30,15,22773.74
202606,2026-06-01,59,3,64,20,15,6618.88
202606,2026-06-01,60,3,63,20,12,22080.24
202606,2026-06-01,61,3,61,30,15,28739.54
202606,2026-06-01,62,3,35,25,15,5176.15
202606,2026-06-01,63,3,69,35,12,22121.4
202606,2026-06-01,64,3,51,35,10,16773.9
202606,2026-06-01,65,3,62,25,12,19734.6
202606,2026-06-01,66,3,39,25,12,22680.84
202606,2026-06-01,67,3,41,20,18,5118.03
202606,2026-06-01,68,3,62,30,12,26519.88
202606,2026-06-01,69,3,81,25,15,32168.34
202606,2026-06-01,70,3,74,25,15,33903.1
202606,2026-06-01,71,3,54,35,15,19989.72
202606,2026-06-01,72,3,47,20,18,17226.44
202606,2026-06-01,73,3,65,25,12,17555.85
202606,2026-06-01,74,3,51,20,18,21374.1
202606,2026-06-01,75,3,92,20,18,16162.56
202606,2026-06-01,76,3,71,35,15,31067.47
202606,2026-06-01,77,3,79,35,12,7918.17
202606,2026-06-01,78,3,83,35,12,30292.51
202606,2026-06-01,79,3,89,35,18,18802.14
202606,2026-06-01,80,3,60,25,10,27306.6
202606,2026-06-01,81,3,55,35,18,12227.05
202606,2026-06-01,82,3,78,25,12,36949.38
202606,2026-06-01,83,3,74,35,18,30281.54
202606,2026-06-01,84,3,98,35,10,42654.5
202606,2026-06-01,85,3,83,35,18,15701.94
202606,2026-06-01,86,3,51,30,15,29169.45
202606,2026-06-01,87,3,75,20,10,34680.0
202606,2026-06-01,88,3,69,30,15,10697.76
202606,2026-06-01,89,3,64,30,10,9329.92
202606,2026-06-01,90,3,48,35,12,17243.04
202606,2026-06-01,91,3,81,35,12,36792.63
202606,2026-06-01,92,3,56,20,10,22789.76
202606,2026-06-01,93,3,67,20,18,21985.38
202606,2026-06-01,94,3,70,25,12,24962.7
202606,2026-06-01,95,3,52,25,18,9188.4
202606,2026-06-01,96,3,74,30,12,13655.22
202606,2026-06-01,97,3,87,35,12,33760.35
202606,2026-06-01,98,3,84,30,15,26962.32
202606,2026-06-01,99,3,78,35,12,32251.44
202606,2026-06-01,100,3,71,20,15,26152.14
202606,2026-06-01,1,4,50,30,10,10313.5
202606,2026-06-01,2,4,43,30,18,18428.08
202606,2026-06-01,3,4,65,35,10,23938.85
202606,2026-06-01,4,4,0,20,18,0.0
202606,2026-06-01,5,4,22,35,15,11718.96
202606,2026-06-01,6,4,37,25,18,8407.51
202606,2026-06-01,7,4,30,25,15,5995.2
202606,2026-06-01,8,4,39,30,10,12077.52
202606,2026-06-01,9,4,83,35,10,8944.08
202606,2026-06-01,10,4,80,30,10,36188.0
202606,2026-06-01,11,4,62,35,15,32883.56
202606,2026-06-01,12,4,62,30,12,4344.96
202606,2026-06-01,13,4,31,20,15,4341.55
202606,2026-06-01,14,4,71,25,18,6198.3
202606,2026-06-01,15,4,2,30,18,839.02
202606,2026-06-01,16,4,51,25,18,13552.74
202606,2026-06-01,17,4,97,25,15,5849.1
202606,2026-06-01,18,4,52,20,18,21289.32
202606,2026-06-01,19,4,54,20,15,13125.24
202606,2026-06-01,20,4,52,20,12,32977.88
202606,2026-06-01,21,4,47,20,18,18897.29
202606,2026-06-01,22,4,71,35,18,5870.99
202606,2026-06-01,23,4,55,25,10,34467.95
202606,2026-06-01,24,4,59,25,10,14973.02
202606,2026-06-01,25,4,60,30,18,29101.8
202606,2026-06-01,26,4,65,25,18,12822.55
202606,2026-06-01,27,4,51,20,12,17820.42
202606,2026-06-01,28,4,57,35,15,32525.34
202606,2026-06-01,29,4,93,25,18,5955.72
202606,2026-06-01,30,4,60,25,10,28630.2
202606,2026-06-01,31,4,47,30,12,4378.99
202606,2026-06-01,32,4,83,30,10,16090.38
202606,2026-06-01,33,4,61,25,18,35710.62
202606,2026-06-01,34,4,45,20,18,17845.65
202606,2026-06-01,35,4,54,25,10,14312.7
202606,2026-06-01,36,4,35,35,12,4801.3
202606,2026-06-01,37,4,79,20,15,21900.38
202606,2026-06-01,38,4,80,25,10,13853.6
202606,2026-06-01,39,4,64,35,15,17774.72
202606,2026-06-01,40,4,30,25,18,10406.1
202606,2026-06-01,41,4,73,20,18,11313.54
202606,2026-06-01,42,4,71,35,12,5701.3
202606,2026-06-01,43,4,77,25,18,21915.74
202606,2026-06-01,44,4,69,35,15,4299.39
202606,2026-06-01,45,4,76,35,10,9915.72
202606,2026-06-01,46,4,53,35,18,6483.49
202606,2026-06-01,47,4,70,35,15,37199.4
202606,2026-06-01,48,4,55,30,15,21243.2
202606,2026-06-01,49,4,79,35,12,47691.51
202606,2026-06-01,50,4,103,30,15,26373.15
202606,2026-06-01,51,4,81,20,10,7388.01
202606,2026-06-01,52,4,69,30,18,40731.39
202606,2026-06-01,53,4,84,35,12,37096.08
202606,2026-06-01,54,4,49,30,10,4884.81
202606,2026-06-01,55,4,32,30,10,11385.6
202606,2026-06-01,56,4,75,25,15,25551.0
202606,2026-06-01,57,4,48,20,10,21909.6
202606,2026-06-01,58,4,65,30,15,24267.1
202606,2026-06-01,59,4,73,35,12,7549.66
202606,2026-06-01,60,4,60,25,15,21028.8
202606,2026-06-01,61,4,79,35,15,37220.06
202606,2026-06-01,62,4,35,30,18,5176.15
202606,2026-06-01,63,4,70,25,10,22442.0
202606,2026-06-01,64,4,74,20,12,24338.6
202606,2026-06-01,65,4,72,30,10,22917.6
202606,2026-06-01,66,4,62,20,15,36056.72
202606,2026-06-01,67,4,54,20,15,6740.82
202606,2026-06-01,68,4,70,20,18,29941.8
202606,2026-06-01,69,4,68,30,12,27005.52
202606,2026-06-01,70,4,85,20,18,38942.75
202606,2026-06-01,71,4,66,35,10,24431.88
202606,2026-06-01,72,4,62,20,18,22724.24
202606,2026-06-01,73,4,85,20,10,22957.65
202606,2026-06-01,74,4,92,30,15,38557.2
202606,2026-06-01,75,4,86,35,18,15108.48
202606,2026-06-01,76,4,52,20,12,22753.64
202606,2026-06-01,77,4,57,30,10,5713.11
202606,2026-06-01,78,4,86,30,18,31387.42
202606,2026-06-01,79,4,49,30,10,10351.74
202606,2026-06-01,80,4,49,20,10,22300.39
202606,2026-06-01,81,4,81,30,15,18007.11
202606,2026-06-01,82,4,61,30,10,28896.31
202606,2026-06-01,83,4,89,25,12,36419.69
202606,2026-06-01,84,4,64,35,10,27856.0
202606,2026-06-01,85,4,74,35,10,13999.32
202606,2026-06-01,86,4,107,35,15,61198.65
202606,2026-06-01,87,4,79,30,12,36529.6
202606,2026-06-01,88,4,57,30,18,8837.28
202606,2026-06-01,89,4,91,30,10,13265.98
202606,2026-06-01,90,4,58,25,18,20835.34
202606,2026-06-01,91,4,85,25,12,38609.55
202606,2026-06-01,92,4,89,35,15,36219.44
202606,2026-06-01,93,4,95,35,12,31173.3
202606,2026-06-01,94,4,80,25,15,28528.8
202606,2026-06-01,95,4,73,30,15,12899.1
202606,2026-06-01,96,4,76,20,18,14024.28
202606,2026-06-01,97,4,106,20,12,41133.3
202606,2026-06-01,98,4,73,25,15,23431.54
202606,2026-06-01,99,4,58,20,15,23981.84
202606,2026-06-01,100,4,73,25,15,26888.82
202606,2026-06-01,1,5,30,30,18,6188.1
202606,2026-06-01,2,5,72,35,12,30856.32
202606,2026-06-01,3,5,34,20,10,12521.86
202606,2026-06-01,4,5,50,20,15,18349.5
202606,2026-06-01,5,5,73,30,12,38885.64
202606,2026-06-01,6,5,47,20,15,10679.81
202606,2026-06-01,7,5,27,35,18,5395.68
202606,2026-06-01,8,5,27,25,15,8361.36
202606,2026-06-01,9,5,90,20,15,9698.4
202606,2026-06-01,10,5,82,20,18,37092.7
202606,2026-06-01,11,5,58,20,18,30762.04
202606,2026-06-01,12,5,56,20,18,3924.48
202606,2026-06-01,13,5,49,25,10,6862.45
202606,2026-06-01,14,5,46,35,10,4015.8
202606,2026-06-01,15,5,0,20,18,0.0
202606,2026-06-01,16,5,42,35,10,11161.08
202606,2026-06-01,17,5,63,25,10,3798.9
202606,2026-06-01,18,5,36,25,15,14738.76
202606,2026-06-01,19,5,72,35,10,17500.32
202606,2026-06-01,20,5,23,25,10,14586.37
202606,2026-06-01,21,5,56,30,10,22515.92
202606,2026-06-01,22,5,54,20,18,4465.26
202606,2026-06-01,23,5,60,30,15,37601.4
202606,2026-06-01,24,5,60,30,18,15226.8
202606,2026-06-01,25,5,49,35,12,23766.47
202606,2026-06-01,26,5,59,30,18,11638.93
202606,2026-06-01,27,5,30,25,10,10482.6
202606,2026-06-01,28,5,46,25,15,26248.52
202606,2026-06-01,29,5,65,25,18,4162.6
202606,2026-06-01,30,5,37,20,12,17655.29
202606,2026-06-01,31,5,54,35,18,5031.18
202606,2026-06-01,32,5,88,35,18,17059.68
202606,2026-06-01,33,5,63,25,12,36881.46
202606,2026-06-01,34,5,79,30,18,31329.03
202606,2026-06-01,35,5,64,30,18,16963.2
202606,2026-06-01,36,5,33,30,15,4526.94
202606,2026-06-01,37,5,43,20,10,11920.46
202606,2026-06-01,38,5,55,35,10,9524.35
202606,2026-06-01,39,5,82,35,12,22773.86
202606,2026-06-01,40,5,37,25,10,12834.19
202606,2026-06-01,41,5,75,30,18,11623.5
202606,2026-06-01,42,5,72,20,18,5781.6
202606,2026-06-01,43,5,62,20,15,17646.44
202606,2026-06-01,44,5,80,25,18,4984.8
202606,2026-06-01,45,5,84,20,15,10959.48
202606,2026-06-01,46,5,68,30,18,8318.44
202606,2026-06-01,47,5,63,20,18,33479.46
202606,2026-06-01,48,5,75,30,10,28968.0
202606,2026-06-01,49,5,76,30,15,45880.44
202606,2026-06-01,50,5,72,20,15,18435.6
202606,2026-06-01,51,5,76,25,18,6931.96
202606,2026-06-01,52,5,72,30,15,42502.32
202606,2026-06-01,53,5,72,30,12,31796.64
202606,2026-06-01,54,5,62,35,15,6180.78
202606,2026-06-01,55,5,97,30,15,34512.6
202606,2026-06-01,56,5,78,20,10,26573.04
202606,2026-06-01,57,5,68,25,18,31038.6
202606,2026-06-01,58,5,45,20,15,16800.3
202606,2026-06-01,59,5,70,35,18,7239.4
202606,2026-06-01,60,5,71,25,10,24884.08
202606,2026-06-01,61,5,77,25,12,36277.78
202606,2026-06-01,62,5,67,35,12,9908.63
202606,2026-06-01,63,5,68,35,15,21800.8
202606,2026-06-01,64,5,99,25,15,32561.1
202606,2026-06-01,65,5,74,25,18,23554.2
202606,2026-06-01,66,5,85,35,10,49432.6
202606,2026-06-01,67,5,40,35,15,4993.2
202606,2026-06-01,68,5,94,20,15,40207.56
202606,2026-06-01,69,5,32,35,15,12708.48
202606,2026-06-01,70,5,47,30,10,21533.05
202606,2026-06-01,71,5,50,25,18,18509.0
202606,2026-06-01,72,5,58,20,12,21258.16
202606,2026-06-01,73,5,63,30,12,17015.67
202606,2026-06-01,74,5,42,30,12,17602.2
202606,2026-06-01,75,5,69,30,15,12121.92
202606,2026-06-01,76,5,77,30,18,33692.89
202606,2026-06-01,77,5,86,20,12,8619.78
202606,2026-06-01,78,5,87,25,18,31752.39
202606,2026-06-01,79,5,87,25,10,18379.62
202606,2026-06-01,80,5,70,25,15,31857.7
202606,2026-06-01,81,5,55,20,15,12227.05
202606,2026-06-01,82,5,96,30,10,45476.16
202606,2026-06-01,83,5,63,20,15,25780.23
202606,2026-06-01,84,5,75,30,12,32643.75
202606,2026-06-01,85,5,74,30,12,13999.32
202606,2026-06-01,86,5,39,35,15,22306.05
202606,2026-06-01,87,5,58,20,15,26819.2
202606,2026-06-01,88,5,80,35,10,12403.2
202606,2026-06-01,89,5,70,30,12,10204.6
202606,2026-06-01,90,5,72,20,18,25864.56
202606,2026-06-01,91,5,47,25,18,21348.81
202606,2026-06-01,92,5,82,20,12,33370.72
202606,2026-06-01,93,5,54,35,12,17719.56
202606,2026-06-01,94,5,47,25,15,16760.67
202606,2026-06-01,95,5,85,20,12,15019.5
202606,2026-06-01,96,5,103,25,18,19006.59
202606,2026-06-01,97,5,84,20,12,32596.2
202606,2026-06-01,98,5,64,25,18,20542.72
202606,2026-06-01,99,5,80,35,12,33078.4
202606,2026-06-01,100,5,56,35,12,20627.04
202606,2026-06-01,1,6,54,25,12,11138.58
202606,2026-06-01,2,6,52,35,12,22285.12
202606,2026-06-01,3,6,67,35,18,24675.43
202606,2026-06-01,4,6,84,35,18,30827.16
202606,2026-06-01,5,6,27,30,18,14382.36
202606,2026-06-01,6,6,64,30,10,14542.72
202606,2026-06-01,7,6,66,30,18,13189.44
202606,2026-06-01,8,6,92,35,18,28490.56
202606,2026-06-01,9,6,64,30,12,6896.64
202606,2026-06-01,10,6,23,30,15,10404.05
202606,2026-06-01,11,6,57,25,10,30231.66
202606,2026-06-01,12,6,25,25,18,1752.0
202606,2026-06-01,13,6,87,35,15,12184.35
202606,2026-06-01,14,6,77,35,12,6722.1
202606,2026-06-01,15,6,61,35,18,25590.11
202606,2026-06-01,16,6,49,30,10,13021.26
202606,2026-06-01,17,6,48,30,12,2894.4
202606,2026-06-01,18,6,69,35,18,28249.29
202606,2026-06-01,19,6,55,35,12,13368.3
202606,2026-06-01,20,6,30,25,10,19025.7
202606,2026-06-01,21,6,31,25,10,12464.17
202606,2026-06-01,22,6,31,35,10,2563.39
202606,2026-06-01,23,6,67,25,10,41988.23
202606,2026-06-01,24,6,36,35,18,9136.08
202606,2026-06-01,25,6,53,20,15,25706.59
202606,2026-06-01,26,6,43,25,15,8482.61
202606,2026-06-01,27,6,71,20,12,24808.82
202606,2026-06-01,28,6,63,25,12,35949.06
202606,2026-06-01,29,6,38,25,10,2433.52
202606,2026-06-01,30,6,57,30,10,27198.69
202606,2026-06-01,31,6,52,20,10,4844.84
202606,2026-06-01,32,6,65,35,18,12600.9
202606,2026-06-01,33,6,52,30,10,30441.84
202606,2026-06-01,34,6,59,25,12,23397.63
202606,2026-06-01,35,6,48,35,12,12722.4
202606,2026-06-01,36,6,74,20,10,10151.32
202606,2026-06-01,37,6,31,25,15,8593.82
202606,2026-06-01,38,6,34,25,10,5887.78
202606,2026-06-01,39,6,44,20,15,12220.12
202606,2026-06-01,40,6,49,30,12,16996.63
202606,2026-06-01,41,6,120,35,10,18597.6
202606,2026-06-01,42,6,58,30,18,4657.4
202606,2026-06-01,43,6,99,25,15,28177.38
202606,2026-06-01,44,6,82,20,15,5109.42
202606,2026-06-01,45,6,83,20,10,10829.01
202606,2026-06-01,46,6,35,35,18,4281.55
202606,2026-06-01,47,6,59,20,18,31353.78
202606,2026-06-01,48,6,61,25,12,23560.64
202606,2026-06-01,49,6,38,35,15,22940.22
202606,2026-06-01,50,6,54,20,15,13826.7
202606,2026-06-01,51,6,64,35,10,5837.44
202606,2026-06-01,52,6,64,25,18,37779.84
202606,2026-06-01,53,6,93,25,12,41070.66
202606,2026-06-01,54,6,56,30,18,5582.64
202606,2026-06-01,55,6,75,25,12,26685.0
202606,2026-06-01,56,6,57,30,10,19418.76
202606,2026-06-01,57,6,90,25,18,41080.5
202606,2026-06-01,58,6,63,20,12,23520.42
202606,2026-06-01,59,6,89,30,10,9204.38
202606,2026-06-01,60,6,89,35,12,31192.72
202606,2026-06-01,61,6,53,20,10,24970.42
202606,2026-06-01,62,6,45,30,10,6655.05
202606,2026-06-01,63,6,49,20,15,15709.4
202606,2026-06-01,64,6,95,35,18,31245.5
202606,2026-06-01,65,6,115,20,18,36604.5
202606,2026-06-01,66,6,75,25,10,43617.0
202606,2026-06-01,67,6,42,20,18,5242.86
202606,2026-06-01,68,6,96,30,12,41063.04
202606,2026-06-01,69,6,87,35,18,34551.18
202606,2026-06-01,70,6,93,35,15,42607.95
202606,2026-06-01,71,6,74,20,12,27393.32
202606,2026-06-01,72,6,81,35,10,29688.12
202606,2026-06-01,73,6,69,35,12,18636.21
202606,2026-06-01,74,6,85,20,15,35623.5
202606,2026-06-01,75,6,84,20,18,14757.12
202606,2026-06-01,76,6,50,25,18,21878.5
202606,2026-06-01,77,6,75,25,10,7517.25
202606,2026-06-01,78,6,98,35,10,35767.06
202606,2026-06-01,79,6,90,30,12,19013.4
202606,2026-06-01,80,6,69,20,12,31402.59
202606,2026-06-01,81,6,98,20,12,21786.38
202606,2026-06-01,82,6,70,20,10,33159.7
202606,2026-06-01,83,6,52,30,18,21278.92
202606,2026-06-01,84,6,79,25,18,34384.75
202606,2026-06-01,85,6,38,20,18,7188.84
202606,2026-06-01,86,6,58,20,12,33173.1
202606,2026-06-01,87,6,41,30,18,18958.4
202606,2026-06-01,88,6,75,30,15,11628.0
202606,2026-06-01,89,6,68,35,12,9913.04
202606,2026-06-01,90,6,79,20,12,28379.17
202606,2026-06-01,91,6,52,25,18,23619.96
202606,2026-06-01,92,6,81,25,10,32963.76
202606,2026-06-01,93,6,58,30,12,19032.12
202606,2026-06-01,94,6,59,25,12,21039.99
202606,2026-06-01,95,6,79,25,12,13959.3
202606,2026-06-01,96,6,118,35,12,21774.54
202606,2026-06-01,97,6,47,30,15,18238.35
202606,2026-06-01,98,6,91,20,10,29209.18
202606,2026-06-01,99,6,66,30,12,27289.68
202606,2026-06-01,100,6,55,30,18,20258.7
202607,2026-07-01,1,1,60,30,15,12376.2
202607,2026-07-01,2,1,61,25,10,26142.16
202607,2026-07-01,3,1,52,35,15,19151.08
202607,2026-07-01,4,1,43,30,15,15780.57
202607,2026-07-01,5,1,67,35,10,35689.56
202607,2026-07-01,6,1,27,20,18,6135.21
202607,2026-07-01,7,1,61,25,15,12190.24
202607,2026-07-01,8,1,85,35,12,26322.8
202607,2026-07-01,9,1,54,35,18,5819.04
202607,2026-07-01,10,1,63,25,18,28498.05
202607,2026-07-01,11,1,62,30,15,32883.56
202607,2026-07-01,12,1,33,30,10,2312.64
202607,2026-07-01,13,1,42,30,15,5882.1
202607,2026-07-01,14,1,99,25,18,8642.7
202607,2026-07-01,15,1,74,30,10,31043.74
202607,2026-07-01,16,1,110,20,18,29231.4
202607,2026-07-01,17,1,79,35,10,4763.7
202607,2026-07-01,18,1,47,20,12,19242.27
202607,2026-07-01,19,1,73,20,18,17743.38
202607,2026-07-01,20,1,51,25,10,32343.69
202607,2026-07-01,21,1,41,20,12,16484.87
202607,2026-07-01,22,1,18,30,10,1488.42
202607,2026-07-01,23,1,52,30,12,32587.88
202607,2026-07-01,24,1,84,25,12,21317.52
202607,2026-07-01,25,1,54,20,15,26191.62
202607,2026-07-01,26,1,63,35,18,12428.01
202607,2026-07-01,27,1,35,30,10,12229.7
202607,2026-07-01,28,1,78,20,10,44508.36
202607,2026-07-01,29,1,55,20,15,3522.2
202607,2026-07-01,30,1,53,35,10,25290.01
202607,2026-07-01,31,1,43,20,12,4006.31
202607,2026-07-01,32,1,57,25,15,11050.02
202607,2026-07-01,33,1,64,25,10,37466.88
202607,2026-07-01,34,1,52,35,12,20621.64
202607,2026-07-01,35,1,57,25,18,15107.85
202607,2026-07-01,36,1,44,20,12,6035.92
202607,2026-07-01,37,1,48,20,18,13306.56
202607,2026-07-01,38,1,81,30,12,14026.77
202607,2026-07-01,39,1,46,35,18,12775.58
202607,2026-07-01,40,1,29,25,12,10059.23
202607,2026-07-01,41,1,82,20,18,12708.36
202607,2026-07-01,42,1,80,20,15,6424.0
202607,2026-07-01,43,1,51,20,12,14515.62
202607,2026-07-01,44,1,96,25,10,5981.76
202607,2026-07-01,45,1,92,20,10,12003.24
202607,2026-07-01,46,1,85,35,10,10398.05
202607,2026-07-01,47,1,67,35,10,35605.14
202607,2026-07-01,48,1,72,30,15,27809.28
202607,2026-07-01,49,1,98,35,15,59161.62
202607,2026-07-01,50,1,70,20,15,17923.5
202607,2026-07-01,51,1,98,20,15,8938.58
202607,2026-07-01,52,1,71,20,10,41912.01
202607,2026-07-01,53,1,91,20,10,40187.42
202607,2026-07-01,54,1,87,30,18,8673.03
202607,2026-07-01,55,1,83,35,12,29531.4
202607,2026-07-01,56,1,96,30,12,32705.28
202607,2026-07-01,57,1,59,35,12,26930.55
202607,2026-07-01,58,1,54,30,15,20160.36
202607,2026-07-01,59,1,67,20,18,6929.14
202607,2026-07-01,60,1,30,35,12,10514.4
202607,2026-07-01,61,1,80,30,12,37691.2
202607,2026-07-01,62,1,88,30,10,13014.32
202607,2026-07-01,63,1,75,25,10,24045.0
202607,2026-07-01,64,1,97,25,12,31903.3
202607,2026-07-01,65,1,95,35,18,30238.5
202607,2026-07-01,66,1,92,20,10,53503.52
202607,2026-07-01,67,1,91,35,18,11359.53
202607,2026-07-01,68,1,60,30,18,25664.4
202607,2026-07-01,69,1,60,20,12,23828.4
202607,2026-07-01,70,1,86,30,12,39400.9
202607,2026-07-01,71,1,62,25,15,22951.16
202607,2026-07-01,72,1,64,35,18,23457.28
202607,2026-07-01,73,1,70,35,15,18906.3
202607,2026-07-01,74,1,56,20,15,23469.6
202607,2026-07-01,75,1,105,20,15,18446.4
202607,2026-07-01,76,1,90,35,10,39381.3
202607,2026-07-01,77,1,58,35,15,5813.34
202607,2026-07-01,78,1,59,25,12,21533.23
202607,2026-07-01,79,1,94,25,18,19858.44
202607,2026-07-01,80,1,69,35,15,31402.59
202607,2026-07-01,81,1,77,25,18,17117.87
202607,2026-07-01,82,1,35,20,15,16579.85
202607,2026-07-01,83,1,65,35,10,26598.65
202607,2026-07-01,84,1,84,35,12,36561.0
202607,2026-07-01,85,1,36,20,18,6810.48
202607,2026-07-01,86,1,41,20,15,23449.95
202607,2026-07-01,87,1,98,20,10,45315.2
202607,2026-07-01,88,1,64,20,15,9922.56
202607,2026-07-01,89,1,58,25,15,8455.24
202607,2026-07-01,90,1,52,20,12,18679.96
202607,2026-07-01,91,1,63,30,15,28616.49
202607,2026-07-01,92,1,75,30,15,30522.0
202607,2026-07-01,93,1,70,35,18,22969.8
202607,2026-07-01,94,1,106,25,10,37800.66
202607,2026-07-01,95,1,84,25,18,14842.8
202607,2026-07-01,96,1,22,20,18,4059.66
202607,2026-07-01,97,1,60,30,10,23283.0
202607,2026-07-01,98,1,69,20,18,22147.62
202607,2026-07-01,99,1,86,35,15,35559.28
202607,2026-07-01,100,1,68,30,15,25047.12
202607,2026-07-01,1,2,67,20,15,13820.09
202607,2026-07-01,2,2,83,35,10,35570.48
202607,2026-07-01,3,2,34,25,15,12521.86
202607,2026-07-01,4,2,68,20,10,24955.32
202607,2026-07-01,5,2,44,20,18,23437.92
202607,2026-07-01,6,2,49,35,10,11134.27
202607,2026-07-01,7,2,29,35,10,5795.36
202607,2026-07-01,8,2,35,35,10,10838.8
202607,2026-07-01,9,2,77,25,10,8297.52
202607,2026-07-01,10,2,83,20,10,37545.05
202607,2026-07-01,11,2,56,25,18,29701.28
202607,2026-07-01,12,2,34,25,12,2382.72
202607,2026-07-01,13,2,44,20,10,6162.2
202607,2026-07-01,14,2,57,35,12,4976.1
202607,2026-07-01,15,2,59,20,12,24751.09
202607,2026-07-01,16,2,49,30,18,13021.26
202607,2026-07-01,17,2,68,35,15,4100.4
202607,2026-07-01,18,2,58,35,15,23745.78
202607,2026-07-01,19,2,44,20,10,10694.64
202607,2026-07-01,20,2,82,20,10,52003.58
202607,2026-07-01,21,2,63,30,15,25330.41
202607,2026-07-01,22,2,21,25,18,1736.49
202607,2026-07-01,23,2,60,20,18,37601.4
202607,2026-07-01,24,2,51,25,15,12942.78
202607,2026-07-01,25,2,67,20,10,32497.01
202607,2026-07-01,26,2,62,35,15,12230.74
202607,2026-07-01,27,2,51,25,15,17820.42
202607,2026-07-01,28,2,59,25,15,33666.58
202607,2026-07-01,29,2,33,20,10,2113.32
202607,2026-07-01,30,2,68,30,18,32447.56
202607,2026-07-01,31,2,44,30,15,4099.48
202607,2026-07-01,32,2,27,35,18,5234.22
202607,2026-07-01,33,2,59,25,15,34539.78
202607,2026-07-01,34,2,49,25,12,19431.93
202607,2026-07-01,35,2,52,25,10,13782.6
202607,2026-07-01,36,2,95,35,15,13032.1
202607,2026-07-01,37,2,41,25,10,11366.02
202607,2026-07-01,38,2,111,20,18,19221.87
202607,2026-07-01,39,2,57,30,18,15830.61
202607,2026-07-01,40,2,59,20,12,20465.33
202607,2026-07-01,41,2,100,30,10,15498.0
202607,2026-07-01,42,2,85,30,12,6825.5
202607,2026-07-01,43,2,84,25,15,23908.08
202607,2026-07-01,44,2,86,35,18,5358.66
202607,2026-07-01,45,2,56,30,12,7306.32
202607,2026-07-01,46,2,74,20,18,9052.42
202607,2026-07-01,47,2,83,30,18,44107.86
202607,2026-07-01,48,2,81,30,15,31285.44
202607,2026-07-01,49,2,70,25,12,42258.3
202607,2026-07-01,50,2,68,20,18,17411.4
202607,2026-07-01,51,2,67,30,15,6111.07
202607,2026-07-01,52,2,68,20,18,40141.08
202607,2026-07-01,53,2,94,20,15,41512.28
202607,2026-07-01,54,2,56,30,10,5582.64
202607,2026-07-01,55,2,112,20,12,39849.6
202607,2026-07-01,56,2,75,35,10,25551.0
202607,2026-07-01,57,2,66,25,15,30125.7
202607,2026-07-01,58,2,76,35,12,28373.84
202607,2026-07-01,59,2,79,20,10,8170.18
202607,2026-07-01,60,2,69,35,10,24183.12
202607,2026-07-01,61,2,48,35,18,22614.72
202607,2026-07-01,62,2,62,30,18,9169.18
202607,2026-07-01,63,2,91,35,10,29174.6
202607,2026-07-01,64,2,69,20,12,22694.1
202607,2026-07-01,65,2,61,20,15,19416.3
202607,2026-07-01,66,2,99,20,15,57574.44
202607,2026-07-01,67,2,100,30,15,12483.0
202607,2026-07-01,68,2,81,35,15,34646.94
202607,2026-07-01,69,2,72,35,12,28594.08
202607,2026-07-01,70,2,86,25,15,39400.9
202607,2026-07-01,71,2,33,25,15,12215.94
202607,2026-07-01,72,2,86,35,12,31520.72
202607,2026-07-01,73,2,61,35,18,16475.49
202607,2026-07-01,74,2,63,20,10,26403.3
202607,2026-07-01,75,2,76,35,15,13351.68
202607,2026-07-01,76,2,82,25,15,35880.74
202607,2026-07-01,77,2,77,25,10,7717.71
202607,2026-07-01,78,2,51,35,15,18613.47
202607,2026-07-01,79,2,78,20,15,16478.28
202607,2026-07-01,80,2,49,20,12,22300.39
202607,2026-07-01,81,2,82,35,10,18229.42
202607,2026-07-01,82,2,70,20,10,33159.7
202607,2026-07-01,83,2,103,30,18,42148.63
202607,2026-07-01,84,2,34,35,15,14798.5
202607,2026-07-01,85,2,22,20,15,4161.96
202607,2026-07-01,86,2,59,25,10,33745.05
202607,2026-07-01,87,2,58,30,15,26819.2
202607,2026-07-01,88,2,77,20,15,11938.08
202607,2026-07-01,89,2,88,35,12,12828.64
202607,2026-07-01,90,2,34,20,15,12213.82
202607,2026-07-01,91,2,69,35,12,31341.87
202607,2026-07-01,92,2,54,35,18,21975.84
202607,2026-07-01,93,2,74,20,18,24282.36
202607,2026-07-01,94,2,40,25,12,14264.4
202607,2026-07-01,95,2,43,30,10,7598.1
202607,2026-07-01,96,2,77,35,10,14208.81
202607,2026-07-01,97,2,58,20,15,22506.9
202607,2026-07-01,98,2,90,30,10,28888.2
202607,2026-07-01,99,2,88,35,12,36386.24
202607,2026-07-01,100,2,88,35,10,32413.92
202607,2026-07-01,1,3,51,20,18,10519.77
202607,2026-07-01,2,3,71,25,10,30427.76
202607,2026-07-01,3,3,43,20,12,15836.47
202607,2026-07-01,4,3,75,20,18,27524.25
202607,2026-07-01,5,3,45,30,12,23970.6
202607,2026-07-01,6,3,20,25,12,4544.6
202607,2026-07-01,7,3,36,25,12,7194.24
202607,2026-07-01,8,3,56,20,12,17342.08
202607,2026-07-01,9,3,74,30,18,7974.24
202607,2026-07-01,10,3,51,35,18,23069.85
202607,2026-07-01,11,3,70,25,15,37126.6
202607,2026-07-01,12,3,28,20,12,1962.24
202607,2026-07-01,13,3,61,30,18,8543.05
202607,2026-07-01,14,3,35,20,18,3055.5
202607,2026-07-01,15,3,33,25,18,13843.83
202607,2026-07-01,16,3,57,20,15,15147.18
202607,2026-07-01,17,3,79,20,12,4763.7
202607,2026-07-01,18,3,37,30,12,15148.17
202607,2026-07-01,19,3,32,35,18,7777.92
202607,2026-07-01,20,3,11,25,12,6976.09
202607,2026-07-01,21,3,63,25,15,25330.41
202607,2026-07-01,22,3,49,35,12,4051.81
202607,2026-07-01,23,3,44,35,15,27574.36
202607,2026-07-01,24,3,34,25,10,8628.52
202607,2026-07-01,25,3,50,30,12,24251.5
202607,2026-07-01,26,3,74,20,15,14597.98
202607,2026-07-01,27,3,23,25,10,8036.66
202607,2026-07-01,28,3,76,35,12,43367.12
202607,2026-07-01,29,3,55,35,15,3522.2
202607,2026-07-01,30,3,17,20,15,8111.89
202607,2026-07-01,31,3,81,35,10,7546.77
202607,2026-07-01,32,3,60,30,12,11631.6
202607,2026-07-01,33,3,43,30,10,25173.06
202607,2026-07-01,34,3,70,30,12,27759.9
202607,2026-07-01,35,3,74,30,12,19613.7
202607,2026-07-01,36,3,41,20,15,5624.38
202607,2026-07-01,37,3,66,30,18,18296.52
202607,2026-07-01,38,3,74,35,12,12814.58
202607,2026-07-01,39,3,56,35,15,15552.88
202607,2026-07-01,40,3,71,25,18,24627.77
202607,2026-07-01,41,3,75,25,18,11623.5
202607,2026-07-01,42,3,93,30,18,7467.9
202607,2026-07-01,43,3,78,25,12,22200.36
202607,2026-07-01,44,3,103,20,18,6417.93
202607,2026-07-01,45,3,65,20,12,8480.55
202607,2026-07-01,46,3,98,25,10,11988.34
202607,2026-07-01,47,3,45,25,15,23913.9
202607,2026-07-01,48,3,25,20,10,9656.0
202607,2026-07-01,49,3,74,20,12,44673.06
202607,2026-07-01,50,3,68,25,10,17411.4
202607,2026-07-01,51,3,61,20,10,5563.81
202607,2026-07-01,52,3,61,35,15,36008.91
202607,2026-07-01,53,3,54,25,15,23847.48
202607,2026-07-01,54,3,74,20,12,7377.06
202607,2026-07-01,55,3,75,30,18,26685.0
202607,2026-07-01,56,3,62,30,15,21122.16
202607,2026-07-01,57,3,95,20,12,43362.75
202607,2026-07-01,58,3,68,25,12,25387.12
202607,2026-07-01,59,3,59,25,12,6101.78
202607,2026-07-01,60,3,53,25,12,18575.44
202607,2026-07-01,61,3,74,20,18,34864.36
202607,2026-07-01,62,3,56,25,15,8281.84
202607,2026-07-01,63,3,114,35,10,36548.4
202607,2026-07-01,64,3,101,30,12,33218.9
202607,2026-07-01,65,3,96,20,12,30556.8
202607,2026-07-01,66,3,36,35,10,20936.16
202607,2026-07-01,67,3,78,30,18,9736.74
202607,2026-07-01,68,3,86,25,18,36785.64
202607,2026-07-01,69,3,97,25,10,38522.58
202607,2026-07-01,70,3,88,25,10,40317.2
202607,2026-07-01,71,3,87,35,12,32205.66
202607,2026-07-01,72,3,110,25,18,40317.2
202607,2026-07-01,73,3,81,20,10,21877.29
202607,2026-07-01,74,3,52,25,18,21793.2
202607,2026-07-01,75,3,96,20,15,16865.28
202607,2026-07-01,76,3,89,20,12,38943.73
202607,2026-07-01,77,3,55,20,18,5512.65
202607,2026-07-01,78,3,67,30,15,24452.99
202607,2026-07-01,79,3,96,25,10,20280.96
202607,2026-07-01,80,3,81,25,18,36863.91
202607,2026-07-01,81,3,75,30,18,16673.25
202607,2026-07-01,82,3,71,25,10,33633.41
202607,2026-07-01,83,3,29,20,12,11867.09
202607,2026-07-01,84,3,51,25,18,22197.75
202607,2026-07-01,85,3,80,20,15,15134.4
202607,2026-07-01,86,3,68,30,18,38892.6
202607,2026-07-01,87,3,43,25,15,19883.2
202607,2026-07-01,88,3,52,30,15,8062.08
202607,2026-07-01,89,3,62,30,10,9038.36
202607,2026-07-01,90,3,74,35,18,26583.02
202607,2026-07-01,91,3,75,20,10,34067.25
202607,2026-07-01,92,3,58,30,12,23603.68
202607,2026-07-01,93,3,75,30,15,24610.5
202607,2026-07-01,94,3,50,25,12,17830.5
202607,2026-07-01,95,3,69,30,10,12192.3
202607,2026-07-01,96,3,95,20,10,17530.35
202607,2026-07-01,97,3,82,25,12,31820.1
202607,2026-07-01,98,3,70,30,10,22468.6
202607,2026-07-01,99,3,40,25,15,16539.2
202607,2026-07-01,100,3,53,35,18,19522.02
202607,2026-07-01,1,4,63,25,15,12995.01
202607,2026-07-01,2,4,45,35,15,19285.2
202607,2026-07-01,3,4,39,25,18,14363.31
202607,2026-07-01,4,4,56,20,15,20551.44
202607,2026-07-01,5,4,45,35,15,23970.6
202607,2026-07-01,6,4,71,20,15,16133.33
202607,2026-07-01,7,4,71,25,12,14188.64
202607,2026-07-01,8,4,33,20,18,10219.44
202607,2026-07-01,9,4,54,20,18,5819.04
202607,2026-07-01,10,4,54,35,18,24426.9
202607,2026-07-01,11,4,68,35,10,36065.84
202607,2026-07-01,12,4,51,35,12,3574.08
202607,2026-07-01,13,4,54,25,10,7562.7
202607,2026-07-01,14,4,29,20,10,2531.7
202607,2026-07-01,15,4,74,35,10,31043.74
202607,2026-07-01,16,4,45,20,15,11958.3
202607,2026-07-01,17,4,100,30,12,6030.0
202607,2026-07-01,18,4,53,20,12,21698.73
202607,2026-07-01,19,4,57,35,12,13854.42
202607,2026-07-01,20,4,52,20,12,32977.88
202607,2026-07-01,21,4,22,30,10,8845.54
202607,2026-07-01,22,4,37,25,18,3059.53
202607,2026-07-01,23,4,53,35,10,33214.57
202607,2026-07-01,24,4,58,35,10,14719.24
202607,2026-07-01,25,4,69,25,18,33467.07
202607,2026-07-01,26,4,65,25,10,12822.55
202607,2026-07-01,27,4,76,35,10,26555.92
202607,2026-07-01,28,4,51,25,10,29101.62
202607,2026-07-01,29,4,64,20,15,4098.56
202607,2026-07-01,30,4,42,30,12,20041.14
202607,2026-07-01,31,4,63,20,18,5869.71
202607,2026-07-01,32,4,58,25,10,11243.88
202607,2026-07-01,33,4,54,35,12,31612.68
202607,2026-07-01,34,4,77,30,18,30535.89
202607,2026-07-01,35,4,70,30,12,18553.5
202607,2026-07-01,36,4,19,30,18,2606.42
202607,2026-07-01,37,4,74,30,18,20514.28
202607,2026-07-01,38,4,48,25,12,8312.16
202607,2026-07-01,39,4,57,30,15,15830.61
202607,2026-07-01,40,4,54,20,18,18730.98
202607,2026-07-01,41,4,88,30,12,13638.24
202607,2026-07-01,42,4,73,20,15,5861.9
202607,2026-07-01,43,4,69,25,18,19638.78
202607,2026-07-01,44,4,82,35,10,5109.42
202607,2026-07-01,45,4,82,25,10,10698.54
202607,2026-07-01,46,4,87,35,12,10642.71
202607,2026-07-01,47,4,74,20,15,39325.08
202607,2026-07-01,48,4,80,35,10,30899.2
202607,2026-07-01,49,4,75,25,15,45276.75
202607,2026-07-01,50,4,97,30,10,24836.85
202607,2026-07-01,51,4,57,20,18,5198.97
202607,2026-07-01,52,4,80,30,15,47224.8
202607,2026-07-01,53,4,54,30,18,23847.48
202607,2026-07-01,54,4,65,30,18,6479.85
202607,2026-07-01,55,4,82,20,18,29175.6
202607,2026-07-01,56,4,66,30,15,22484.88
202607,2026-07-01,57,4,98,25,10,44732.1
202607,2026-07-01,58,4,62,30,15,23147.08
202607,2026-07-01,59,4,89,20,15,9204.38
202607,2026-07-01,60,4,90,20,15,31543.2
202607,2026-07-01,61,4,35,30,18,16489.9
202607,2026-07-01,62,4,60,35,15,8873.4
202607,2026-07-01,63,4,19,20,12,6091.4
202607,2026-07-01,64,4,45,20,10,14800.5
202607,2026-07-01,65,4,89,35,18,28328.7
202607,2026-07-01,66,4,57,30,12,33148.92
202607,2026-07-01,67,4,88,20,10,10985.04
202607,2026-07-01,68,4,69,20,12,29514.06
202607,2026-07-01,69,4,79,30,10,31374.06
202607,2026-07-01,70,4,115,30,10,52687.25
202607,2026-07-01,71,4,54,30,10,19989.72
202607,2026-07-01,72,4,87,35,18,31887.24
202607,2026-07-01,73,4,44,20,10,11883.96
202607,2026-07-01,74,4,69,30,15,28917.9
202607,2026-07-01,75,4,58,35,15,10189.44
202607,2026-07-01,76,4,55,30,15,24066.35
202607,2026-07-01,77,4,67,20,10,6715.41
202607,2026-07-01,78,4,72,20,10,26277.84
202607,2026-07-01,79,4,50,30,10,10563.0
202607,2026-07-01,80,4,49,20,15,22300.39
202607,2026-07-01,81,4,59,35,15,13116.29
202607,2026-07-01,82,4,100,30,15,47371.0
202607,2026-07-01,83,4,76,35,18,31099.96
202607,2026-07-01,84,4,79,25,15,34384.75
202607,2026-07-01,85,4,86,35,15,16269.48
202607,2026-07-01,86,4,63,25,15,36032.85
202607,2026-07-01,87,4,56,35,10,25894.4
202607,2026-07-01,88,4,94,30,12,14573.76
202607,2026-07-01,89,4,58,30,18,8455.24
202607,2026-07-01,90,4,77,35,12,27660.71
202607,2026-07-01,91,4,76,30,18,34521.48
202607,2026-07-01,92,4,87,35,10,35405.52
202607,2026-07-01,93,4,74,20,12,24282.36
202607,2026-07-01,94,4,43,20,18,15334.23
202607,2026-07-01,95,4,85,30,10,15019.5
202607,2026-07-01,96,4,89,20,10,16423.17
202607,2026-07-01,97,4,62,25,10,24059.1
202607,2026-07-01,98,4,104,35,15,33381.92
202607,2026-07-01,99,4,118,25,15,48790.64
202607,2026-07-01,100,4,78,20,10,28730.52
202607,2026-07-01,1,5,29,30,15,5981.83
202607,2026-07-01,2,5,66,20,15,28284.96
202607,2026-07-01,3,5,50,25,10,18414.5
202607,2026-07-01,4,5,29,30,10,10642.71
202607,2026-07-01,5,5,58,35,10,30895.44
202607,2026-07-01,6,5,28,35,15,6362.44
202607,2026-07-01,7,5,49,20,18,9792.16
202607,2026-07-01,8,5,52,30,18,16103.36
202607,2026-07-01,9,5,69,35,18,7435.44
202607,2026-07-01,10,5,30,25,10,13570.5
202607,2026-07-01,11,5,62,20,12,32883.56
202607,2026-07-01,12,5,53,25,12,3714.24
202607,2026-07-01,13,5,22,20,18,3081.1
202607,2026-07-01,14,5,7,35,18,611.1
202607,2026-07-01,15,5,87,20,12,36497.37
202607,2026-07-01,16,5,17,30,15,4517.58
202607,2026-07-01,17,5,69,35,10,4160.7
202607,2026-07-01,18,5,76,35,15,31115.16
202607,2026-07-01,19,5,34,30,15,8264.04
202607,2026-07-01,20,5,46,35,18,29172.74
202607,2026-07-01,21,5,61,30,15,24526.27
202607,2026-07-01,22,5,60,25,15,4961.4
202607,2026-07-01,23,5,60,30,10,37601.4
202607,2026-07-01,24,5,81,25,12,20556.18
202607,2026-07-01,25,5,44,20,10,21341.32
202607,2026-07-01,26,5,53,25,18,10455.31
202607,2026-07-01,27,5,53,25,15,18519.26
202607,2026-07-01,28,5,57,30,18,32525.34
202607,2026-07-01,29,5,47,25,18,3009.88
202607,2026-07-01,30,5,56,30,10,26721.52
202607,2026-07-01,31,5,72,30,15,6708.24
202607,2026-07-01,32,5,61,30,10,11825.46
202607,2026-07-01,33,5,61,20,15,35710.62
202607,2026-07-01,34,5,57,35,15,22604.49
202607,2026-07-01,35,5,65,30,18,17228.25
202607,2026-07-01,36,5,53,25,12,7270.54
202607,2026-07-01,37,5,61,30,18,16910.42
202607,2026-07-01,38,5,38,20,18,6580.46
202607,2026-07-01,39,5,31,25,18,8609.63
202607,2026-07-01,40,5,73,35,18,25321.51
202607,2026-07-01,41,5,66,35,15,10228.68
202607,2026-07-01,42,5,67,35,12,5380.1
202607,2026-07-01,43,5,59,35,10,16792.58
202607,2026-07-01,44,5,97,30,12,6044.07
202607,2026-07-01,45,5,97,30,12,12655.59
202607,2026-07-01,46,5,72,30,10,8807.76
202607,2026-07-01,47,5,100,20,18,53142.0
202607,2026-07-01,48,5,110,20,18,42486.4
202607,2026-07-01,49,5,78,25,18,47087.82
202607,2026-07-01,50,5,51,30,18,13058.55
202607,2026-07-01,51,5,55,35,18,5016.55
202607,2026-07-01,52,5,61,35,18,36008.91
202607,2026-07-01,53,5,91,35,10,40187.42
202607,2026-07-01,54,5,51,20,10,5084.19
202607,2026-07-01,55,5,71,25,15,25261.8
202607,2026-07-01,56,5,92,25,18,31342.56
202607,2026-07-01,57,5,60,30,12,27387.0
202607,2026-07-01,58,5,72,30,12,26880.48
202607,2026-07-01,59,5,85,20,18,8790.7
202607,2026-07-01,60,5,55,35,18,19276.4
202607,2026-07-01,61,5,67,20,15,31566.38
202607,2026-07-01,62,5,45,35,18,6655.05
202607,2026-07-01,63,5,95,30,10,30457.0
202607,2026-07-01,64,5,60,20,15,19734.0
202607,2026-07-01,65,5,73,35,12,23235.9
202607,2026-07-01,66,5,57,35,18,33148.92
202607,2026-07-01,67,5,113,20,15,14105.79
202607,2026-07-01,68,5,81,30,18,34646.94
202607,2026-07-01,69,5,83,35,18,32962.62
202607,2026-07-01,70,5,87,20,15,39859.05
202607,2026-07-01,71,5,69,20,15,25542.42
202607,2026-07-01,72,5,28,35,18,10262.56
202607,2026-07-01,73,5,58,20,12,15665.22
202607,2026-07-01,74,5,61,30,10,25565.1
202607,2026-07-01,75,5,76,20,15,13351.68
202607,2026-07-01,76,5,92,30,15,40256.44
202607,2026-07-01,77,5,94,30,15,9421.62
202607,2026-07-01,78,5,74,20,15,27007.78
202607,2026-07-01,79,5,43,35,15,9084.18
202607,2026-07-01,80,5,92,25,15,41870.12
202607,2026-07-01,81,5,74,35,12,16450.94
202607,2026-07-01,82,5,83,35,15,39317.93
202607,2026-07-01,83,5,97,30,15,39693.37
202607,2026-07-01,84,5,68,30,15,29597.0
202607,2026-07-01,85,5,62,30,18,11729.16
202607,2026-07-01,86,5,73,35,18,41752.35
202607,2026-07-01,87,5,110,25,12,50864.0
202607,2026-07-01,88,5,75,30,15,11628.0
202607,2026-07-01,89,5,84,25,10,12245.52
202607,2026-07-01,90,5,38,30,10,13650.74
202607,2026-07-01,91,5,42,30,12,19077.66
202607,2026-07-01,92,5,28,20,18,11394.88
202607,2026-07-01,93,5,71,25,18,23297.94
202607,2026-07-01,94,5,63,35,12,22466.43
202607,2026-07-01,95,5,64,25,18,11308.8
202607,2026-07-01,96,5,114,35,15,21036.42
202607,2026-07-01,97,5,47,35,10,18238.35
202607,2026-07-01,98,5,87,30,12,27925.26
202607,2026-07-01,99,5,71,35,18,29357.08
202607,2026-07-01,100,5,79,20,12,29098.86
202607,2026-07-01,1,6,70,35,18,14438.9
202607,2026-07-01,2,6,53,20,12,22713.68
202607,2026-07-01,3,6,74,35,18,27253.46
202607,2026-07-01,4,6,57,30,15,20918.43
202607,2026-07-01,5,6,34,25,15,18111.12
202607,2026-07-01,6,6,58,25,15,13179.34
202607,2026-07-01,7,6,65,20,10,12989.6
202607,2026-07-01,8,6,46,35,18,14245.28
202607,2026-07-01,9,6,71,20,18,7650.96
202607,2026-07-01,10,6,67,30,12,30307.45
202607,2026-07-01,11,6,34,35,18,18032.92
202607,2026-07-01,12,6,44,35,15,3083.52
202607,2026-07-01,13,6,46,25,15,6442.3
202607,2026-07-01,14,6,25,35,10,2182.5
202607,2026-07-01,15,6,61,35,15,25590.11
202607,2026-07-01,16,6,39,20,10,10363.86
202607,2026-07-01,17,6,36,35,12,2170.8
202607,2026-07-01,18,6,41,35,15,16785.81
202607,2026-07-01,19,6,82,20,18,19930.92
202607,2026-07-01,20,6,70,25,15,44393.3
202607,2026-07-01,21,6,64,25,15,25732.48
202607,2026-07-01,22,6,42,20,10,3472.98
202607,2026-07-01,23,6,52,35,10,32587.88
202607,2026-07-01,24,6,71,30,18,18018.38
202607,2026-07-01,25,6,54,35,10,26191.62
202607,2026-07-01,26,6,17,35,12,3353.59
202607,2026-07-01,27,6,51,25,10,17820.42
202607,2026-07-01,28,6,36,35,10,20542.32
202607,2026-07-01,29,6,48,20,10,3073.92
202607,2026-07-01,30,6,71,25,12,33879.07
202607,2026-07-01,31,6,22,30,10,2049.74
202607,2026-07-01,32,6,44,25,12,8529.84
202607,2026-07-01,33,6,44,35,15,25758.48
202607,2026-07-01,34,6,47,25,12,18638.79
202607,2026-07-01,35,6,50,35,12,13252.5
202607,2026-07-01,36,6,57,30,15,7819.26
202607,2026-07-01,37,6,73,20,10,20237.06
202607,2026-07-01,38,6,59,20,18,10217.03
202607,2026-07-01,39,6,36,30,10,9998.28
202607,2026-07-01,40,6,62,20,12,21505.94
202607,2026-07-01,41,6,78,30,18,12088.44
202607,2026-07-01,42,6,58,30,10,4657.4
202607,2026-07-01,43,6,90,25,10,25615.8
202607,2026-07-01,44,6,45,20,12,2803.95
202607,2026-07-01,45,6,86,35,10,11220.42
202607,2026-07-01,46,6,73,30,18,8930.09
202607,2026-07-01,47,6,90,30,15,47827.8
202607,2026-07-01,48,6,65,20,10,25105.6
202607,2026-07-01,49,6,77,25,10,46484.13
202607,2026-07-01,50,6,42,25,12,10754.1
202607,2026-07-01,51,6,59,20,15,5381.39
202607,2026-07-01,52,6,66,35,18,38960.46
202607,2026-07-01,53,6,46,35,15,20314.52
202607,2026-07-01,54,6,74,25,12,7377.06
202607,2026-07-01,55,6,90,30,12,32022.0
202607,2026-07-01,56,6,103,25,18,35090.04
202607,2026-07-01,57,6,43,30,15,19627.35
202607,2026-07-01,58,6,83,25,15,30987.22
202607,2026-07-01,59,6,45,35,12,4653.9
202607,2026-07-01,60,6,64,35,18,22430.72
202607,2026-07-01,61,6,70,25,15,32979.8
202607,2026-07-01,62,6,76,30,10,11239.64
202607,2026-07-01,63,6,74,25,10,23724.4
202607,2026-07-01,64,6,67,25,18,22036.3
202607,2026-07-01,65,6,52,35,12,16551.6
202607,2026-07-01,66,6,74,20,18,43035.44
202607,2026-07-01,67,6,63,25,10,7864.29
202607,2026-07-01,68,6,90,35,12,38496.6
202607,2026-07-01,69,6,73,30,10,28991.22
202607,2026-07-01,70,6,64,30,15,29321.6
202607,2026-07-01,71,6,101,25,12,37388.18
202607,2026-07-01,72,6,83,35,18,30421.16
202607,2026-07-01,73,6,93,25,15,25118.37
202607,2026-07-01,74,6,78,30,12,32689.8
202607,2026-07-01,75,6,27,35,12,4743.36
202607,2026-07-01,76,6,61,35,18,26691.77
202607,2026-07-01,77,6,101,35,12,10123.23
202607,2026-07-01,78,6,58,30,10,21168.26
202607,2026-07-01,79,6,78,25,18,16478.28
202607,2026-07-01,80,6,76,35,12,34588.36
202607,2026-07-01,81,6,91,35,18,20230.21
202607,2026-07-01,82,6,103,30,18,48792.13
202607,2026-07-01,83,6,59,35,10,24143.39
202607,2026-07-01,84,6,76,20,15,33079.0
202607,2026-07-01,85,6,77,20,18,14566.86
202607,2026-07-01,86,6,39,35,12,22306.05
202607,2026-07-01,87,6,92,35,18,42540.8
202607,2026-07-01,88,6,64,30,12,9922.56
202607,2026-07-01,89,6,70,30,10,10204.6
202607,2026-07-01,90,6,101,30,18,36282.23
202607,2026-07-01,91,6,41,25,10,18623.43
202607,2026-07-01,92,6,34,20,12,13836.64
202607,2026-07-01,93,6,64,20,15,21000.96
202607,2026-07-01,94,6,33,20,15,11768.13
202607,2026-07-01,95,6,114,20,10,20143.8
202607,2026-07-01,96,6,64,35,10,11809.92
202607,2026-07-01,97,6,47,20,12,18238.35
202607,2026-07-01,98,6,82,30,12,26320.36
202607,2026-07-01,99,6,67,25,18,27703.16
202607,2026-07-01,100,6,66,20,12,24310.44
